-- phpMyAdmin SQL Dump
-- version 4.6.5.2
-- https://www.phpmyadmin.net/
--
-- Servidor: 127.0.0.1
-- Tiempo de generación: 24-10-2018 a las 03:56:13
-- Versión del servidor: 10.1.21-MariaDB
-- Versión de PHP: 5.6.30

SET SQL_MODE = "NO_AUTO_VALUE_ON_ZERO";
SET time_zone = "+00:00";


/*!40101 SET @OLD_CHARACTER_SET_CLIENT=@@CHARACTER_SET_CLIENT */;
/*!40101 SET @OLD_CHARACTER_SET_RESULTS=@@CHARACTER_SET_RESULTS */;
/*!40101 SET @OLD_COLLATION_CONNECTION=@@COLLATION_CONNECTION */;
/*!40101 SET NAMES utf8mb4 */;

--
-- Base de datos: `instateccr_prod`
--

-- --------------------------------------------------------

--
-- Estructura de tabla para la tabla `canton`
--

CREATE TABLE `canton` (
  `canton_id` int(11) NOT NULL,
  `provincia_id` int(11) NOT NULL,
  `canton_id_provincia` int(11) NOT NULL,
  `canton` varchar(40) COLLATE utf8_spanish_ci NOT NULL
) ENGINE=InnoDB DEFAULT CHARSET=utf8 COLLATE=utf8_spanish_ci;

--
-- Volcado de datos para la tabla `canton`
--

INSERT INTO `canton` (`canton_id`, `provincia_id`, `canton_id_provincia`, `canton`) VALUES
(1, 1, 1, 'San José'),
(2, 1, 2, 'Escazú'),
(3, 1, 3, 'Desamparados'),
(4, 1, 4, 'Puriscal'),
(5, 1, 5, 'Tarrazú'),
(6, 1, 6, 'Aserrí'),
(7, 1, 7, 'Mora'),
(8, 1, 8, 'Goicoechea'),
(9, 1, 9, 'Santa Ana'),
(10, 1, 10, 'Alajuelita'),
(11, 1, 11, 'Vásquez de Coronado'),
(12, 1, 12, 'Acosta'),
(13, 1, 13, 'Tibás'),
(14, 1, 14, 'Moravia'),
(15, 1, 15, 'Montes de Oca'),
(16, 1, 16, 'Turrubares'),
(17, 1, 17, 'Dota'),
(18, 1, 18, 'Curridabat'),
(19, 1, 19, 'Pérez Zeledón'),
(20, 1, 20, 'León Cortés'),
(21, 2, 1, 'Alajuela'),
(22, 2, 2, 'San Ramón'),
(23, 2, 3, 'Grecia'),
(24, 2, 4, 'San Mateo'),
(25, 2, 5, 'Atenas'),
(26, 2, 6, 'Naranjo'),
(27, 2, 7, 'Palmares'),
(28, 2, 8, 'Poás'),
(29, 2, 9, 'Orotina'),
(30, 2, 10, 'San Carlos'),
(31, 2, 11, 'Zarcero'),
(32, 2, 12, 'Valverde Vega'),
(33, 2, 13, 'Upala'),
(34, 2, 14, 'Los Chiles'),
(35, 2, 15, 'Guatuso'),
(36, 2, 16, 'Río Cuarto'),
(37, 3, 1, 'Cartago'),
(38, 3, 2, 'Paraíso'),
(39, 3, 3, 'La Unión'),
(40, 3, 4, 'Jiménez'),
(41, 3, 5, 'Turrialba'),
(42, 3, 6, 'Alvarado'),
(43, 3, 7, 'Oreamuno'),
(44, 3, 8, 'El Guarco'),
(45, 4, 1, 'Heredia'),
(46, 4, 2, 'Barva'),
(47, 4, 3, 'Santo Domingo'),
(48, 4, 4, 'Santa Bárbara'),
(49, 4, 5, 'San Rafael'),
(50, 4, 6, 'San Isidro'),
(51, 4, 7, 'Belén'),
(52, 4, 8, 'Flores'),
(53, 4, 9, 'San Pablo'),
(54, 4, 10, 'Sarapiquí'),
(55, 5, 1, 'Liberia'),
(56, 5, 2, 'Nicoya'),
(57, 5, 3, 'Santa Cruz'),
(58, 5, 4, 'Bagaces'),
(59, 5, 5, 'Carrillo'),
(60, 5, 6, 'Cañas'),
(61, 5, 7, 'Abangares'),
(62, 5, 8, 'Tilarán'),
(63, 5, 9, 'Nandayure'),
(64, 5, 10, 'La Cruz'),
(65, 5, 11, 'Hojancha'),
(66, 6, 1, 'Puntarenas'),
(67, 6, 2, 'Esparza'),
(68, 6, 3, 'Buenos Aires'),
(69, 6, 4, 'Montes de Oro'),
(70, 6, 5, 'Osa'),
(71, 6, 6, 'Quepos'),
(72, 6, 7, 'Golfito'),
(73, 6, 8, 'Coto Brus'),
(74, 6, 9, 'Parrita'),
(75, 6, 10, 'Corredores'),
(76, 6, 11, 'Garabito'),
(77, 7, 1, 'Limón'),
(78, 7, 2, 'Pococí'),
(79, 7, 3, 'Siquirres'),
(80, 7, 4, 'Talamanca'),
(81, 7, 5, 'Matina'),
(82, 7, 6, 'Guácimo');

-- --------------------------------------------------------

--
-- Estructura de tabla para la tabla `cliente`
--

CREATE TABLE `cliente` (
  `cliente_id` int(11) NOT NULL,
  `usuario_id` int(11) NOT NULL,
  `fecha_registro` datetime NOT NULL,
  `nombre_cliente` varchar(100) COLLATE utf8_spanish_ci NOT NULL,
  `cedula_cliente` varchar(100) COLLATE utf8_spanish_ci NOT NULL,
  `cliente_calificacion_id` int(1) NOT NULL,
  `comentario` text COLLATE utf8_spanish_ci NOT NULL,
  `estado_cliente` int(11) NOT NULL COMMENT '0 para inactivo, 1 para activo'
) ENGINE=InnoDB DEFAULT CHARSET=utf8 COLLATE=utf8_spanish_ci;

--
-- Volcado de datos para la tabla `cliente`
--

INSERT INTO `cliente` (`cliente_id`, `usuario_id`, `fecha_registro`, `nombre_cliente`, `cedula_cliente`, `cliente_calificacion_id`, `comentario`, `estado_cliente`) VALUES
(1, 1, '2017-12-07 07:33:46', 'Edica Ltda', '3101005810', 0, '', 1),
(2, 1, '2017-12-07 07:33:59', 'Cliente 2', '321654987', 0, '', 0),
(3, 1, '2017-12-07 07:34:33', 'Cliente 3', '987654321', 0, '', 0),
(4, 1, '2017-12-07 07:34:54', 'BILCO COSTA RICA ', '3-101-595426', 0, '', 1),
(5, 1, '2017-12-09 03:18:47', 'ALUMIMUNDO SA', '3-101-086859', 0, '', 1),
(6, 1, '2017-12-09 08:24:07', 'Cliente 6', '23432', 0, '', 0),
(7, 1, '2017-12-09 08:24:12', 'ARISTA DE CR', '3-101-129926', 0, '', 0),
(8, 1, '2017-12-09 08:24:17', 'BT CONSULTING AND SERVICES SA', '3-101-277443', 0, '', 0),
(9, 1, '2017-12-09 08:24:25', 'Cliente 9', '', 0, '', 0),
(10, 1, '2017-12-09 08:24:31', 'ESCALA', '', 0, '', 1),
(11, 1, '2017-12-09 08:24:36', 'Edificar S.A', '', 0, '', 1),
(12, 1, '2017-12-09 08:24:42', 'Cliente 12', '', 0, '', 0),
(13, 1, '2017-12-17 06:02:59', 'Cliente 13', '568798654', 0, '', 1),
(14, 1, '2017-12-29 00:58:24', 'Cliente 14', '65465461', 0, '', 1),
(15, 1, '2018-01-12 03:30:09', 'Proycon', '3-101 2', 0, '', 1),
(16, 1, '2018-04-27 14:55:51', 'Volio y Trejos Asociados', '3-101-058988-25', 0, '', 1);

-- --------------------------------------------------------

--
-- Estructura de tabla para la tabla `cliente_calificacion`
--

CREATE TABLE `cliente_calificacion` (
  `cliente_calificacion_id` int(11) NOT NULL,
  `cliente_calificacion` varchar(20) COLLATE utf8_spanish_ci NOT NULL
) ENGINE=InnoDB DEFAULT CHARSET=utf8 COLLATE=utf8_spanish_ci;

-- --------------------------------------------------------

--
-- Estructura de tabla para la tabla `cliente_correo`
--

CREATE TABLE `cliente_correo` (
  `cliente_correo_id` int(11) NOT NULL,
  `cliente_id` int(11) NOT NULL,
  `correo_cliente` varchar(100) COLLATE utf8_spanish_ci NOT NULL
) ENGINE=InnoDB DEFAULT CHARSET=utf8 COLLATE=utf8_spanish_ci;

--
-- Volcado de datos para la tabla `cliente_correo`
--

INSERT INTO `cliente_correo` (`cliente_correo_id`, `cliente_id`, `correo_cliente`) VALUES
(1, 2, 'keylor@orbelink.com'),
(18, 13, 'cliente13@gmail.com'),
(19, 13, 'cliente13@hotmail.com'),
(25, 15, 'info@proycon.com'),
(26, 3, 'khmg13@gmail.com'),
(27, 3, 'khmg13@hotmail.es'),
(28, 1, 'contactus@edica.co.cr'),
(29, 4, 'cliente4@cliente.net'),
(32, 5, 'prueba@cliente.com'),
(34, 11, 'edificaronline@.com');

-- --------------------------------------------------------

--
-- Estructura de tabla para la tabla `cliente_telefono`
--

CREATE TABLE `cliente_telefono` (
  `cliente_telefono_id` int(11) NOT NULL,
  `cliente_id` int(11) NOT NULL,
  `telefono_cliente` varchar(30) COLLATE utf8_spanish_ci NOT NULL
) ENGINE=InnoDB DEFAULT CHARSET=utf8 COLLATE=utf8_spanish_ci;

--
-- Volcado de datos para la tabla `cliente_telefono`
--

INSERT INTO `cliente_telefono` (`cliente_telefono_id`, `cliente_id`, `telefono_cliente`) VALUES
(17, 13, '88888888'),
(18, 13, '99999999'),
(25, 15, '25431600'),
(26, 3, '22345360'),
(27, 3, '22539150'),
(28, 1, '2222-4511'),
(29, 1, '20107000'),
(30, 4, '2288-5150'),
(34, 7, '2288-1304'),
(35, 5, '2232-8666'),
(36, 8, '2508-3208');

-- --------------------------------------------------------

--
-- Estructura de tabla para la tabla `colaborador`
--

CREATE TABLE `colaborador` (
  `colaborador_id` int(11) NOT NULL,
  `colaborador_puesto_id` int(11) NOT NULL,
  `estado` int(11) NOT NULL COMMENT '1 = activo, 0 = inactivo',
  `fecha_registro` datetime NOT NULL,
  `nombre` varchar(50) COLLATE utf8_spanish_ci NOT NULL,
  `apellidos` varchar(50) COLLATE utf8_spanish_ci NOT NULL,
  `alias` varchar(150) COLLATE utf8_spanish_ci NOT NULL,
  `correo_electronico` varchar(100) COLLATE utf8_spanish_ci NOT NULL,
  `cedula` varchar(25) COLLATE utf8_spanish_ci NOT NULL,
  `seguro_social` varchar(50) COLLATE utf8_spanish_ci NOT NULL,
  `identificador_interno` varchar(50) COLLATE utf8_spanish_ci NOT NULL,
  `telefono` varchar(20) COLLATE utf8_spanish_ci NOT NULL,
  `comentario` text COLLATE utf8_spanish_ci NOT NULL,
  `estado_row` int(11) NOT NULL COMMENT 'Para marcar cuando se elimina un registro'
) ENGINE=InnoDB DEFAULT CHARSET=utf8 COLLATE=utf8_spanish_ci ROW_FORMAT=COMPACT;

--
-- Volcado de datos para la tabla `colaborador`
--

INSERT INTO `colaborador` (`colaborador_id`, `colaborador_puesto_id`, `estado`, `fecha_registro`, `nombre`, `apellidos`, `alias`, `correo_electronico`, `cedula`, `seguro_social`, `identificador_interno`, `telefono`, `comentario`, `estado_row`) VALUES
(1, 1, 1, '0000-00-00 00:00:00', 'Fabiola', 'Chaves', '', 'fabiola@instateccr.com', '356695566', '4564', '2155', '', '', 0),
(2, 1, 1, '0000-00-00 00:00:00', 'Asistente', 'Instatec', '', 'asistente1@instateccr.com', '', '', '', '', '', 0),
(3, 1, 1, '0000-00-00 00:00:00', 'Asistente 2', 'Instatec', '', 'asistente2@instateccr.com', '', '', '', '', '', 0),
(4, 1, 1, '0000-00-00 00:00:00', 'Asistente 3', 'Instatec', '', 'asistente34@instateccr.com', '', '', '', '', '', 0),
(5, 1, 1, '0000-00-00 00:00:00', 'Keylor Humberto', 'Mora Garro', '', 'keylor@orbelink.com', '', '', '', '', '', 0),
(6, 2, 1, '2018-02-06 06:08:30', 'Carlos', 'Mora', '', 'carlos@instateccr.com', '302550556', '75345345', '10', '6516516', '', 0),
(7, 3, 1, '2018-02-06 06:10:21', 'Rosa', 'Mora', '', 'rosa@instateccr.com', '265498465', '546546', '23', '6516516', '', 0),
(10, 1, 1, '2018-02-06 06:45:59', 'Yerson', 'Mora', '', 'yerson@instateccr.com', '651651651', '45345', '45', '5465484', '', 0),
(11, 1, 1, '2018-02-06 07:06:40', 'Milady', 'Garro', '', 'milady@instateccr.com', '5465498', '2131654', '32', '561321654', '', 0),
(12, 1, 1, '2018-02-07 07:43:17', 'Milady', 'Garro', '', 'milady@instateccr.com', '329515', '2126', '3656', '6546516', '', 0),
(13, 1, 1, '2018-02-07 07:48:17', 'Milady', 'Garro', '', 'milady@instateccr.com', '', '', '', '', '', 0),
(14, 1, 1, '2018-02-10 18:53:07', 'Meilyn', 'Garro', '', 'mgarro@instateccr.com', '151616556', '65165', '15', '', '', 0),
(15, 3, 1, '2018-02-12 02:03:30', 'David', 'Araya', '', 'david@correo.com', '8979849', '15351654', '564988498', '6549848', '', 0),
(16, 2, 1, '2018-02-12 02:09:21', 'David', 'Araya', '', 'david@correo.com', '645456', '123', '125', '65465467', '', 0),
(17, 1, 1, '2018-02-13 06:51:11', 'Luis', 'Vargas', '', 'luis.vargas@instatec.com', '64651659', '45615651', '2156', '51651659', '', 0),
(18, 1, 1, '2018-02-16 20:30:53', 'Jose', 'Campos', '', 'josec@instatec.com', '15616516', '123165496', '123', '1565648979', '', 0),
(19, 2, 1, '2018-02-16 20:35:16', 'Pablo ', 'Perez', '', 'pablo@instatec.com', '4654689', '5987654', '5566', '65468974', '', 0),
(20, 1, 1, '2018-04-05 18:54:41', 'Jose', 'Perez', '', 'josep@instateccr.com', '22312231', '12312321', '121', '', '', 0),
(21, 2, 0, '2018-04-05 18:57:55', 'Carlos', 'Chanto', '', 'cchanto@instateccr.com', '3098093280|', '23131654', '3216548', '546546654', '', 1),
(22, 1, 1, '2018-04-07 17:18:39', 'Auxiliadora ', 'Cervantes Calderón ', '', 'auxiliadora@instateccr.com', '304160478', '000001', '2000', '88896060', '', 0),
(23, 1, 1, '2018-04-13 12:48:43', 'MÓNICA', 'QUESADA VARGAS', '', 'moni_q25@hotmail.com', '115290615', '0003', 'Moni', '83447226', '', 1),
(24, 1, 1, '2018-04-13 14:55:52', 'EDWARD', 'LOAIZA SOTO', '', 'loaizasotoe@gmail.com', '3-01010101', '23232323', 'CUAJI', '', '', 1),
(25, 1, 1, '2018-04-13 18:04:02', 'ROLANDO ', 'LOAIZA SOTO', '', 'rolando@instateccr.com', '3-000-0000', '22222', 'ROLO', '85106565', '', 1),
(26, 2, 1, '2018-04-13 18:48:03', 'David', 'Robleto Martinez', '', '', '125566884666', '2563', 'Robleto', '', '', 1),
(27, 2, 1, '2018-04-16 10:40:07', 'ALEJANDRO ANTONIO ', 'LOPEZ', '', '', 'MARIN', '000', 'C01626932', '', '', 0),
(28, 2, 1, '2018-04-16 10:49:37', 'CARLOS HUMBERTO ', 'VINDAS VALVERDE', '', '', '111050957', '111050957', 'O.02', '', '', 1),
(29, 2, 1, '2018-04-16 10:55:58', 'DAVID ALEXANDER', 'SUAREZ', '', '', '155821409016', '1910103480', 'O.01', '', '', 1),
(30, 2, 1, '2018-04-16 10:57:29', 'DOMINGO ', 'PORRAS GARCIA', '', '', '15582334223', '1940095134', 'O.03', '', '', 1),
(31, 2, 1, '2018-04-16 11:01:06', 'JORGE LISSANDRO ', 'MUNGIA MACHADO', '', '', '155821371911', '19210872', 'O.04', '', '', 1),
(32, 2, 1, '2018-04-16 11:03:21', 'JOSE ADAM ', 'MINGIA MACHADO', '', '', 'C01134264', '000', 'O.05', '', '', 1),
(33, 2, 1, '2018-04-16 11:04:56', 'LUIS NAPOLEON ', 'CROVETTO CRUZ', '', '', 'C02167650', '000', 'O.06', '', '', 1),
(34, 1, 1, '2018-04-26 21:45:37', 'RONNY', 'LOAIZA SOTO', '', 'rony@instateccr.com', '701910530', '2150', 'Nirro', '88034412', '', 1),
(35, 2, 1, '2018-05-08 14:20:47', 'DARWIN JOEL ', 'PARRALES RAMIREZ', '', '', '155826146116', '1930101481', 'O.07', '72703062', '', 1),
(36, 2, 1, '2018-05-08 14:22:25', 'GAEL EDGAR ', 'REYES ', '', '', 'INGRANT', '1940096384', 'O.07', '', '', 1),
(37, 2, 1, '2018-05-08 14:23:58', 'CARLOS ALBERTO', 'COREA GUTIERREZ', '', '', 'C02260734', '000', 'O.08', '', '', 1),
(38, 2, 1, '2018-05-08 14:25:29', 'JORGE ALBERTO', 'HERRERA JARQUIN', '', '', 'C01835757', '0000', 'O.09', '', '', 1),
(39, 2, 1, '2018-05-08 14:26:38', 'DAVID', 'CHAVEZ MOYA', '', '', 'C01722794', '00', 'O.09', '', '', 1),
(40, 2, 1, '2018-05-08 14:27:39', 'NELSON', 'CHAVARRIA PAIZ', '', '', 'C01813610', '000', 'O.10', '', '', 1),
(41, 2, 1, '2018-05-08 14:29:13', 'JORGE LUIS', 'SANCHEZ MENDOZA', '', '', 'C01694279', '000', 'O.11', '', '', 1),
(42, 3, 1, '2018-05-10 09:16:47', 'DELVI VICTOR', 'SUAREZ PERALTA', '', '', 'C01326384', '16728344', 'A.01', '', '', 1),
(43, 3, 1, '2018-05-10 09:18:59', 'ORLANDO JOSE', 'OBANDO CANTILLO', '', '', 'C02315707', '000', 'A.02', '', '', 1),
(44, 2, 1, '2018-05-10 09:21:20', 'RUDYS ', 'ZAMORA BALLADARES', '', '', 'C02177047', '1880100122', 'E.01', '', '', 1),
(45, 2, 1, '2018-05-10 09:22:48', 'KEVIN OMAR', 'GARCIA MEJIA', '', '', 'C02052466', '1900101470', 'E.02', '', '', 1),
(46, 2, 1, '2018-05-10 09:24:23', 'YILVER ARIEL', 'FUNEZ URROZ', '', '', 'C02330955', '18403789', 'E.03', '', '', 1),
(47, 2, 1, '2018-05-10 09:26:58', 'YONY HENRY', 'MARTINEZ CRUZ', '', '', 'E865829', '0000', 'O.11', '', '', 1),
(48, 2, 1, '2018-05-10 09:32:18', 'NORWIN OSMAR ', 'TORREZ PALACIOS', '', '', 'C01699721', '1920100769', 'E.04', '', '', 1),
(49, 3, 1, '2018-05-10 09:34:25', 'BALTAZAR JOSE ', 'PALACIOS LOPEZ', '', '', 'C01908833', '18316375', 'O.12', '', '', 1),
(50, 3, 1, '2018-05-10 09:36:33', 'JUAN JOSE', 'GIRON MORALES', '', '', 'C02009595', '1880107010', 'E.05', '', '', 1),
(51, 3, 1, '2018-05-10 09:39:26', 'NELSON ENRIQUE ', 'CAMPOS DONAIRE', '', '', 'C01175156', '1850104184', 'E.06', '', '', 1),
(52, 3, 1, '2018-05-10 09:40:47', 'DAVID DE JESUS', 'GUTIERREZ REQUENE', '', '', 'C01317050', '18721882', 'E.07', '', '', 1),
(53, 3, 1, '2018-05-10 09:44:20', 'RUBEL ALEXANDER', 'PALACIOS HENRIQUEZ', '', '', 'C02048964', '1980092692', 'A.03', '', '', 1),
(54, 3, 1, '2018-05-10 09:46:03', 'BISMARCK ANTONIO ', 'GUZMAN GUTIERREZ', '', '', '800970622', '800970622', 'E.08', '', '', 1),
(55, 2, 1, '2018-05-10 09:48:23', 'JOSE LUIS ', 'AVENDAÑO ORDOÑANA', '', '', 'C01413301', '1890108694', 'E.09', '', '', 1),
(56, 3, 1, '2018-05-10 09:49:42', 'FERNANDO ', 'DAVILA DUARTE', '', '', 'C0195818300', '1780100714', 'A.04', '', '', 1),
(57, 2, 1, '2018-05-10 09:58:04', 'GUBER ALEXANDER ', 'FLETES CABALLERO', '', '', 'C0120336800', '000', 'E. 10', '', '', 1),
(58, 2, 1, '2018-05-10 09:59:51', 'ALEXANDER JAVIER', 'BALDELOMAR MARTINEZ', '', '', 'C01238807', '1920098878', 'E.11', '', '', 1),
(59, 3, 1, '2018-05-10 10:02:44', 'VICENTE ', 'CANALES VALLECILLO', '', '', 'C016702027', '18721609', 'E.12', '', '', 1),
(60, 3, 1, '2018-05-10 10:08:06', 'CESAR ANTONIO ', 'PEREZ MARTINEZ', '', '', '205020994', '205020994', 'E.13', '', '', 1),
(61, 2, 1, '2018-05-10 10:10:16', 'WILLIAN REINALDO ', 'MONTOLLA CRUZ', '', '', '155821832721', '1860103525', 'E.14', '', '', 1),
(62, 3, 1, '2018-05-10 10:30:24', 'PEDRO JOSE ', 'MORAN FITORIA', '', '', '155825163509', '17811567', 'E.15', '', '', 1),
(63, 3, 1, '2018-05-10 10:34:40', 'HECTOR ANTONIO ', 'LOPEZ VASQUEZ ', '', '', 'C0115828400', '000', 'E.16', '', '', 1),
(64, 2, 1, '2018-05-10 10:54:21', 'ANDY JOSE ', 'ALANIZ MENDEZ ', '', '', 'C0230661400', '1970097957', 'A.05', '', '', 1),
(65, 3, 1, '2018-05-10 11:27:42', 'JOSE DOLORES ', 'ARAUZ', '', '', 'C02194877', '1870107833', 'A.06', '', '', 1),
(66, 3, 1, '2018-05-10 11:31:19', 'YADER LORENZO ', 'NIÑO PAIZ', '', '', 'C01561850', '17711433', 'E.016', '', '', 1),
(67, 3, 1, '2018-05-10 16:05:01', 'EDILSON ', 'ESPINALES JUAREZ', '', '', 'C01848193', '1940099273', 'A.07', '', '', 1),
(68, 2, 1, '2018-05-10 16:07:02', 'GERMAN ', 'TELLEZ LOPEZ', '', '', 'C01555707', '000', 'O.13', '', '', 1),
(69, 2, 1, '2018-05-10 16:09:10', 'JACKSON ', 'CASTRO JIMENEZ', '', '', '112950150', '112950150', 'A.08', '', '', 1),
(70, 3, 1, '2018-05-10 16:10:45', 'JULIO UBENZO', 'MARTINEZ MARTINEZ', '', '', 'C0229899', '000', 'A.09', '', '', 1),
(71, 3, 1, '2018-05-10 16:13:27', 'ERNESTO JOSE', 'AGUILERA', '', '', 'C0124055', '000', 'E.16', '', '', 1),
(72, 2, 1, '2018-05-10 16:14:57', 'JADER ', 'CASTILLO BLANCHER', '', '', 'C01598217', '000', 'E.17', '', '', 1),
(73, 3, 1, '2018-05-10 16:24:25', 'REYNALDO', 'TORREZ PONCE', '', '', 'C02307557', '000', 'A.10', '', '', 1),
(74, 3, 1, '2018-05-10 16:26:54', 'BAYRON JOSUE ', 'QUIROZ FLORES', '', '', 'C02285032', '000', 'A.11', '', '', 1),
(75, 1, 1, '2018-05-10 16:44:06', 'MARCOS ', 'PORRAS GARCIA', '', 'acabadosmyr10@gmail.com', '155821114919', '19207714', 'choco', '70495304', '', 1),
(76, 2, 1, '2018-05-15 14:03:43', 'HECTOR', 'RUIZ ULLOA', '', '18315513', 'C0874015', '18315513', 'Hector', '61258376', '', 1),
(77, 2, 1, '2018-05-15 14:14:09', 'YILVER ARIEL', 'FUNEZ URROZ', '', '', 'C02330955', '18403789', 'E.19', '', '', 1),
(78, 2, 1, '2018-05-15 14:17:46', 'YONY HENRY ', 'MARTINEZ CRUZ', '', '', 'E865829', '000', 'A.12', '', '', 1),
(79, 3, 1, '2018-05-15 14:20:43', 'NORWIN  OSMAR', 'TORREZ PALACIOS', '', '', 'C01699721', '1920100769', 'E.18', '', '', 1),
(80, 2, 1, '2018-05-15 14:23:53', 'BALTAZAR JOSE', 'PALACIOS LOPEZ', '', '', 'C01908833', '18316375', 'E.20', '', '', 1),
(81, 2, 1, '2018-05-15 14:29:48', 'ALEXANDER ', 'BALDELOMAR MARTINEZ', '', '', 'C01238807', '1920098878', 'E.21', '', '', 1),
(82, 2, 1, '2018-05-15 14:43:21', 'CESAR ANTONIO ', 'PEREZ MARTINEZ', '', '', '205020994', '205020994', 'E.21', '', '', 1),
(83, 3, 1, '2018-05-15 14:53:37', 'HECTOR ANTONIO ', 'LOPEZ VASQUEZ', '', '', 'C01158284', '000', 'E.22', '', '', 1),
(84, 2, 1, '2018-05-15 15:00:49', 'JEFERSON DIOMAR ', 'OSEJO ANDINO ', '', '', 'C01690534', '000', 'A.13', '', '', 1),
(85, 2, 1, '2018-05-23 09:58:58', 'STEVEN ', 'RAMIREZ RAMIREZ', '', '', '207920960', '207920960', 'A.14', '', '', 1),
(86, 2, 1, '2018-05-23 10:01:53', 'BRAYAN ANTONIO', 'ESPINO', '', '', 'C0215572500', '000', 'A.15', '', '', 1),
(87, 3, 1, '2018-05-23 10:03:18', 'WILMER JOSE', 'ZELAYA GRANADOS', '', '', 'C0191820100', '000', 'O.11', '', '', 1),
(88, 2, 1, '2018-05-23 10:05:24', 'BERNAN FRANCISCO', 'BUSTOS REYES', '', '', 'C1586917000', '000', 'A.15', '', '', 1),
(89, 3, 1, '2018-05-23 10:07:30', 'LUIS ANGEL', 'DURAN RUIZ', '', '', '116940410', '116940410', 'O.12', '', '', 1),
(90, 3, 1, '2018-05-24 14:48:00', 'MAGDA TERESA', 'PORRAS GARCIA', '', '', 'C0216329900', '2860102442', 'P.1', '', '', 1),
(91, 3, 1, '2018-05-24 14:50:00', 'LUIS GUSTAVO', 'VASGAS SILES', '', '', '114610872', '114610872', 'ENCARGADO.05', '8457 4324', '', 1),
(92, 3, 1, '2018-05-24 15:09:14', 'JULIO UBENZO', 'MARTINEZ MARTIBEZ', '', '', 'C0229899000', '000', 'A.16', '', '', 1),
(93, 2, 1, '2018-05-24 15:16:37', 'GERMAN IGNACIO', 'TELLEZ LOPEZ', '', '', 'C0155570700', '000', 'O.13', '', '', 1),
(94, 3, 1, '2018-05-25 10:19:04', 'ANGEL ABEL ', 'ROBLETO', '', '', 'C0215020500', '1980093626', 'A.16', '', '', 1),
(95, 2, 1, '2018-05-25 10:20:43', 'JOSUE ', 'HERNANDEZ GAMEZ', '', '', 'C0214154000', '1970094579', 'O.13', '', '', 1),
(96, 3, 1, '2018-05-25 10:22:52', 'JULIO UBENZO', 'MARTINEZ MARTINEZ', '', '', 'C0229899000', '000', 'A.16', '', '', 0),
(97, 2, 1, '2018-05-25 10:27:07', 'OMAR ', 'GONZALEZ FLORES', '', '', '15580289641700000', '000', 'O.13', '', '', 1),
(98, 2, 1, '2018-05-25 10:28:51', 'JUNIOR', 'FLORES FLORES', '', '', '117450704', '117450704', 'A.16', '', '', 1),
(99, 3, 1, '2018-05-25 11:17:54', 'ERLY ENRIQUE ', 'BRIZUELA LOPEZ', '', '', 'C0173339700', '1800103133', 'E.23', '', '', 1),
(100, 3, 1, '2018-05-25 11:21:40', 'FRANCISCO JAVIER', 'AVENDAÑO ORDOÑANA', '', '', 'C0186905800', '000', 'E.23', '', '', 1),
(101, 3, 1, '2018-05-25 11:34:56', 'JOSE ISAAC', 'VARGAS ESCOTO', '', '', 'C0217450000', '000', 'O.13', '', '', 1),
(102, 3, 1, '2018-05-25 11:38:13', 'DAVID ISAAC ', 'LOPEZ MARQUEZ', '', '', 'C0199558700', '000', 'O.13', '', '', 1),
(103, 3, 1, '2018-05-25 11:45:31', 'OSMAN JOSE', 'MEDINA LANUZA', '', '', 'C0193125500', '1890105722', 'E.23', '', '', 1),
(104, 2, 1, '2018-05-25 11:47:29', 'JUAN ISAAC ', 'OBREGON RIOS', '', '', 'C0194525700', '000', 'E.23', '', '', 1),
(105, 3, 1, '2018-05-25 11:50:39', 'MILTON ANTONIO ', 'GIRON CENTENO', '', '', 'C0181826000', '000', 'E.23', '', '', 1),
(106, 3, 1, '2018-05-25 11:53:22', 'EDGAR MAURICIO ', 'QUIROZ NAVARRO', '', '', '115230947', '115230947', 'E.23', '', '', 1),
(107, 3, 1, '2018-05-25 11:54:50', 'LUD AXEL ', 'MORAN LOPEZ', '', '', 'C0180224900', '000', 'A.16', '', '', 1),
(108, 3, 1, '2018-05-25 11:56:56', 'AXEL JAVIER', 'CRUZ DIAZ', '', '', 'C0134002100', '000', 'E.23', '', '', 1),
(109, 3, 1, '2018-05-25 11:59:34', 'DOUGLAS OMAR', 'CRUZ DIAZ', '', '', 'C0141775000', '000', 'E.24', '', '', 1),
(110, 3, 1, '2018-05-25 12:00:58', 'ELVIN ANTONIO', 'PEREZ', '', '', 'C0224917700', '000', 'E.25', '', '', 1),
(111, 3, 1, '2018-05-25 12:03:52', 'FRANCISCO ANTONIO ', 'DIAZ SANCHEZ', '', '', 'C0211337600', '000', 'E.26', '', '', 1),
(112, 3, 1, '2018-05-25 12:05:53', 'FRANCISCO ADONALDO', 'ALEMAN CAJINA', '', '', 'C0230532900', '000', 'A.16', '', '', 1),
(113, 3, 1, '2018-05-25 12:08:11', 'MAYQUEL JOSE', 'HERRERA BALTODANO', '', '', 'C0172516100', '0000', 'A.16', '', '', 1),
(114, 3, 1, '2018-05-25 12:09:44', 'DAVID MERCEDES', 'SALINAS FLORES', '', '', 'C0206131100', '000', 'E.27', '', '', 1),
(115, 2, 1, '2018-05-25 12:11:17', 'LUIS ALEJANDRO', 'BADILLA HERNANDEZ', '', '', '115210961', '115210961', 'A.17', '', '', 1),
(116, 3, 1, '2018-05-25 12:14:00', 'JAVIER ANTONIO ', 'ESPINOZA GUTIERREZ', '', '', 'C0225230700', '000', 'A.17', '', '', 1),
(117, 3, 1, '2018-05-25 12:15:50', 'SANTOS JAVIER ', 'RODRIGUEZ AGUILAR', '', '', 'C0137257200', '0000', 'E.28', '', '', 1),
(118, 4, 1, '2018-09-11 11:57:24', 'ISAIAS ', 'OBANDO DIAZ ', 'ISA', '', '503490778', '503490778', 'AY.200', '', '', 1),
(119, 2, 1, '2018-09-11 12:04:48', 'PEDRO ', 'CHAVARRIA CENTENO ', 'PP', '', 'C01624046', '17616820', 'OP.200', '', '', 1),
(120, 2, 1, '2018-09-11 12:08:00', 'ELGIN ', 'HERNANDEZ MARTINEZ ', 'EL', '', '701870580', '701870580', 'O.201', '', '', 1),
(121, 2, 1, '2018-09-11 12:10:40', 'MARCOS ', 'CHAVEZ CORDERO ', 'MC', '', '900880877', '900880877', 'O.202', '', '', 1),
(122, 4, 1, '2018-09-11 12:14:23', 'ANDREY', 'CORTES VARGAS', 'AC', '', '304260561', '304260561', 'AY.201', '', '', 1),
(123, 5, 1, '2018-09-11 12:15:58', 'GUBER ', 'FLETES CABALLERO', 'GU', '', 'C01203368', '19304930', 'EM.200', '', '', 1),
(124, 5, 1, '2018-09-11 12:21:30', 'GARNET EARL', 'EDWARDS GARTH', 'GE', '', '15581685441', '1660100624', 'E.201', '', '', 1),
(125, 5, 1, '2018-09-11 12:23:36', 'JOSE ', 'CHAVEZ CASTILLO', 'JC', '', '304420389', '304420389', 'E.203', '', '', 1),
(126, 2, 1, '2018-09-11 12:25:37', 'MANUEL ', 'BARRERA REYES ', 'MA', '', '1558211824030', '1890099961', 'O.203', '', '', 1),
(127, 4, 1, '2018-09-11 12:29:52', 'LESVI ', 'CASCO VALLECILLO', 'LES', '', 'C02247745', '1970097597', 'AY.202', '', '', 1),
(128, 4, 1, '2018-09-11 16:55:52', 'RAMON ', 'NUÑEZ ', 'ALEGRIA ', '', 'C02062471', '1700103239', 'AY.203', '', '', 1),
(129, 2, 1, '2018-09-11 17:07:40', 'YASSER ', 'KATTUN DOLMUS', 'YAS', '', '155805364802', '18316386', 'O.204', '', '', 1),
(130, 4, 1, '2018-09-11 17:12:30', 'BLANDON ', 'ARGUELLO CARRILLO', 'BLAA', '', '115500717', '115500717', 'AY.204', '', '', 1),
(131, 2, 1, '2018-09-11 17:14:53', 'MELBER', 'MORA GONZALEZ ', 'MEMO', '', '115100087', '115100087', 'O.205', '', '', 1),
(132, 2, 1, '2018-09-11 17:19:26', 'OLMAN ', 'ALCIDEZ REYES', 'ALCI', '', 'C01602960', '1770103400', 'O.206', '', '', 1),
(133, 4, 1, '2018-09-11 17:30:49', 'YOSTIN ', 'BARQUERO VASQUEZ', 'YOS', '', '604190379', '604190379', 'A.205', '', '', 1),
(134, 2, 1, '2018-09-11 17:35:39', 'DEYBI ', 'SEQUEIRA HERNANDEZ', 'DEY', '', '602770774', '602770774', 'O.207', '', '', 1),
(135, 4, 1, '2018-09-11 17:43:17', 'ARLIN ANTONIO ', 'SILES MARTINEZ', 'ARL', '', 'C02315427', '1960096579', 'A.206', '', '', 1),
(136, 2, 1, '2018-09-11 17:50:13', 'RIGOBERTO ', 'SILESN VALERIN', 'RIGO', '', '303140011', '303140011', 'O.208', '', '', 1),
(137, 2, 1, '2018-09-11 17:53:29', 'MARCOS', 'CORTÉS MEDRANO', 'MCM', '', '135575426', '1900100385', 'O.209', '', '', 1),
(138, 5, 1, '2018-09-11 18:06:49', 'JUAN DANIEL ', 'BARRIOS', 'JUAN', '', '155807474032', '17026478', 'E.204', '', '', 1),
(139, 2, 1, '2018-09-13 12:07:08', 'ERICK', 'BISMARK CHAVEZ', 'ER', '', '155808256904', '11', 'O.210', '', '', 1),
(140, 2, 1, '2018-09-13 12:08:09', 'EDISON', 'BRAVO MENA', 'EDI', '', '155803929905', '222', 'O.211', '', '', 1),
(141, 2, 1, '2018-09-13 12:09:41', 'JOSE ADAN', 'MUNGIA MACHADO', 'JOS', '', 'C01124264', '333', 'O.212', '', '', 1),
(142, 2, 1, '2018-09-14 16:17:32', 'ROY ', 'SOLANO GONZALEZ', 'ROY', '', '304070885', '303220559', 'O.213', '', '', 1),
(143, 4, 1, '2018-09-14 16:37:06', 'JOSE ', 'VALERIN JIRON', 'JOSE', '', '900930653', '900930653', 'A.210', '', '', 1),
(144, 5, 1, '2018-09-14 16:38:35', 'BELTRAN', 'ALVARADO TORRES', 'BEL', '', '305040190', '305040190', 'E.212', '', '', 1),
(145, 4, 1, '2018-09-14 16:48:29', 'DANNY', 'SERRANO FERNANDEZ', 'DAN', '', '304300765', '304300765', 'A.212', '', '', 1),
(146, 2, 1, '2018-09-14 16:53:26', 'ALVARO ', 'CORTEZ SOLANO', 'ALVA', '', '304580727', '304580727', 'O.214', '', '', 1),
(147, 4, 1, '2018-09-14 16:57:06', 'EDWIN ', 'SANDOVAL CASTILLO', 'ED', '', 'C02115866', '1512', 'A.213', '', '', 1),
(148, 4, 1, '2018-09-14 17:01:22', 'ALEXANDER', 'TRAÑA GOMEZ', 'ALEX', '', '702280946', '702280946', 'A.214', '', '', 1);

-- --------------------------------------------------------

--
-- Estructura de tabla para la tabla `colaborador_costo_hora`
--

CREATE TABLE `colaborador_costo_hora` (
  `colaborador_costo_hora_id` int(11) NOT NULL,
  `colaborador_id` int(11) NOT NULL,
  `moneda_id` int(11) NOT NULL,
  `fecha_registro` datetime NOT NULL,
  `costo_hora` float(10,2) NOT NULL,
  `estado_costo` int(11) NOT NULL COMMENT '0 es inactivo, 1 es activo'
) ENGINE=InnoDB DEFAULT CHARSET=utf8 COLLATE=utf8_spanish_ci ROW_FORMAT=COMPACT;

--
-- Volcado de datos para la tabla `colaborador_costo_hora`
--

INSERT INTO `colaborador_costo_hora` (`colaborador_costo_hora_id`, `colaborador_id`, `moneda_id`, `fecha_registro`, `costo_hora`, `estado_costo`) VALUES
(1, 6, 0, '2018-02-06 06:08:30', 1.00, 0),
(2, 7, 0, '2018-02-06 06:10:21', 800.00, 1),
(5, 10, 0, '2018-02-06 06:45:59', 2500.00, 1),
(6, 11, 0, '2018-02-06 07:06:40', 2800.00, 1),
(7, 12, 0, '2018-02-07 07:43:17', 2000.00, 1),
(8, 15, 0, '2018-02-12 02:03:30', 1500.00, 0),
(9, 15, 0, '2018-02-12 02:05:59', 1500.00, 0),
(10, 15, 0, '2018-02-12 02:07:35', 1500.00, 0),
(11, 15, 0, '2018-02-12 02:07:40', 1500.00, 0),
(12, 16, 0, '2018-02-12 02:09:21', 1500.00, 0),
(13, 16, 0, '2018-02-12 02:11:17', 1500.00, 0),
(14, 16, 0, '2018-02-12 02:12:38', 1500.00, 0),
(15, 16, 0, '2018-02-12 02:13:24', 1500.00, 0),
(16, 16, 0, '2018-02-12 02:13:27', 1500.00, 0),
(17, 16, 2, '2018-02-12 02:19:20', 1500.00, 0),
(18, 15, 2, '2018-02-13 06:49:26', 1500.00, 1),
(19, 17, 2, '2018-02-13 06:51:11', 2500.00, 1),
(20, 16, 2, '2018-02-16 00:53:04', 1.00, 0),
(21, 16, 2, '2018-02-16 00:53:25', 1.00, 0),
(22, 16, 2, '2018-02-16 00:56:11', 1750.00, 1),
(23, 6, 2, '2018-02-16 12:23:40', 1000.00, 1),
(24, 14, 2, '2018-02-16 12:39:33', 2500.00, 1),
(25, 18, 2, '2018-02-16 20:33:43', 2000.00, 1),
(26, 19, 2, '2018-02-16 20:35:16', 1200.00, 1),
(27, 1, 2, '2018-03-18 15:27:41', 1750.00, 1),
(28, 21, 2, '2018-04-05 18:57:56', 1000.00, 1),
(29, 20, 2, '2018-04-05 19:00:54', 2000.00, 1),
(30, 22, 2, '2018-04-07 17:18:39', 100.00, 1),
(31, 23, 2, '2018-04-13 12:48:43', 2000.00, 1),
(32, 25, 2, '2018-04-13 18:08:08', 3000.00, 1),
(33, 24, 2, '2018-04-13 18:27:29', 3000.00, 1),
(34, 26, 2, '2018-04-13 18:48:03', 2000.00, 1),
(35, 27, 2, '2018-04-16 10:40:07', 0.00, 1),
(36, 28, 2, '2018-04-16 10:49:37', 0.00, 0),
(37, 28, 2, '2018-04-16 10:52:24', 1650.00, 1),
(38, 29, 2, '2018-04-16 10:55:58', 1850.00, 1),
(39, 30, 2, '2018-04-16 10:57:29', 2100.00, 1),
(40, 31, 2, '2018-04-16 11:01:06', 1950.00, 1),
(41, 32, 2, '2018-04-16 11:03:21', 1700.00, 0),
(42, 33, 2, '2018-04-16 11:04:56', 1900.00, 1),
(43, 32, 2, '2018-04-24 22:37:46', 1700.00, 1),
(44, 34, 2, '2018-04-26 21:45:37', 3500.00, 1),
(45, 35, 2, '2018-05-08 14:20:47', 1900.00, 1),
(46, 36, 2, '2018-05-08 14:22:25', 1900.00, 1),
(47, 37, 2, '2018-05-08 14:23:58', 1900.00, 1),
(48, 38, 2, '2018-05-08 14:25:30', 1900.00, 1),
(49, 39, 2, '2018-05-08 14:26:38', 1900.00, 1),
(50, 40, 2, '2018-05-08 14:27:39', 1900.00, 1),
(51, 41, 2, '2018-05-08 14:29:13', 1900.00, 1),
(52, 42, 2, '2018-05-10 09:16:47', 1400.00, 1),
(53, 43, 2, '2018-05-10 09:18:59', 1400.00, 1),
(54, 44, 2, '2018-05-10 09:21:20', 1900.00, 1),
(55, 45, 2, '2018-05-10 09:22:48', 1900.00, 1),
(56, 46, 2, '2018-05-10 09:24:23', 1900.00, 1),
(57, 47, 2, '2018-05-10 09:26:58', 1900.00, 1),
(58, 48, 2, '2018-05-10 09:32:19', 1900.00, 1),
(59, 49, 2, '2018-05-10 09:34:25', 1900.00, 1),
(60, 50, 2, '2018-05-10 09:36:33', 1900.00, 1),
(61, 51, 2, '2018-05-10 09:39:26', 1900.00, 1),
(62, 52, 2, '2018-05-10 09:40:47', 1900.00, 1),
(63, 53, 2, '2018-05-10 09:44:20', 1400.00, 1),
(64, 54, 2, '2018-05-10 09:46:03', 1900.00, 1),
(65, 55, 2, '2018-05-10 09:48:23', 1900.00, 1),
(66, 56, 2, '2018-05-10 09:49:42', 1900.00, 1),
(67, 57, 2, '2018-05-10 09:58:04', 1900.00, 1),
(68, 58, 2, '2018-05-10 09:59:51', 1900.00, 1),
(69, 59, 2, '2018-05-10 10:02:45', 1900.00, 1),
(70, 60, 2, '2018-05-10 10:08:06', 1900.00, 1),
(71, 61, 2, '2018-05-10 10:10:16', 1900.00, 1),
(72, 62, 2, '2018-05-10 10:30:24', 1900.00, 1),
(73, 63, 2, '2018-05-10 10:34:40', 1900.00, 1),
(74, 64, 2, '2018-05-10 10:54:21', 1400.00, 1),
(75, 65, 2, '2018-05-10 11:27:42', 1450.00, 1),
(76, 66, 2, '2018-05-10 11:31:19', 1850.00, 1),
(77, 67, 2, '2018-05-10 16:05:01', 1500.00, 1),
(78, 68, 2, '2018-05-10 16:07:02', 1900.00, 1),
(79, 69, 2, '2018-05-10 16:09:10', 1300.00, 1),
(80, 70, 2, '2018-05-10 16:10:45', 1300.00, 1),
(81, 71, 2, '2018-05-10 16:13:27', 2000.00, 1),
(82, 72, 2, '2018-05-10 16:14:58', 2000.00, 1),
(83, 73, 2, '2018-05-10 16:24:25', 1400.00, 1),
(84, 74, 2, '2018-05-10 16:26:54', 1400.00, 1),
(85, 75, 2, '2018-05-10 16:44:06', 2000.00, 1),
(86, 76, 2, '2018-05-15 14:03:43', 2000.00, 1),
(87, 77, 2, '2018-05-15 14:14:09', 0.00, 1),
(88, 78, 2, '2018-05-15 14:17:46', 1400.00, 1),
(89, 79, 2, '2018-05-15 14:20:43', 1900.00, 1),
(90, 80, 2, '2018-05-15 14:23:53', 1900.00, 1),
(91, 81, 2, '2018-05-15 14:29:48', 1900.00, 1),
(92, 82, 2, '2018-05-15 14:43:21', 1900.00, 1),
(93, 83, 2, '2018-05-15 14:53:37', 1900.00, 1),
(94, 84, 2, '2018-05-15 15:00:49', 1400.00, 1),
(95, 85, 2, '2018-05-23 09:58:58', 1400.00, 1),
(96, 86, 2, '2018-05-23 10:01:53', 1400.00, 1),
(97, 87, 2, '2018-05-23 10:03:18', 1700.00, 1),
(98, 88, 2, '2018-05-23 10:05:24', 1400.00, 1),
(99, 89, 2, '2018-05-23 10:07:30', 1700.00, 1),
(100, 90, 2, '2018-05-24 14:48:00', 1500.00, 1),
(101, 91, 2, '2018-05-24 14:50:00', 1950.00, 1),
(102, 92, 2, '2018-05-24 15:09:14', 1400.00, 1),
(103, 93, 2, '2018-05-24 15:16:37', 1700.00, 1),
(104, 94, 2, '2018-05-25 10:19:04', 1400.00, 1),
(105, 95, 2, '2018-05-25 10:20:43', 1700.00, 1),
(106, 96, 2, '2018-05-25 10:22:52', 1400.00, 1),
(107, 97, 2, '2018-05-25 10:27:07', 2000.00, 1),
(108, 98, 2, '2018-05-25 10:28:51', 1400.00, 1),
(109, 99, 2, '2018-05-25 11:17:54', 1900.00, 1),
(110, 100, 2, '2018-05-25 11:21:40', 1900.00, 1),
(111, 101, 2, '2018-05-25 11:34:56', 1900.00, 1),
(112, 102, 2, '2018-05-25 11:38:13', 1900.00, 1),
(113, 103, 2, '2018-05-25 11:45:31', 1900.00, 1),
(114, 104, 2, '2018-05-25 11:47:29', 1900.00, 1),
(115, 105, 2, '2018-05-25 11:50:39', 1900.00, 1),
(116, 106, 2, '2018-05-25 11:53:22', 1900.00, 1),
(117, 107, 2, '2018-05-25 11:54:50', 1300.00, 1),
(118, 108, 2, '2018-05-25 11:56:56', 1800.00, 1),
(119, 109, 2, '2018-05-25 11:59:34', 1800.00, 1),
(120, 110, 2, '2018-05-25 12:00:58', 1800.00, 1),
(121, 111, 2, '2018-05-25 12:03:52', 1800.00, 1),
(122, 112, 2, '2018-05-25 12:05:53', 1300.00, 1),
(123, 113, 2, '2018-05-25 12:08:11', 1300.00, 1),
(124, 114, 2, '2018-05-25 12:09:44', 1800.00, 1),
(125, 115, 2, '2018-05-25 12:11:17', 1300.00, 1),
(126, 116, 2, '2018-05-25 12:14:00', 1300.00, 1),
(127, 117, 2, '2018-05-25 12:15:50', 1800.00, 1),
(128, 118, 2, '2018-09-11 11:57:24', 1400.00, 1),
(129, 119, 2, '2018-09-11 12:04:48', 2000.00, 1),
(130, 120, 2, '2018-09-11 12:08:00', 2000.00, 1),
(131, 121, 2, '2018-09-11 12:10:40', 1800.00, 1),
(132, 122, 2, '2018-09-11 12:14:23', 1300.00, 1),
(133, 123, 2, '2018-09-11 12:15:58', 0.00, 1),
(134, 124, 2, '2018-09-11 12:21:30', 1850.00, 1),
(135, 125, 2, '2018-09-11 12:23:36', 1800.00, 1),
(136, 126, 2, '2018-09-11 12:25:37', 1900.00, 1),
(137, 127, 2, '2018-09-11 12:29:52', 1300.00, 1),
(138, 128, 2, '2018-09-11 16:55:52', 1300.00, 1),
(139, 129, 2, '2018-09-11 17:07:40', 1850.00, 1),
(140, 130, 2, '2018-09-11 17:12:30', 1300.00, 1),
(141, 131, 2, '2018-09-11 17:14:53', 1800.00, 1),
(142, 132, 2, '2018-09-11 17:19:26', 1800.00, 1),
(143, 133, 2, '2018-09-11 17:30:49', 1300.00, 1),
(144, 134, 2, '2018-09-11 17:35:39', 1900.00, 1),
(145, 135, 2, '2018-09-11 17:43:17', 1300.00, 1),
(146, 136, 2, '2018-09-11 17:50:13', 1800.00, 1),
(147, 137, 2, '2018-09-11 17:53:29', 1700.00, 1),
(148, 138, 2, '2018-09-11 18:06:49', 1750.00, 1),
(149, 139, 2, '2018-09-13 12:07:08', 1900.00, 1),
(150, 140, 2, '2018-09-13 12:08:09', 1900.00, 1),
(151, 141, 2, '2018-09-13 12:09:41', 1900.00, 1),
(152, 142, 2, '2018-09-14 16:17:32', 1800.00, 1),
(153, 143, 2, '2018-09-14 16:37:06', 1300.00, 1),
(154, 144, 2, '2018-09-14 16:38:35', 1650.00, 1),
(155, 145, 2, '2018-09-14 16:48:29', 1300.00, 1),
(156, 146, 2, '2018-09-14 16:53:26', 1800.00, 1),
(157, 147, 2, '2018-09-14 16:57:06', 1300.00, 1),
(158, 148, 2, '2018-09-14 17:01:22', 1300.00, 1);

-- --------------------------------------------------------

--
-- Estructura de tabla para la tabla `colaborador_puesto`
--

CREATE TABLE `colaborador_puesto` (
  `colaborador_puesto_id` int(11) NOT NULL,
  `puesto` varchar(60) COLLATE utf8_spanish_ci NOT NULL,
  `fecha_registro` datetime NOT NULL
) ENGINE=InnoDB DEFAULT CHARSET=utf8 COLLATE=utf8_spanish_ci ROW_FORMAT=COMPACT;

--
-- Volcado de datos para la tabla `colaborador_puesto`
--

INSERT INTO `colaborador_puesto` (`colaborador_puesto_id`, `puesto`, `fecha_registro`) VALUES
(1, 'Jefe de proyecto', '0000-00-00 00:00:00'),
(2, 'Operario', '0000-00-00 00:00:00'),
(3, 'Operante', '0000-00-00 00:00:00'),
(4, 'AYUDANTE AVANZADO', '2018-09-11 11:35:01'),
(5, 'EMPASTADOR', '2018-09-11 11:35:09'),
(7, 'MISELANEA', '2018-09-11 11:37:13'),
(8, 'ENCARGADA DE SEGURIDAD ', '2018-09-11 11:37:37');

-- --------------------------------------------------------

--
-- Estructura de tabla para la tabla `distrito`
--

CREATE TABLE `distrito` (
  `distrito_id` int(11) NOT NULL,
  `canton_id` int(11) NOT NULL,
  `distrito_id_provincia` int(11) NOT NULL,
  `distrito` varchar(60) COLLATE utf8_spanish_ci NOT NULL
) ENGINE=InnoDB DEFAULT CHARSET=utf8 COLLATE=utf8_spanish_ci;

--
-- Volcado de datos para la tabla `distrito`
--

INSERT INTO `distrito` (`distrito_id`, `canton_id`, `distrito_id_provincia`, `distrito`) VALUES
(1, 1, 1, 'Carmen'),
(2, 1, 2, 'Merced'),
(3, 1, 3, 'Hospital'),
(4, 1, 4, 'Catedral'),
(5, 1, 5, 'Zapote'),
(6, 1, 6, 'San Francisco de Dos Ríos'),
(7, 1, 7, 'Uruca'),
(8, 1, 8, 'Mata Redonda'),
(9, 1, 9, 'Pavas'),
(10, 1, 10, 'Hatillo'),
(11, 1, 11, 'San Sebastián'),
(12, 2, 12, 'Escazu'),
(13, 2, 13, 'San Antonio'),
(14, 2, 14, 'San Rafael'),
(15, 3, 15, 'Desamparados'),
(16, 3, 16, 'San Miguel'),
(17, 3, 17, 'San Juan de Dios'),
(18, 3, 18, 'San Rafael Arriba'),
(19, 3, 19, 'San Antonio'),
(20, 3, 20, 'Frailes'),
(21, 3, 21, 'Patarrá'),
(22, 3, 22, 'San Cristóbal'),
(23, 3, 23, 'Rosario'),
(24, 3, 24, 'Damas'),
(25, 3, 25, 'San Rafael Abajo'),
(26, 3, 26, 'Gravillas'),
(27, 3, 27, 'Los Guido'),
(28, 4, 28, 'Santiago'),
(29, 4, 29, 'Mercedes Sur'),
(30, 4, 30, 'Barbacoas'),
(31, 4, 31, 'Grito Alto'),
(32, 4, 32, 'San Rafael'),
(33, 4, 33, 'Candelarita'),
(34, 4, 34, 'Desamparaditos'),
(35, 4, 35, 'San Antonio'),
(36, 4, 36, 'Chires'),
(37, 4, 37, 'La Cangreja'),
(38, 5, 38, 'San Marcos'),
(39, 5, 39, 'San Lorenzo'),
(40, 5, 40, 'San Carlos'),
(41, 6, 41, 'Aserrí'),
(42, 6, 42, 'Tarbaca'),
(43, 6, 43, 'Vuelta de Jorco'),
(44, 6, 44, 'San Gabriel'),
(45, 6, 45, 'Legua'),
(46, 6, 46, 'Monterrey'),
(47, 6, 47, 'Salitrillos'),
(48, 7, 48, 'Ciudad Colón'),
(49, 7, 49, 'Guayabo'),
(50, 7, 50, 'Tabarcia'),
(51, 7, 51, 'Piedras Negras'),
(52, 7, 52, 'Picagres'),
(53, 7, 53, 'Jaris'),
(54, 7, 54, 'Quitirrisí'),
(55, 8, 55, 'Guadalupe'),
(56, 8, 56, 'San Francisco'),
(57, 8, 57, 'Calle Blancos'),
(58, 8, 58, 'Mata de Plátano'),
(59, 8, 59, 'Ipís'),
(60, 8, 60, 'Rancho Redondo'),
(61, 8, 61, 'Purral'),
(62, 9, 62, 'Santa Ana'),
(63, 9, 63, 'Salitral'),
(64, 9, 64, 'Pozos'),
(65, 9, 65, 'Uruca'),
(66, 9, 66, 'Piedades'),
(67, 9, 67, 'Brasil'),
(68, 10, 68, 'Alajuelita'),
(69, 10, 69, 'San Josecito'),
(70, 10, 70, 'San Antonio'),
(71, 10, 71, 'Concepción'),
(72, 10, 72, 'San Felipe'),
(73, 11, 73, 'San Isidro'),
(74, 11, 74, 'San Rafael'),
(75, 11, 78, 'Dulce Nombre de Jesús'),
(76, 11, 76, 'Patalillo'),
(77, 11, 77, 'Cascajal'),
(78, 12, 78, 'San Ignacio'),
(79, 12, 79, 'Guaitil'),
(80, 12, 80, 'Palmichal'),
(81, 12, 81, 'Cangrejal'),
(82, 12, 82, 'Sabanillas'),
(83, 13, 83, 'San Juan'),
(84, 13, 84, 'Cinco Esquinas'),
(85, 13, 85, 'Anselmo Llorente'),
(86, 13, 86, 'León XIII'),
(87, 13, 87, 'Colima'),
(88, 14, 88, 'San Vicente'),
(89, 14, 89, 'San Jerónimo'),
(90, 14, 90, 'Trinidad'),
(91, 15, 91, 'San Pedro'),
(92, 15, 92, 'Sabanilla'),
(93, 15, 93, 'Mercedes'),
(94, 15, 94, 'San Rafael'),
(95, 16, 95, 'San Pablo'),
(96, 16, 96, 'San Pedro'),
(97, 16, 97, 'San Juan de Mata'),
(98, 16, 98, 'San Luis'),
(99, 16, 99, 'Carara'),
(100, 17, 100, 'Santa María'),
(101, 17, 101, 'Jardín'),
(102, 17, 102, 'Copey'),
(103, 18, 103, 'Curridabat'),
(104, 18, 104, 'Granadilla'),
(105, 18, 105, 'Sánchez'),
(106, 18, 106, 'Tirrases'),
(107, 19, 107, 'San Isidro de El General'),
(108, 19, 108, 'El General'),
(109, 19, 109, 'Daniel Flores'),
(110, 19, 110, 'Rivas'),
(111, 19, 111, 'San Pedro'),
(112, 19, 112, 'Platanares'),
(113, 19, 113, 'Pejibaye'),
(114, 19, 114, 'Cajón'),
(115, 19, 115, 'Barú'),
(116, 19, 116, 'Río Nuevo'),
(117, 19, 117, 'Páramo'),
(118, 19, 118, 'La Amistad'),
(119, 20, 119, 'San Pablo'),
(120, 20, 120, 'San Andrés'),
(121, 20, 121, 'Llano Bonito'),
(122, 20, 122, 'San Isidro'),
(123, 20, 123, 'Santa Cruz'),
(124, 20, 124, 'San Antonio'),
(125, 21, 1, 'Alajuela'),
(126, 21, 2, 'San José'),
(127, 21, 3, 'Carrizal'),
(128, 21, 4, 'San Antonio'),
(129, 21, 5, 'Guácima'),
(130, 21, 6, 'San Isidro'),
(131, 21, 7, 'Sabanilla'),
(132, 21, 8, 'San Rafael'),
(133, 21, 9, 'Río Segundo'),
(134, 21, 10, 'Desamparados'),
(135, 21, 11, 'Turrícares'),
(136, 21, 12, 'Tambor'),
(137, 21, 13, 'Garita'),
(138, 21, 14, 'Sarapiquí'),
(139, 22, 15, 'San Ramón'),
(140, 22, 16, 'Santiago'),
(141, 22, 17, 'San Juan'),
(142, 22, 18, 'Piedades Norte'),
(143, 22, 19, 'Piedades Sur'),
(144, 22, 20, 'San Rafael'),
(145, 22, 21, 'San Isidro'),
(146, 22, 22, 'Ángeles'),
(147, 22, 23, 'Alfaro'),
(148, 22, 24, 'Volio'),
(149, 22, 25, 'Concepción'),
(150, 22, 26, 'Zapotal'),
(151, 22, 27, 'Peñas Blancas'),
(152, 22, 28, 'San Lorenzo'),
(153, 23, 29, 'Grecia'),
(154, 23, 30, 'San Isidro'),
(155, 23, 31, 'San José'),
(156, 23, 32, 'San Roque'),
(157, 23, 33, 'Tacares'),
(158, 23, 34, 'Puente de Piedra'),
(159, 23, 35, 'Bolívar'),
(160, 24, 36, 'San Mateo'),
(161, 24, 37, 'Desmonte'),
(162, 24, 38, 'Jesús María'),
(163, 24, 39, 'Labrador'),
(164, 25, 40, 'Atenas'),
(165, 25, 41, 'Jesús'),
(166, 25, 42, 'Mercedes'),
(167, 25, 43, 'San Isidro'),
(168, 25, 44, 'Concepción'),
(169, 25, 45, 'San José'),
(170, 25, 46, 'Santa Eulalia'),
(171, 25, 47, 'Escobal'),
(172, 26, 48, 'Naranjo'),
(173, 26, 49, 'San Miguel'),
(174, 26, 50, 'San José'),
(175, 26, 51, 'Cirrí'),
(176, 26, 52, 'San Jerónimo'),
(177, 26, 53, 'San Juan'),
(178, 26, 54, 'El Rosario'),
(179, 26, 55, 'Palmitos'),
(180, 27, 56, 'Palmares'),
(181, 27, 57, 'Zaragoza'),
(182, 27, 58, 'Buenos Aires'),
(183, 27, 59, 'Santiago'),
(184, 27, 60, 'Candelaria'),
(185, 27, 61, 'Esquipulas'),
(186, 27, 62, 'La Granja'),
(187, 28, 63, 'San Pedro'),
(188, 28, 64, 'San Juan'),
(189, 28, 65, 'San Rafael'),
(190, 28, 66, 'Carrillos'),
(191, 28, 67, 'Sabana Redonda'),
(192, 29, 68, 'Orotina'),
(193, 29, 69, 'Mastate'),
(194, 29, 70, 'Hacienda Vieja'),
(195, 29, 71, 'Coyolar'),
(196, 29, 72, 'La Ceiba'),
(197, 30, 73, 'Quesada'),
(198, 30, 74, 'Florencia'),
(199, 30, 75, 'Buenavista'),
(200, 30, 76, 'Aguas Zarcas'),
(201, 30, 77, 'Venecia'),
(202, 30, 78, 'Pital'),
(203, 30, 79, 'La Fortuna'),
(204, 30, 80, 'La Tigra'),
(205, 30, 81, 'La Palmera'),
(206, 30, 82, 'Venado'),
(207, 30, 83, 'Cutris'),
(208, 30, 84, 'Monterrey'),
(209, 30, 85, 'Pocosol'),
(210, 31, 86, 'Zarcero'),
(211, 31, 87, 'Laguna'),
(212, 31, 88, 'Tapezco'),
(213, 31, 89, 'Guadalupe'),
(214, 31, 90, 'Palmira'),
(215, 31, 91, 'Zapote'),
(216, 31, 92, 'Brisas'),
(217, 32, 93, 'Sarchí Norte'),
(218, 32, 94, 'Sarchí Sur'),
(219, 32, 95, 'Toro Amarillo'),
(220, 32, 96, 'San Pedro'),
(221, 32, 97, 'Rodríguez'),
(222, 33, 98, 'Upala'),
(223, 33, 99, 'Aguas Claras'),
(224, 33, 100, 'San José'),
(225, 33, 101, 'Bijagua'),
(226, 33, 102, 'Delicias'),
(227, 33, 103, 'Dos Ríos'),
(228, 33, 104, 'Yolillal'),
(229, 33, 105, 'Canalete'),
(230, 34, 106, 'Los Chiles'),
(231, 34, 107, 'Caño Negro'),
(232, 34, 108, 'El Amparo'),
(233, 34, 109, 'San Jorge'),
(234, 35, 110, 'San Rafael'),
(235, 35, 111, 'Buena Vista'),
(236, 35, 112, 'Cote'),
(237, 35, 113, 'Katira'),
(238, 36, 114, 'Río Cuarto'),
(239, 37, 1, 'Oriental'),
(240, 37, 2, 'Occidental'),
(241, 37, 3, 'Carmen'),
(242, 37, 4, 'San Nicolás'),
(243, 37, 5, 'Aguacaliente (San Francisco)'),
(244, 37, 6, 'Guadalupe (Arenilla)'),
(245, 37, 7, 'Corralillo'),
(246, 37, 8, 'Tierra Blanca'),
(247, 37, 9, 'Dulce Nombre'),
(248, 37, 10, 'Llano Grande'),
(249, 37, 11, 'Quebradilla'),
(250, 38, 12, 'Paraíso'),
(251, 38, 13, 'Santiago de Paraíso'),
(252, 38, 14, 'Orosi'),
(253, 38, 15, 'Cachí'),
(254, 38, 16, 'Llanos de Santa Lucía'),
(255, 39, 17, 'Tres Ríos'),
(256, 39, 18, 'San Diego'),
(257, 39, 19, 'San Juan'),
(258, 39, 20, 'San Rafael'),
(259, 39, 21, 'Concepción'),
(260, 39, 22, 'Dulce Nombre'),
(261, 39, 23, 'San Ramón'),
(262, 39, 24, 'Río Azul'),
(263, 40, 25, 'Juan Viñas'),
(264, 40, 26, 'Tucurrique'),
(265, 40, 27, 'Pejibaye'),
(266, 41, 28, 'Turrialba'),
(267, 41, 29, 'La Suiza'),
(268, 41, 30, 'Peralta'),
(269, 41, 31, 'Santa cruz'),
(270, 41, 32, 'Santa Teresita'),
(271, 41, 33, 'Pavones'),
(272, 41, 34, 'Tuis'),
(273, 41, 35, 'Tayutic'),
(274, 41, 36, 'Santa Rosa'),
(275, 41, 37, 'Tres Equis'),
(276, 41, 38, 'La Isabel'),
(277, 41, 39, 'Chirripó'),
(278, 42, 40, 'Pacayas'),
(279, 42, 41, 'Cervantes'),
(280, 42, 42, 'Capellades'),
(281, 43, 43, 'San Rafael'),
(282, 43, 44, 'Cot'),
(283, 43, 45, 'Potrero Cerrado'),
(284, 43, 46, 'Cipreses'),
(285, 43, 47, 'Santa Rosa'),
(286, 44, 48, 'Tejar'),
(287, 44, 49, 'San Isidro'),
(288, 44, 50, 'Tobosi'),
(289, 44, 51, 'Patio de Agua'),
(290, 45, 1, 'Heredia'),
(291, 45, 2, 'Mercedes'),
(292, 45, 3, 'San Francisco'),
(293, 45, 4, 'Ulloa'),
(294, 45, 5, 'Vara Blanca'),
(295, 46, 6, 'Barva'),
(296, 46, 7, 'San Pedro'),
(297, 46, 8, 'San Pablo'),
(298, 46, 9, 'San Roque'),
(299, 46, 10, 'Santa Lucía'),
(300, 46, 11, 'San José de la Montaña'),
(301, 47, 12, 'Santo Domingo'),
(302, 47, 13, 'San Vicente'),
(303, 47, 14, 'San Miguel'),
(304, 47, 15, 'Paracito'),
(305, 47, 16, 'Santo Tomás'),
(306, 47, 17, 'Santa Rosa'),
(307, 47, 18, 'Tures'),
(308, 47, 19, 'Pará'),
(309, 48, 20, 'Santa Bárbara'),
(310, 48, 21, 'San Pedro'),
(311, 48, 22, 'San Juan'),
(312, 48, 23, 'Jesús'),
(313, 48, 24, 'Santo Domingo'),
(314, 48, 25, 'Purabá'),
(315, 49, 26, 'San Rafael'),
(316, 49, 27, 'San Josecito'),
(317, 49, 28, 'Santiago'),
(318, 49, 29, 'Ángeles'),
(319, 49, 30, 'Concepción'),
(320, 50, 31, 'San Isidro'),
(321, 50, 32, 'San José'),
(322, 50, 33, 'Concepción'),
(323, 50, 34, 'San Francisco'),
(324, 51, 35, 'San Antonio'),
(325, 51, 36, 'La Ribera'),
(326, 51, 37, 'La Asunción'),
(327, 52, 38, 'San Joaquín'),
(328, 52, 39, 'Barrantes'),
(329, 52, 40, 'Llorente'),
(330, 53, 41, 'San Pablo'),
(331, 53, 42, 'Rincón de Sabanilla'),
(332, 54, 43, 'Puerto Viejo'),
(333, 54, 44, 'La Virgen'),
(334, 54, 45, 'Horquetas'),
(335, 54, 46, 'Llanuras del Gaspar'),
(336, 54, 47, 'Cureña'),
(337, 55, 1, 'Liberia'),
(338, 55, 2, 'Cañas Dulces'),
(339, 55, 3, 'Mayorga'),
(340, 55, 4, 'Nacascolo'),
(341, 55, 5, 'Curubandé'),
(342, 56, 6, 'Nicoya'),
(343, 56, 7, 'Mansión'),
(344, 56, 8, 'San Antonio'),
(345, 56, 9, 'Quebrada Honda'),
(346, 56, 10, 'Sámara'),
(347, 56, 11, 'Nosara'),
(348, 56, 12, 'Belén de Nosarita'),
(349, 57, 13, 'Santa Cruz'),
(350, 57, 14, 'Bolsón'),
(351, 57, 15, 'Veintisiete de Abril'),
(352, 57, 16, 'Tempate'),
(353, 57, 17, 'Cartagena'),
(354, 57, 18, 'Cuajiniquil'),
(355, 57, 19, 'Diriá'),
(356, 57, 20, 'Cabo Velas'),
(357, 57, 21, 'Tamarindo'),
(358, 58, 22, 'Bagaces'),
(359, 58, 23, 'La Fortuna'),
(360, 58, 24, 'Mogote'),
(361, 58, 25, 'Río Naranjo'),
(362, 59, 26, 'Filadelfia'),
(363, 59, 27, 'Palmira'),
(364, 59, 28, 'Sardinal'),
(365, 59, 29, 'Belén'),
(366, 60, 30, 'Cañas'),
(367, 60, 31, 'Palmira'),
(368, 60, 32, 'San Miguel'),
(369, 60, 33, 'Bebedero'),
(370, 60, 34, 'Porozal'),
(371, 61, 35, 'Las Juntas'),
(372, 61, 36, 'Sierra'),
(373, 61, 37, 'San Juan'),
(374, 61, 38, 'Colorado'),
(375, 62, 39, 'Tilarán'),
(376, 62, 40, 'Quebrada Grande'),
(377, 62, 41, 'Tronadora'),
(378, 62, 42, 'Santa Rosa'),
(379, 62, 43, 'Líbano'),
(380, 62, 44, 'Tierras Morenas'),
(381, 62, 45, 'Arenal'),
(382, 63, 46, 'Carmona'),
(383, 63, 47, 'Santa Rita'),
(384, 63, 48, 'Zapotal'),
(385, 63, 49, 'San Pablo'),
(386, 63, 50, 'Porvenir'),
(387, 63, 51, 'Bejuco'),
(388, 64, 52, 'La Cruz'),
(389, 64, 53, 'Santa Cecilia'),
(390, 64, 54, 'La Garita'),
(391, 64, 55, 'Santa Elena'),
(392, 65, 56, 'Hojancha'),
(393, 65, 57, 'Monte Romo'),
(394, 65, 58, 'Puerto Carrillo'),
(395, 65, 59, 'Huacas'),
(396, 65, 60, 'Matambú'),
(397, 66, 1, 'Puntarenas'),
(398, 66, 2, 'Pitahaya'),
(399, 66, 3, 'Chomes'),
(400, 66, 4, 'Lepanto'),
(401, 66, 5, 'Paquera'),
(402, 66, 6, 'Manzanillo'),
(403, 66, 7, 'Guacimal'),
(404, 66, 8, 'Barranca'),
(405, 66, 9, 'Monte Verde'),
(406, 66, 10, 'Isla del Coco'),
(407, 66, 11, 'Cóbano'),
(408, 66, 12, 'Chacarita'),
(409, 66, 13, 'Chira'),
(410, 66, 14, 'Acapulco'),
(411, 66, 15, 'El Roble'),
(412, 66, 16, 'Arancibia'),
(413, 67, 17, 'Espíritu Santo'),
(414, 67, 18, 'San Juan Grande'),
(415, 67, 19, 'Macacona'),
(416, 67, 20, 'San Rafael'),
(417, 67, 21, 'San Jerónimo'),
(418, 67, 22, 'Caldera'),
(419, 68, 23, 'Buenos Aires'),
(420, 68, 24, 'Volcán'),
(421, 68, 25, 'Potrero Grande'),
(422, 68, 26, 'Boruca'),
(423, 68, 27, 'Pilas'),
(424, 68, 28, 'Colinas'),
(425, 68, 29, 'Chánguena'),
(426, 68, 30, 'Biolley'),
(427, 68, 31, 'Brunka'),
(428, 69, 32, 'Miramar'),
(429, 69, 33, 'La Unión'),
(430, 69, 34, 'San Isidro'),
(431, 70, 35, 'Cortés'),
(432, 70, 36, 'Palmar'),
(433, 70, 37, 'Sierpe'),
(434, 70, 38, 'Bahía Ballena'),
(435, 70, 39, 'Piedras Blancas'),
(436, 70, 40, 'Bahía Drake'),
(437, 71, 41, 'Quepos'),
(438, 71, 42, 'Savegre'),
(439, 71, 43, 'Naranjito'),
(440, 72, 44, 'Golfito'),
(441, 72, 45, 'Puerto Jiménez'),
(442, 72, 46, 'Guaycará'),
(443, 72, 47, 'Pavón'),
(444, 73, 48, 'San Vito'),
(445, 73, 49, 'Sabalito'),
(446, 73, 50, 'Aguabuena'),
(447, 73, 51, 'Limoncito'),
(448, 73, 52, 'Pittier'),
(449, 73, 53, 'Gutiérrez Brown'),
(450, 74, 54, 'Parrita'),
(451, 75, 55, 'Corredor'),
(452, 75, 56, 'La Cuesta'),
(453, 75, 57, 'Paso Canoas'),
(454, 75, 58, 'Laurel'),
(455, 76, 59, 'Jacó'),
(456, 76, 60, 'Tárcoles'),
(457, 77, 1, 'Limón'),
(458, 77, 2, 'Valle la Estrella'),
(459, 77, 3, 'Río Blanco'),
(460, 77, 4, 'Matama'),
(461, 78, 5, 'Guápiles'),
(462, 78, 6, 'Jiménez'),
(463, 78, 7, 'La Rita'),
(464, 78, 8, 'Roxana'),
(465, 78, 9, 'Cariari'),
(466, 78, 10, 'Colorado'),
(467, 78, 11, 'La Colonia'),
(468, 79, 12, 'Siquirres'),
(469, 79, 13, 'Pacuarito'),
(470, 79, 14, 'Florida'),
(471, 79, 15, 'Germania'),
(472, 79, 16, 'Cairo'),
(473, 79, 17, 'Alegría'),
(474, 80, 18, 'Bratsi'),
(475, 80, 19, 'Sixaola'),
(476, 80, 20, 'Cahuita'),
(477, 80, 21, 'Telire'),
(478, 81, 22, 'Matina'),
(479, 81, 23, 'Batan'),
(480, 81, 24, 'Carrandi'),
(481, 82, 25, 'Guácimo'),
(482, 82, 26, 'Mercedes'),
(483, 82, 27, 'Pocora'),
(484, 82, 28, 'Río Jiménez'),
(485, 82, 29, 'Duacarí');

-- --------------------------------------------------------

--
-- Estructura de tabla para la tabla `impuesto`
--

CREATE TABLE `impuesto` (
  `impuesto_id` int(11) NOT NULL,
  `impuesto` float(10,2) NOT NULL,
  `fecha_registro` datetime NOT NULL,
  `estado_registro` int(1) NOT NULL COMMENT '1 = Activo, 2 = Inactivo'
) ENGINE=InnoDB DEFAULT CHARSET=utf8 COLLATE=utf8_spanish_ci;

-- --------------------------------------------------------

--
-- Estructura de tabla para la tabla `material`
--

CREATE TABLE `material` (
  `material_id` int(11) NOT NULL,
  `usuario_id` int(11) NOT NULL,
  `material` varchar(255) COLLATE utf8_spanish_ci NOT NULL,
  `material_codigo` varchar(50) COLLATE utf8_spanish_ci NOT NULL,
  `fecha_registro` datetime NOT NULL,
  `estado_registro` int(1) NOT NULL COMMENT '0 = desactivado, 1 = activado'
) ENGINE=InnoDB DEFAULT CHARSET=utf8 COLLATE=utf8_spanish_ci;

-- --------------------------------------------------------

--
-- Estructura de tabla para la tabla `material_unidad`
--

CREATE TABLE `material_unidad` (
  `material_unidad_id` int(11) NOT NULL,
  `material_unidad` varchar(100) COLLATE utf8_spanish_ci NOT NULL,
  `usuario_id` int(11) NOT NULL,
  `estado_registro` int(1) NOT NULL COMMENT 'Para registrar si esta activo o inactivo. 1=activo 0=inactivo',
  `fecha_registro` datetime NOT NULL
) ENGINE=InnoDB DEFAULT CHARSET=utf8 COLLATE=utf8_spanish_ci;

-- --------------------------------------------------------

--
-- Estructura de tabla para la tabla `moneda`
--

CREATE TABLE `moneda` (
  `moneda_id` int(11) NOT NULL,
  `moneda` varchar(50) COLLATE utf8_spanish_ci NOT NULL,
  `simbolo` varchar(6) COLLATE utf8_spanish_ci NOT NULL
) ENGINE=InnoDB DEFAULT CHARSET=utf8 COLLATE=utf8_spanish_ci;

--
-- Volcado de datos para la tabla `moneda`
--

INSERT INTO `moneda` (`moneda_id`, `moneda`, `simbolo`) VALUES
(1, 'Dolar (USD)', '$'),
(2, 'Colón (CRC)', '₡');

-- --------------------------------------------------------

--
-- Estructura de tabla para la tabla `proveedor`
--

CREATE TABLE `proveedor` (
  `proveedor_id` int(11) NOT NULL,
  `usuario_id` int(11) NOT NULL,
  `fecha_registro` datetime NOT NULL,
  `nombre_proveedor` varchar(100) COLLATE utf8_spanish_ci NOT NULL,
  `cedula_proveedor` varchar(100) COLLATE utf8_spanish_ci NOT NULL,
  `estado_proveedor` int(11) NOT NULL COMMENT '0 para inactivo, 1 para activo'
) ENGINE=InnoDB DEFAULT CHARSET=utf8 COLLATE=utf8_spanish_ci;

--
-- Volcado de datos para la tabla `proveedor`
--

INSERT INTO `proveedor` (`proveedor_id`, `usuario_id`, `fecha_registro`, `nombre_proveedor`, `cedula_proveedor`, `estado_proveedor`) VALUES
(1, 1, '2017-12-07 07:42:18', 'MACOPA', '3-101-098885', 1),
(2, 1, '2017-12-11 07:03:30', 'ALUMIMUNDO SA', '3-101-086859-28', 1),
(3, 1, '2017-12-11 07:04:09', 'TECNIGYPSUM SA', '89798798', 1),
(4, 1, '2017-12-17 06:03:47', 'Ferreteria 4', '6565989', 1),
(5, 1, '2018-04-27 15:18:32', 'EUREKA (ALIMENTACION)', '3-102-740534', 1),
(6, 1, '2018-04-27 15:19:27', 'SHADE TRESS SRL (BASURA)', '3-102-683019', 1),
(7, 1, '2018-04-27 15:22:13', 'CABINAS OLGA (CONCHAL)', '', 1),
(8, 1, '2018-04-27 15:23:07', 'CABINA HANNIA', '1234', 1),
(9, 1, '2018-04-27 15:24:10', 'CABINAS HUACAS SA', '3-101-178725', 1),
(10, 1, '2018-04-27 15:38:44', 'MAYRA VIRGINIA CAMACHO CAMAROTES', '1234', 1),
(11, 1, '2018-04-27 15:42:22', 'TRANSPORTE PERSONAL', '', 1),
(12, 1, '2018-04-27 15:44:44', 'DAVID ROBLETO', '', 1),
(13, 1, '2018-04-27 15:47:56', 'DON GUSTAVO', '', 1),
(14, 1, '2018-10-23 11:45:31', 'Edward Aristídes Ayala Caseres', '155806524023', 1);

-- --------------------------------------------------------

--
-- Estructura de tabla para la tabla `proveedor_correo`
--

CREATE TABLE `proveedor_correo` (
  `proveedor_correo_id` int(11) NOT NULL,
  `proveedor_id` int(11) NOT NULL,
  `correo_proveedor` varchar(100) COLLATE utf8_spanish_ci NOT NULL
) ENGINE=InnoDB DEFAULT CHARSET=utf8 COLLATE=utf8_spanish_ci;

--
-- Volcado de datos para la tabla `proveedor_correo`
--

INSERT INTO `proveedor_correo` (`proveedor_correo_id`, `proveedor_id`, `correo_proveedor`) VALUES
(17, 4, 'ferreteria4@proveedor.com'),
(24, 1, 'otalavera@macopa.com '),
(25, 1, 'ebarahona@macopa.com'),
(28, 2, 'cmontero@alumimundo.com'),
(29, 3, 'proveedor3@ferreteria.com'),
(30, 3, 'proveedor3@proveedor.com'),
(31, 14, 'edwardaristidesayalacaceres@gmail.com');

-- --------------------------------------------------------

--
-- Estructura de tabla para la tabla `proveedor_telefono`
--

CREATE TABLE `proveedor_telefono` (
  `proveedor_telefono_id` int(11) NOT NULL,
  `proveedor_id` int(11) NOT NULL,
  `telefono_proveedor` varchar(30) COLLATE utf8_spanish_ci NOT NULL
) ENGINE=InnoDB DEFAULT CHARSET=utf8 COLLATE=utf8_spanish_ci;

--
-- Volcado de datos para la tabla `proveedor_telefono`
--

INSERT INTO `proveedor_telefono` (`proveedor_telefono_id`, `proveedor_id`, `telefono_proveedor`) VALUES
(17, 4, '26546513'),
(24, 1, '2010-7332'),
(25, 1, '83918175'),
(28, 2, '41018600'),
(29, 3, '498798465'),
(32, 5, '83195299'),
(33, 6, '86299429'),
(34, 7, '64004224'),
(35, 8, '26544408'),
(36, 9, '26538003'),
(37, 14, '70156630');

-- --------------------------------------------------------

--
-- Estructura de tabla para la tabla `provincia`
--

CREATE TABLE `provincia` (
  `provincia_id` int(11) NOT NULL,
  `provincia` varchar(20) COLLATE utf8_spanish_ci NOT NULL
) ENGINE=InnoDB DEFAULT CHARSET=utf8 COLLATE=utf8_spanish_ci;

--
-- Volcado de datos para la tabla `provincia`
--

INSERT INTO `provincia` (`provincia_id`, `provincia`) VALUES
(1, 'San José'),
(2, 'Alajuela'),
(3, 'Cartago'),
(4, 'Heredia'),
(5, 'Guanacaste'),
(6, 'Puntarenas'),
(7, 'Limón');

-- --------------------------------------------------------

--
-- Estructura de tabla para la tabla `proyecto`
--

CREATE TABLE `proyecto` (
  `proyecto_id` int(11) NOT NULL,
  `usuario_id` int(11) NOT NULL,
  `cliente_id` int(11) NOT NULL,
  `jefe_proyecto_id` int(11) NOT NULL COMMENT 'Jefe de Proyecto',
  `proyecto_estado_id` int(11) NOT NULL,
  `distrito_id` int(11) NOT NULL,
  `moneda_id` int(11) NOT NULL,
  `nombre_proyecto` varchar(400) COLLATE utf8_spanish_ci NOT NULL,
  `fecha_registro` datetime NOT NULL,
  `fecha_firma_contrato` date DEFAULT NULL,
  `fecha_inicio` date DEFAULT NULL,
  `fecha_entrega_estimada` date DEFAULT NULL,
  `numero_contrato` varchar(100) COLLATE utf8_spanish_ci NOT NULL,
  `orden_compra` varchar(100) COLLATE utf8_spanish_ci NOT NULL,
  `direccion_exacta` text COLLATE utf8_spanish_ci NOT NULL,
  `observaciones` text COLLATE utf8_spanish_ci NOT NULL
) ENGINE=InnoDB DEFAULT CHARSET=utf8 COLLATE=utf8_spanish_ci;

--
-- Volcado de datos para la tabla `proyecto`
--

INSERT INTO `proyecto` (`proyecto_id`, `usuario_id`, `cliente_id`, `jefe_proyecto_id`, `proyecto_estado_id`, `distrito_id`, `moneda_id`, `nombre_proyecto`, `fecha_registro`, `fecha_firma_contrato`, `fecha_inicio`, `fecha_entrega_estimada`, `numero_contrato`, `orden_compra`, `direccion_exacta`, `observaciones`) VALUES
(7, 1, 10, 23, 3, 324, 1, 'DHL', '2017-12-17 01:46:09', '2019-01-01', '2019-02-13', '2020-12-23', '75888', '96478', 'Centro Corporativo Cafetal', 'Proyecto 7 observaciones'),
(17, 1, 15, 24, 2, 324, 1, 'ALIGN', '2018-04-13 14:24:28', '2017-12-26', '2018-04-14', '2018-04-20', '', '', 'ZONA FRANCA BELEN BUSINES CENTER', 'Falta Cargar Datos de valor contractual '),
(18, 1, 4, 34, 2, 290, 1, 'SAPB TORRE 2', '2018-04-13 15:12:55', '2018-03-30', '2018-03-31', '2018-06-30', '', '', 'BELEN BUSSINES CENTER', ''),
(19, 1, 4, 23, 2, 324, 1, 'SAPB SOTANOS', '2018-04-13 15:19:39', '2018-03-30', '2018-04-02', '2018-04-30', '', '', 'CENTRO CORPORATIVO BELEN BUSSINES CENTER', 'FALTA AGREGAR DESGLOSE DE COSTOS Y UTILIDADES '),
(20, 1, 13, 34, 2, 457, 1, 'APM TERMINALS', '2018-04-16 19:45:10', '2017-12-14', '2017-12-14', '2018-06-30', '', '', 'Terminal de contenedores', 'Falta número de contrato'),
(21, 1, 15, 24, 2, 12, 1, '203 Guachipelin ', '2018-04-24 15:13:35', '2017-11-15', '2017-11-16', '2018-05-12', 'Paredes y Cielos Livianos', '', 'Guachipelin de Escazú ', 'Falta verificar materiales y mano de Obra'),
(22, 1, 16, 34, 2, 356, 1, 'W Conchal', '2018-04-27 15:16:24', '1969-12-31', '1969-12-31', '1969-12-31', '', '', 'Reserva W Conchal', 'MONTOS APROXIMADOS NO SON LOS QUE SE UTILIZARON PARA OFERTAR SOLAMENTE PARA CREAR EL PROYECTO '),
(23, 1, 15, 24, 2, 324, 1, 'CAFETAL', '2018-05-10 11:41:44', '2018-02-02', '2018-02-05', '2018-05-01', '', '', 'FRENTE A BBC', 'actualizar datos'),
(24, 1, 16, 24, 2, 286, 1, 'HORTIFRUTI', '2018-06-05 10:56:12', '1969-12-31', '1969-12-31', '1969-12-31', '', '', '', ''),
(25, 1, 4, 34, 2, 0, 1, 'SABP TORRE 4', '2018-06-26 08:58:26', '2018-06-20', '2018-06-22', '2018-08-30', '', '2990', '', ''),
(26, 1, 15, 34, 2, 324, 1, 'ALING 2', '2018-07-20 08:05:24', '2018-07-10', '2018-07-02', '2018-09-01', '', '', '', ''),
(27, 1, 11, 75, 2, 0, 1, 'SACC', '2018-07-20 08:07:37', '0000-00-00', '0000-00-00', '0000-00-00', '', '', '', ''),
(28, 1, 4, 34, 2, 324, 1, 'TORRE PARQUEOS', '2018-07-20 08:16:50', '0000-00-00', '0000-00-00', '0000-00-00', '', '', '', ''),
(29, 1, 16, 23, 2, 327, 1, 'U LATINA', '2018-08-08 15:32:01', '2018-07-20', '2018-07-10', '1969-12-31', '', '', '', ''),
(30, 1, 10, 23, 1, 12, 1, 'AKAMAI', '2018-08-08 15:57:44', '2018-07-20', '2018-07-20', '0000-00-00', '', '', '', ''),
(31, 1, 4, 24, 2, 3, 1, 'URBAN ESCALANTE', '2018-09-10 19:45:26', '2018-09-07', '2018-09-10', '2018-11-30', '', '', 'BARRIO ESCALANTE', 'FALTA DEFINIR COSTO DE MATERIALES Y MANO DE OBRA');

-- --------------------------------------------------------

--
-- Estructura de tabla para la tabla `proyecto_colaborador`
--

CREATE TABLE `proyecto_colaborador` (
  `proyecto_colaborador_id` int(11) NOT NULL,
  `proyecto_id` int(11) NOT NULL,
  `colaborador_id` int(11) NOT NULL,
  `tipo_relacion` int(2) NOT NULL COMMENT '1 = Jefe de proyecto, 2 = colaborador',
  `fecha_registro` datetime NOT NULL,
  `estado_registro` int(2) NOT NULL COMMENT '0 = inactivo, 1 = activo'
) ENGINE=InnoDB DEFAULT CHARSET=utf8 COLLATE=utf8_spanish_ci;

--
-- Volcado de datos para la tabla `proyecto_colaborador`
--

INSERT INTO `proyecto_colaborador` (`proyecto_colaborador_id`, `proyecto_id`, `colaborador_id`, `tipo_relacion`, `fecha_registro`, `estado_registro`) VALUES
(1, 1, 6, 2, '2018-02-12 01:42:18', 1),
(2, 16, 1, 1, '2018-02-12 07:16:54', 0),
(3, 16, 16, 2, '2018-02-12 07:20:44', 1),
(4, 16, 7, 2, '2018-02-12 07:21:00', 1),
(6, 15, 6, 2, '2018-02-13 06:43:22', 0),
(7, 15, 7, 2, '2018-02-13 06:43:55', 0),
(8, 15, 15, 2, '2018-02-13 06:44:29', 1),
(9, 5, 17, 1, '2018-02-13 06:51:53', 1),
(10, 5, 16, 2, '2018-02-13 07:02:31', 1),
(14, 15, 1, 1, '2018-02-13 08:53:03', 0),
(17, 16, 14, 1, '2018-02-15 06:12:23', 0),
(18, 16, 17, 1, '2018-02-15 06:12:44', 0),
(19, 16, 6, 2, '2018-02-15 06:13:37', 1),
(20, 2, 6, 2, '2018-02-14 23:56:48', 1),
(21, 1, 14, 1, '2018-02-15 23:51:17', 1),
(22, 3, 18, 1, '2018-02-16 20:37:29', 1),
(23, 3, 19, 2, '2018-02-16 20:38:36', 1),
(24, 3, 6, 2, '2018-02-16 20:38:49', 1),
(25, 1, 15, 2, '2018-02-16 21:37:43', 1),
(26, 15, 14, 1, '2018-03-04 17:10:33', 1),
(27, 4, 1, 1, '2018-03-18 14:52:53', 1),
(28, 1, 16, 2, '2018-04-05 18:45:13', 1),
(29, 1, 21, 2, '2018-04-05 18:58:54', 1),
(30, 16, 20, 1, '2018-04-05 18:59:57', 1),
(31, 7, 23, 1, '2018-04-13 12:50:55', 1),
(32, 17, 23, 1, '2018-04-13 14:24:28', 0),
(33, 18, 23, 1, '2018-04-13 15:12:55', 0),
(34, 19, 23, 1, '2018-04-13 15:19:39', 1),
(35, 17, 26, 2, '2018-04-16 10:16:04', 0),
(36, 20, 24, 1, '2018-04-16 19:45:10', 0),
(37, 21, 24, 1, '2018-04-24 15:13:35', 1),
(38, 21, 29, 2, '2018-04-26 09:03:24', 1),
(39, 21, 30, 2, '2018-04-26 09:03:40', 0),
(40, 18, 34, 1, '2018-04-26 21:47:33', 1),
(41, 20, 34, 1, '2018-04-26 21:49:16', 1),
(42, 18, 28, 2, '2018-04-26 22:07:09', 1),
(43, 18, 30, 2, '2018-04-26 22:07:22', 1),
(44, 18, 33, 2, '2018-04-26 22:07:33', 1),
(45, 22, 34, 1, '2018-04-27 15:16:24', 1),
(46, 22, 26, 2, '2018-05-08 09:15:59', 1),
(47, 21, 42, 2, '2018-05-10 11:00:08', 1),
(48, 21, 43, 2, '2018-05-10 11:00:25', 1),
(49, 21, 44, 2, '2018-05-10 11:00:57', 1),
(50, 21, 45, 2, '2018-05-10 11:01:12', 1),
(51, 21, 46, 2, '2018-05-10 11:01:26', 1),
(52, 21, 47, 2, '2018-05-10 11:01:37', 1),
(53, 21, 48, 2, '2018-05-10 11:01:49', 1),
(54, 21, 49, 2, '2018-05-10 11:02:00', 1),
(55, 21, 50, 2, '2018-05-10 11:02:14', 1),
(56, 21, 51, 2, '2018-05-10 11:02:25', 1),
(57, 21, 52, 2, '2018-05-10 11:02:35', 1),
(58, 21, 53, 2, '2018-05-10 11:03:35', 1),
(59, 21, 54, 2, '2018-05-10 11:03:46', 1),
(60, 21, 55, 2, '2018-05-10 11:05:33', 1),
(61, 21, 56, 2, '2018-05-10 11:06:06', 1),
(62, 21, 57, 2, '2018-05-10 11:06:17', 1),
(63, 21, 58, 2, '2018-05-10 11:06:28', 1),
(64, 21, 59, 2, '2018-05-10 11:06:40', 1),
(65, 21, 60, 2, '2018-05-10 11:06:51', 1),
(66, 21, 61, 2, '2018-05-10 11:07:07', 1),
(67, 21, 62, 2, '2018-05-10 11:07:44', 1),
(68, 21, 63, 2, '2018-05-10 11:07:57', 1),
(69, 21, 64, 2, '2018-05-10 11:08:16', 1),
(70, 23, 24, 1, '2018-05-10 11:41:44', 1),
(71, 17, 24, 1, '2018-05-10 16:28:55', 1),
(72, 17, 67, 2, '2018-05-10 16:29:30', 1),
(73, 17, 30, 2, '2018-05-10 16:29:37', 1),
(74, 17, 31, 2, '2018-05-10 16:29:45', 1),
(75, 17, 68, 2, '2018-05-10 16:30:09', 1),
(76, 17, 29, 2, '2018-05-10 16:31:08', 1),
(77, 17, 69, 2, '2018-05-10 16:31:23', 1),
(78, 17, 70, 2, '2018-05-10 16:31:37', 1),
(79, 17, 71, 2, '2018-05-10 16:34:48', 1),
(80, 17, 72, 2, '2018-05-10 16:35:08', 1),
(81, 17, 73, 2, '2018-05-10 16:35:19', 1),
(82, 17, 74, 2, '2018-05-10 16:35:28', 1),
(83, 23, 65, 2, '2018-05-10 16:56:16', 1),
(84, 23, 66, 2, '2018-05-10 16:56:47', 1),
(85, 21, 77, 2, '2018-05-15 14:46:02', 1),
(86, 21, 78, 2, '2018-05-15 14:46:12', 1),
(87, 21, 79, 2, '2018-05-15 14:46:28', 1),
(88, 21, 80, 2, '2018-05-15 14:46:43', 1),
(89, 21, 81, 2, '2018-05-15 14:48:46', 1),
(90, 21, 82, 2, '2018-05-15 14:49:06', 1),
(91, 21, 83, 2, '2018-05-15 15:02:15', 1),
(92, 21, 76, 2, '2018-05-15 15:02:23', 1),
(93, 21, 84, 2, '2018-05-15 15:03:02', 1),
(94, 21, 85, 2, '2018-05-25 12:20:40', 1),
(95, 21, 86, 2, '2018-05-25 12:20:53', 1),
(96, 21, 87, 2, '2018-05-25 12:21:25', 1),
(97, 21, 88, 2, '2018-05-25 12:21:38', 1),
(98, 21, 89, 2, '2018-05-25 12:21:51', 1),
(99, 21, 90, 2, '2018-05-25 12:22:00', 1),
(100, 21, 94, 2, '2018-05-25 12:22:38', 1),
(101, 21, 95, 2, '2018-05-25 12:22:54', 1),
(102, 21, 70, 2, '2018-05-25 12:23:04', 1),
(103, 21, 68, 2, '2018-05-25 12:23:13', 1),
(104, 21, 97, 2, '2018-05-25 12:23:47', 1),
(105, 21, 98, 2, '2018-05-25 12:23:57', 1),
(106, 21, 100, 2, '2018-05-25 12:29:17', 1),
(107, 21, 99, 2, '2018-05-25 12:29:35', 1),
(108, 21, 101, 2, '2018-05-25 12:31:29', 1),
(109, 21, 102, 2, '2018-05-25 12:31:48', 1),
(110, 21, 103, 2, '2018-05-25 12:31:59', 1),
(111, 21, 104, 2, '2018-05-25 12:32:12', 1),
(112, 21, 105, 2, '2018-05-25 12:32:23', 1),
(113, 21, 106, 2, '2018-05-25 12:32:35', 1),
(114, 21, 107, 2, '2018-05-25 12:32:46', 1),
(115, 21, 108, 2, '2018-05-25 12:32:59', 1),
(116, 21, 109, 2, '2018-05-25 12:33:27', 1),
(117, 21, 110, 2, '2018-05-25 12:33:40', 1),
(118, 21, 111, 2, '2018-05-25 12:33:52', 1),
(119, 21, 112, 2, '2018-05-25 12:33:59', 1),
(120, 21, 113, 2, '2018-05-25 12:34:10', 1),
(121, 21, 114, 2, '2018-05-25 12:34:24', 1),
(122, 21, 115, 2, '2018-05-25 12:34:33', 1),
(123, 21, 116, 2, '2018-05-25 12:34:44', 1),
(124, 21, 117, 2, '2018-05-25 12:34:56', 1),
(125, 24, 23, 1, '2018-06-05 10:56:13', 0),
(126, 25, 34, 1, '2018-06-26 08:58:26', 1),
(127, 24, 24, 1, '2018-07-13 18:58:44', 1),
(128, 26, 34, 1, '2018-07-20 08:05:24', 1),
(129, 27, 75, 1, '2018-07-20 08:07:37', 1),
(130, 28, 34, 1, '2018-07-20 08:16:50', 1),
(131, 29, 23, 1, '2018-08-08 15:32:01', 1),
(132, 30, 23, 1, '2018-08-08 15:57:44', 1),
(133, 31, 24, 1, '2018-09-10 19:45:26', 1),
(134, 24, 30, 2, '2018-09-11 11:50:22', 1),
(135, 24, 72, 2, '2018-09-11 11:50:52', 1),
(136, 24, 69, 2, '2018-09-11 11:51:16', 1),
(137, 24, 118, 2, '2018-09-11 11:57:24', 1),
(138, 24, 119, 2, '2018-09-11 12:04:48', 1),
(139, 24, 120, 2, '2018-09-11 12:08:00', 1),
(140, 24, 121, 2, '2018-09-11 12:10:40', 1),
(141, 24, 122, 2, '2018-09-11 12:14:23', 1),
(142, 24, 123, 2, '2018-09-11 12:15:58', 1),
(143, 24, 124, 2, '2018-09-11 12:21:30', 1),
(144, 24, 125, 2, '2018-09-11 12:23:36', 1),
(145, 24, 126, 2, '2018-09-11 12:25:37', 1),
(146, 24, 127, 2, '2018-09-11 12:29:52', 1),
(147, 24, 128, 2, '2018-09-11 16:55:52', 1),
(148, 24, 129, 2, '2018-09-11 17:07:40', 1),
(149, 24, 130, 2, '2018-09-11 17:12:30', 1),
(150, 24, 131, 2, '2018-09-11 17:14:53', 1),
(151, 24, 132, 2, '2018-09-11 17:19:26', 1),
(152, 24, 133, 2, '2018-09-11 17:30:49', 1),
(153, 24, 134, 2, '2018-09-11 17:35:39', 1),
(154, 24, 135, 2, '2018-09-11 17:43:17', 1),
(155, 24, 136, 2, '2018-09-11 17:50:13', 1),
(156, 24, 137, 2, '2018-09-11 17:53:29', 1),
(157, 24, 138, 2, '2018-09-11 18:06:49', 1),
(158, 24, 139, 2, '2018-09-13 12:07:08', 1),
(159, 24, 140, 2, '2018-09-13 12:08:09', 1),
(160, 24, 141, 2, '2018-09-13 12:09:41', 1),
(161, 24, 142, 2, '2018-09-14 16:17:32', 1);

-- --------------------------------------------------------

--
-- Estructura de tabla para la tabla `proyecto_estado`
--

CREATE TABLE `proyecto_estado` (
  `proyecto_estado_id` int(11) NOT NULL,
  `proyecto_estado` varchar(50) COLLATE utf8_spanish_ci NOT NULL
) ENGINE=InnoDB DEFAULT CHARSET=utf8 COLLATE=utf8_spanish_ci;

--
-- Volcado de datos para la tabla `proyecto_estado`
--

INSERT INTO `proyecto_estado` (`proyecto_estado_id`, `proyecto_estado`) VALUES
(1, 'En presupuesto'),
(2, 'En ejecución'),
(3, 'Entregado'),
(4, 'Archivado');

-- --------------------------------------------------------

--
-- Estructura de tabla para la tabla `proyecto_gasto`
--

CREATE TABLE `proyecto_gasto` (
  `proyecto_gasto_id` int(11) NOT NULL,
  `proyecto_id` int(11) NOT NULL,
  `usuario_id` int(11) NOT NULL,
  `proyecto_gasto_tipo_id` int(11) NOT NULL,
  `fecha_registro` datetime NOT NULL,
  `fecha_gasto` date NOT NULL,
  `tiene_desgloce` int(11) NOT NULL COMMENT '0 para indicar que no tiene, 1 para indicar que si tiene'
) ENGINE=InnoDB DEFAULT CHARSET=utf8 COLLATE=utf8_spanish_ci;

--
-- Volcado de datos para la tabla `proyecto_gasto`
--

INSERT INTO `proyecto_gasto` (`proyecto_gasto_id`, `proyecto_id`, `usuario_id`, `proyecto_gasto_tipo_id`, `fecha_registro`, `fecha_gasto`, `tiene_desgloce`) VALUES
(15, 7, 1, 4, '2017-12-29 05:48:32', '2017-12-29', 0),
(61, 17, 1, 4, '2018-04-13 14:24:28', '2018-04-13', 0),
(62, 17, 1, 1, '2018-04-13 14:46:11', '2018-04-13', 0),
(63, 18, 1, 4, '2018-04-13 15:12:55', '2018-04-13', 0),
(64, 19, 1, 4, '2018-04-13 15:19:39', '2018-04-13', 0),
(66, 18, 19, 1, '2018-04-16 08:49:18', '2018-04-13', 0),
(67, 18, 19, 1, '2018-04-16 08:50:42', '2018-04-13', 0),
(68, 18, 19, 1, '2018-04-16 08:51:34', '2018-04-12', 0),
(69, 18, 19, 1, '2018-04-16 08:52:25', '2018-04-09', 0),
(70, 18, 19, 1, '2018-04-16 08:53:35', '2018-04-09', 0),
(71, 18, 19, 1, '2018-04-16 08:54:23', '2018-04-07', 0),
(72, 18, 19, 1, '2018-04-16 08:55:07', '2018-04-06', 0),
(73, 18, 19, 1, '2018-04-16 08:55:49', '2018-04-04', 0),
(74, 18, 19, 1, '2018-04-16 08:57:14', '2018-04-05', 0),
(75, 20, 1, 4, '2018-04-16 19:45:10', '2018-04-16', 0),
(76, 18, 19, 1, '2018-04-17 14:56:28', '2018-04-17', 0),
(77, 18, 19, 1, '2018-04-17 14:57:28', '2018-04-17', 0),
(78, 18, 19, 1, '2018-04-23 10:38:10', '2018-04-20', 0),
(79, 18, 19, 1, '2018-04-23 10:39:35', '2018-04-20', 0),
(80, 18, 19, 1, '2018-04-23 10:40:22', '2018-04-20', 0),
(81, 18, 19, 1, '2018-04-23 10:41:52', '2018-04-20', 0),
(82, 18, 19, 1, '2018-04-23 10:42:53', '2018-04-20', 0),
(83, 21, 1, 4, '2018-04-24 15:13:35', '2018-04-24', 0),
(84, 21, 1, 2, '2018-04-26 09:04:31', '2018-04-26', 1),
(86, 22, 1, 4, '2018-04-27 15:16:24', '2018-04-27', 0),
(87, 22, 1, 3, '2018-04-27 15:20:20', '2027-04-18', 0),
(88, 22, 1, 3, '2018-04-27 15:29:42', '2027-04-18', 0),
(89, 22, 1, 3, '2018-04-27 15:35:22', '2027-04-18', 0),
(90, 22, 1, 3, '2018-04-27 15:36:27', '2018-04-27', 0),
(91, 22, 1, 3, '2018-04-27 15:39:28', '2018-04-27', 0),
(92, 22, 1, 3, '2018-04-27 15:41:02', '2018-04-27', 0),
(93, 22, 1, 3, '2018-04-27 15:43:01', '2018-04-27', 0),
(94, 22, 1, 2, '2018-04-27 15:45:35', '2018-04-27', 0),
(95, 22, 1, 1, '2018-04-27 15:47:18', '2018-04-27', 0),
(96, 22, 1, 3, '2018-04-27 15:49:24', '2018-04-27', 0),
(97, 18, 1, 1, '2018-05-09 08:53:05', '2018-05-07', 0),
(98, 18, 1, 1, '2018-05-09 08:54:40', '2018-05-07', 0),
(99, 18, 1, 1, '2018-05-09 08:58:02', '2018-05-03', 0),
(100, 23, 1, 4, '2018-05-10 11:41:44', '2018-05-10', 0),
(101, 23, 1, 2, '2018-05-10 16:58:07', '2018-05-07', 1),
(102, 23, 1, 2, '2018-05-10 16:58:46', '2018-05-08', 1),
(103, 23, 1, 2, '2018-05-10 16:59:09', '2018-05-09', 1),
(104, 23, 1, 2, '2018-05-10 17:01:15', '2018-05-10', 1),
(105, 17, 1, 2, '2018-05-10 17:22:23', '2018-05-05', 1),
(106, 18, 1, 1, '2018-05-11 08:45:55', '2018-05-09', 0),
(107, 18, 1, 2, '2018-05-11 15:52:32', '2018-04-20', 0),
(108, 18, 1, 2, '2018-05-11 15:53:48', '2018-05-04', 0),
(109, 22, 1, 2, '2018-05-11 16:10:48', '2018-05-10', 0),
(110, 22, 1, 3, '2018-05-11 16:17:56', '2018-05-10', 0),
(111, 22, 1, 3, '2018-05-11 16:18:28', '2018-05-10', 0),
(112, 22, 1, 3, '2018-05-11 16:19:57', '2018-05-10', 0),
(113, 19, 1, 2, '2018-05-11 16:44:19', '2018-04-20', 0),
(114, 21, 1, 2, '2018-05-15 15:57:11', '2018-05-05', 1),
(115, 21, 1, 2, '2018-05-15 16:24:00', '2018-05-07', 1),
(116, 21, 1, 2, '2018-05-15 16:56:40', '2018-05-08', 1),
(118, 18, 1, 1, '2018-05-18 08:44:09', '2018-05-11', 0),
(119, 18, 1, 1, '2018-05-18 08:45:39', '2018-05-15', 0),
(120, 18, 1, 1, '2018-05-18 08:53:15', '2018-05-11', 0),
(121, 17, 1, 2, '2018-05-23 08:59:36', '2018-05-18', 1),
(122, 21, 1, 2, '2018-05-23 09:37:51', '2018-05-18', 1),
(123, 22, 1, 2, '2018-05-24 14:15:57', '2024-05-18', 0),
(124, 22, 1, 1, '2018-05-24 15:20:06', '2018-05-24', 0),
(125, 18, 1, 1, '2018-05-29 09:00:39', '2018-05-23', 0),
(126, 18, 1, 1, '2018-05-29 09:02:19', '2018-05-18', 0),
(127, 18, 1, 1, '2018-05-29 09:03:30', '2018-05-22', 0),
(128, 18, 1, 1, '2018-05-29 09:04:43', '2018-05-18', 0),
(129, 18, 1, 1, '2018-05-29 09:05:38', '2018-05-22', 0),
(130, 18, 1, 1, '2018-05-29 09:06:52', '2018-05-22', 0),
(131, 18, 1, 1, '2018-05-29 09:07:51', '2018-05-28', 0),
(132, 18, 1, 1, '2018-05-29 09:08:50', '2018-05-28', 0),
(133, 18, 1, 1, '2018-05-29 09:10:00', '2018-05-28', 0),
(134, 18, 1, 1, '2018-05-29 09:11:11', '2018-05-28', 0),
(135, 18, 1, 1, '2018-05-29 14:44:24', '2018-05-28', 0),
(137, 18, 1, 1, '2018-05-29 14:50:39', '2018-05-28', 0),
(138, 22, 1, 1, '2018-05-29 15:07:52', '2018-05-29', 0),
(139, 24, 1, 4, '2018-06-05 10:56:13', '2018-06-05', 0),
(140, 24, 1, 1, '2018-06-05 10:58:18', '2018-06-02', 0),
(141, 24, 1, 1, '2018-06-05 10:59:09', '2018-06-04', 0),
(142, 22, 1, 2, '2018-06-07 15:10:21', '2018-06-07', 0),
(143, 22, 1, 1, '2018-06-08 10:04:24', '2018-06-01', 0),
(144, 22, 1, 1, '2018-06-08 10:05:21', '2018-06-04', 0),
(145, 21, 1, 2, '2018-06-11 08:13:19', '2018-06-01', 1),
(146, 18, 1, 1, '2018-06-12 09:54:31', '2018-06-11', 0),
(147, 18, 1, 1, '2018-06-12 09:57:52', '2018-06-01', 0),
(148, 18, 1, 1, '2018-06-12 09:58:51', '2018-06-04', 0),
(149, 18, 1, 1, '2018-06-12 09:59:57', '2018-06-04', 0),
(150, 18, 1, 1, '2018-06-12 10:00:53', '2018-06-04', 0),
(151, 18, 1, 1, '2018-06-12 10:01:40', '2018-06-04', 0),
(152, 18, 1, 1, '2018-06-12 10:02:21', '2018-06-04', 0),
(153, 18, 1, 1, '2018-06-12 10:06:34', '2018-06-04', 0),
(154, 18, 1, 1, '2018-06-12 10:07:45', '2018-06-04', 0),
(155, 18, 1, 1, '2018-06-12 10:08:28', '2018-06-05', 0),
(156, 18, 1, 1, '2018-06-12 10:11:07', '2018-06-06', 0),
(157, 18, 1, 1, '2018-06-12 10:11:49', '2018-06-06', 0),
(158, 18, 1, 1, '2018-06-12 10:13:27', '2018-06-07', 0),
(159, 18, 1, 1, '2018-06-12 10:14:26', '2018-06-06', 0),
(160, 18, 1, 1, '2018-06-12 10:15:14', '2018-06-08', 0),
(161, 18, 1, 1, '2018-06-12 10:15:53', '2018-06-08', 0),
(162, 18, 1, 1, '2018-06-12 10:16:45', '2018-06-08', 0),
(163, 18, 1, 1, '2018-06-12 10:28:06', '2018-06-11', 0),
(164, 18, 1, 1, '2018-06-12 10:28:50', '2018-06-11', 0),
(165, 18, 1, 1, '2018-06-12 10:29:48', '2018-06-11', 0),
(166, 18, 1, 1, '2018-06-12 10:30:35', '2018-06-11', 0),
(167, 18, 1, 2, '2018-06-14 18:06:02', '2014-06-18', 0),
(168, 18, 1, 1, '2018-06-20 15:12:58', '2018-06-14', 0),
(169, 18, 1, 1, '2018-06-20 15:20:33', '2018-06-19', 0),
(170, 18, 1, 1, '2018-06-20 15:21:23', '2018-06-20', 0),
(171, 25, 1, 4, '2018-06-26 08:58:26', '2018-06-26', 0),
(172, 18, 1, 1, '2018-06-26 09:03:40', '2018-06-21', 0),
(173, 18, 1, 1, '2018-06-26 09:06:41', '2018-06-21', 0),
(174, 18, 1, 1, '2018-06-26 09:07:16', '2018-06-21', 0),
(175, 18, 1, 1, '2018-06-26 09:08:26', '2018-06-21', 0),
(176, 18, 1, 1, '2018-06-26 09:09:29', '2018-06-21', 0),
(177, 18, 1, 1, '2018-06-26 09:10:43', '2018-06-21', 0),
(178, 26, 1, 4, '2018-07-20 08:05:24', '2018-07-20', 0),
(179, 27, 1, 4, '2018-07-20 08:07:37', '2018-07-20', 0),
(180, 25, 1, 1, '2018-07-20 08:13:28', '2018-06-27', 0),
(181, 25, 1, 1, '2018-07-20 08:14:47', '2018-06-25', 0),
(182, 28, 1, 4, '2018-07-20 08:16:50', '2018-07-20', 0),
(183, 28, 1, 1, '2018-07-20 08:17:32', '2018-06-29', 0),
(184, 25, 1, 1, '2018-07-20 08:19:20', '2018-06-29', 0),
(185, 25, 1, 1, '2018-07-20 08:20:16', '2018-07-02', 0),
(186, 18, 1, 1, '2018-07-20 08:23:09', '2018-07-02', 0),
(187, 28, 1, 1, '2018-07-20 08:25:35', '2018-07-10', 0),
(188, 25, 1, 1, '2018-07-20 08:28:21', '2018-07-12', 0),
(189, 25, 1, 1, '2018-07-20 08:29:33', '2018-07-12', 0),
(190, 26, 1, 1, '2018-07-20 08:30:42', '2018-07-13', 0),
(191, 26, 1, 1, '2018-07-20 08:31:25', '2018-07-16', 0),
(192, 29, 1, 4, '2018-08-08 15:32:01', '2018-08-08', 0),
(193, 29, 1, 1, '2018-08-08 15:37:14', '2018-07-09', 0),
(194, 29, 1, 1, '2018-08-08 15:38:14', '2018-07-09', 0),
(195, 29, 1, 1, '2018-08-08 15:39:42', '2018-07-12', 0),
(196, 29, 1, 1, '2018-08-08 15:40:40', '2018-07-19', 0),
(197, 29, 1, 1, '2018-08-08 15:41:27', '2018-07-19', 0),
(198, 29, 1, 1, '2018-08-08 15:42:12', '2018-07-23', 0),
(199, 29, 1, 1, '2018-08-08 15:43:07', '2018-07-26', 0),
(200, 29, 1, 1, '2018-08-08 15:43:50', '2018-07-27', 0),
(201, 29, 1, 1, '2018-08-08 15:44:35', '2018-07-30', 0),
(202, 29, 1, 1, '2018-08-08 15:46:25', '2018-07-31', 0),
(203, 29, 1, 1, '2018-08-08 15:47:11', '2018-08-08', 0),
(204, 29, 1, 1, '2018-08-08 15:48:04', '2018-08-01', 0),
(205, 29, 1, 1, '2018-08-08 15:49:02', '2018-08-03', 0),
(206, 30, 1, 4, '2018-08-08 15:57:44', '2018-08-08', 0),
(207, 30, 1, 1, '2018-08-08 15:58:49', '2018-08-03', 0),
(208, 30, 1, 1, '2018-08-08 16:00:07', '2018-07-24', 0),
(209, 30, 1, 1, '2018-08-08 16:01:59', '2018-07-30', 0),
(210, 29, 1, 1, '2018-08-31 16:21:30', '2018-08-29', 0),
(211, 29, 1, 1, '2018-08-31 16:28:18', '2018-08-30', 0),
(212, 27, 1, 1, '2018-08-31 16:33:49', '2018-07-20', 0),
(213, 27, 1, 1, '2018-08-31 16:35:04', '2018-07-19', 0),
(214, 27, 1, 1, '2018-08-31 16:36:30', '2018-07-20', 0),
(216, 27, 1, 1, '2018-08-31 16:49:04', '2018-08-06', 0),
(217, 27, 1, 1, '2018-08-31 16:51:13', '2018-08-03', 0),
(218, 27, 1, 1, '2018-08-31 16:51:53', '2018-08-07', 0),
(219, 27, 1, 1, '2018-08-31 16:52:37', '2018-08-08', 0),
(220, 29, 1, 1, '2018-08-31 16:55:10', '2018-08-08', 0),
(221, 29, 1, 1, '2018-08-31 16:58:46', '2018-08-08', 0),
(222, 31, 1, 4, '2018-09-10 19:45:26', '2018-09-10', 0),
(223, 24, 1, 2, '2018-09-11 18:29:31', '2018-08-22', 1),
(224, 24, 1, 2, '2018-09-11 18:36:39', '2018-09-05', 1),
(225, 24, 1, 2, '2018-09-13 09:44:52', '2018-08-12', 1),
(226, 24, 1, 2, '2018-09-13 09:55:08', '2018-07-27', 1),
(227, 24, 1, 2, '2018-09-13 10:01:06', '2018-06-29', 1),
(228, 24, 1, 2, '2018-09-13 10:04:47', '2018-08-10', 1),
(229, 24, 1, 2, '2018-09-13 12:11:36', '2018-09-13', 1),
(230, 24, 1, 2, '2018-09-13 12:13:12', '2018-06-30', 1),
(231, 29, 1, 1, '2018-09-14 14:57:07', '2018-08-31', 0),
(232, 29, 1, 1, '2018-09-14 14:58:57', '2018-08-29', 0),
(233, 29, 1, 1, '2018-09-14 14:59:37', '2018-09-06', 0),
(234, 29, 1, 1, '2018-10-18 08:25:05', '2018-10-03', 0),
(235, 29, 1, 1, '2018-10-18 08:26:19', '2018-10-12', 0),
(236, 29, 1, 1, '2018-10-18 08:28:02', '2018-10-01', 0),
(237, 29, 1, 1, '2018-10-18 08:29:44', '2018-09-27', 0),
(238, 29, 1, 1, '2018-10-18 08:35:37', '2018-09-24', 0),
(239, 29, 1, 1, '2018-10-18 08:37:48', '2018-10-11', 0),
(240, 29, 1, 1, '2018-10-18 08:38:39', '2018-10-11', 0),
(241, 29, 1, 1, '2018-10-18 08:40:40', '2018-10-05', 0),
(242, 29, 1, 1, '2018-10-18 08:41:53', '2018-10-08', 0),
(243, 29, 1, 1, '2018-10-18 08:44:13', '2018-10-02', 0),
(244, 29, 1, 1, '2018-10-18 08:44:59', '2018-10-03', 0),
(245, 29, 1, 1, '2018-10-18 08:45:45', '2018-10-03', 0),
(246, 29, 1, 1, '2018-10-18 08:47:21', '2018-09-28', 0),
(247, 29, 1, 1, '2018-10-18 08:49:45', '2018-09-26', 0),
(248, 29, 1, 1, '2018-10-18 08:50:58', '2018-09-26', 0),
(249, 29, 1, 1, '2018-10-18 08:56:03', '2018-09-18', 0),
(250, 29, 1, 1, '2018-10-18 08:57:24', '2018-09-17', 0),
(251, 29, 1, 1, '2018-10-18 09:02:16', '2018-09-13', 0),
(253, 29, 1, 1, '2018-10-18 09:04:50', '2018-08-27', 0),
(254, 29, 1, 1, '2018-10-18 09:07:14', '2018-09-03', 0),
(255, 29, 1, 1, '2018-10-18 09:09:21', '2018-09-07', 0),
(256, 29, 1, 1, '2018-10-18 09:11:16', '2018-09-10', 0),
(257, 29, 1, 1, '2018-10-18 09:12:33', '2018-09-12', 0),
(258, 29, 1, 1, '2018-10-18 09:13:30', '2018-09-13', 0),
(259, 29, 1, 1, '2018-10-18 09:14:31', '2018-08-08', 0),
(260, 29, 1, 1, '2018-10-18 09:25:15', '2018-09-07', 0),
(261, 29, 1, 1, '2018-10-18 09:31:09', '2018-08-10', 0),
(262, 29, 1, 1, '2018-10-18 09:34:21', '2018-08-17', 0),
(263, 29, 1, 1, '2018-10-18 09:37:17', '2018-08-20', 0),
(264, 29, 1, 1, '2018-10-18 09:47:16', '2018-08-31', 0),
(265, 31, 1, 1, '2018-10-18 10:11:29', '2018-10-02', 0),
(266, 31, 1, 1, '2018-10-18 10:14:18', '2018-10-05', 0),
(267, 31, 1, 1, '2018-10-18 10:15:05', '2018-09-26', 0),
(268, 31, 1, 1, '2018-10-18 10:17:01', '2018-09-25', 0),
(269, 31, 1, 1, '2018-10-18 10:20:12', '2018-09-21', 0),
(270, 31, 1, 1, '2018-10-18 10:21:18', '2018-09-27', 0),
(271, 31, 1, 1, '2018-10-18 10:22:35', '2018-09-18', 0),
(272, 31, 1, 1, '2018-10-18 10:24:22', '2018-10-20', 0),
(273, 31, 1, 1, '2018-10-18 10:25:23', '2018-09-20', 0),
(274, 31, 1, 1, '2018-10-18 10:27:32', '2018-09-19', 0),
(275, 31, 1, 1, '2018-10-18 10:28:33', '2018-09-19', 0),
(276, 31, 1, 1, '2018-10-18 10:30:07', '2018-09-14', 0),
(277, 31, 1, 1, '2018-10-18 10:31:42', '2018-09-14', 0),
(278, 31, 1, 1, '2018-10-18 10:34:15', '2018-09-07', 0),
(279, 31, 1, 1, '2018-10-18 10:37:07', '2018-09-07', 0),
(280, 31, 1, 1, '2018-10-18 10:38:08', '2018-09-11', 0),
(281, 31, 1, 1, '2018-10-18 10:39:28', '2018-09-11', 0),
(282, 31, 1, 1, '2018-10-18 10:41:02', '2018-09-12', 0),
(283, 31, 1, 1, '2018-10-18 10:43:51', '2018-10-16', 0),
(284, 31, 1, 1, '2018-10-18 10:49:36', '2018-10-12', 0),
(285, 31, 1, 1, '2018-10-18 10:50:43', '2018-10-12', 0),
(286, 31, 1, 1, '2018-10-18 10:52:33', '2018-10-16', 0),
(287, 31, 1, 1, '2018-10-18 10:53:37', '2018-10-17', 0),
(288, 31, 1, 1, '2018-10-18 10:54:50', '2018-10-02', 0),
(289, 31, 1, 1, '2018-10-18 10:58:44', '2018-09-26', 0),
(290, 31, 1, 1, '2018-10-18 10:59:57', '2018-09-20', 0),
(291, 31, 1, 1, '2018-10-18 11:00:55', '2018-09-20', 0),
(292, 31, 1, 1, '2018-10-18 11:02:50', '2018-09-06', 0),
(293, 31, 1, 1, '2018-10-18 11:08:22', '2018-10-12', 0),
(294, 31, 1, 1, '2018-10-18 11:33:57', '2018-10-03', 0),
(295, 31, 1, 1, '2018-10-18 11:34:45', '2018-10-08', 0),
(296, 27, 1, 1, '2018-10-18 12:18:09', '2018-10-03', 0),
(297, 27, 1, 1, '2018-10-18 12:19:12', '2018-10-02', 0),
(298, 27, 1, 1, '2018-10-18 12:21:08', '2018-10-03', 0),
(299, 27, 1, 1, '2018-10-18 12:22:16', '2018-10-08', 0),
(302, 27, 1, 1, '2018-10-18 12:26:16', '2018-10-11', 0),
(303, 27, 1, 1, '2018-10-18 12:27:50', '2018-10-10', 0),
(304, 27, 1, 1, '2018-10-18 12:28:53', '2018-10-11', 0),
(305, 27, 1, 1, '2018-10-18 12:30:02', '2018-10-01', 0),
(306, 27, 1, 1, '2018-10-18 12:31:04', '2018-09-03', 0),
(307, 27, 1, 1, '2018-10-18 12:31:49', '2018-09-06', 0),
(308, 27, 1, 1, '2018-10-18 12:32:46', '2018-09-17', 0),
(309, 27, 1, 1, '2018-10-18 12:33:32', '2018-09-19', 0),
(310, 27, 1, 1, '2018-10-18 12:34:52', '2018-08-10', 0),
(311, 27, 1, 1, '2018-10-18 12:35:48', '2018-08-31', 0),
(312, 27, 1, 1, '2018-10-18 12:37:21', '2018-09-12', 0),
(313, 27, 1, 1, '2018-10-18 12:37:37', '2018-09-12', 0),
(314, 27, 1, 1, '2018-10-18 12:40:54', '2018-10-18', 0),
(315, 27, 1, 1, '2018-10-18 12:45:28', '2018-09-12', 0),
(316, 27, 1, 1, '2018-10-18 12:46:29', '2018-08-03', 0),
(317, 27, 1, 1, '2018-10-18 12:47:17', '2018-08-06', 0),
(318, 27, 1, 1, '2018-10-18 12:48:22', '2018-08-07', 0),
(319, 27, 1, 1, '2018-10-18 12:52:00', '2018-08-21', 0),
(320, 27, 1, 1, '2018-10-18 12:53:43', '2018-08-27', 0),
(321, 27, 1, 1, '2018-10-18 12:59:43', '2018-10-16', 0),
(322, 29, 1, 1, '2018-10-18 13:02:04', '2018-10-17', 0),
(323, 29, 1, 2, '2018-10-20 09:24:16', '2018-10-20', 0),
(324, 29, 1, 2, '2018-10-20 09:45:36', '2018-10-20', 0);

-- --------------------------------------------------------

--
-- Estructura de tabla para la tabla `proyecto_gasto_detalle`
--

CREATE TABLE `proyecto_gasto_detalle` (
  `proyecto_gasto_detalle_id` int(11) NOT NULL,
  `proyecto_gasto_id` int(11) NOT NULL,
  `proveedor_id` int(11) NOT NULL,
  `proyecto_gasto_estado_id` int(11) NOT NULL,
  `numero_factura` int(11) NOT NULL,
  `gasto_detalle` text COLLATE utf8_spanish_ci NOT NULL
) ENGINE=InnoDB DEFAULT CHARSET=utf8 COLLATE=utf8_spanish_ci;

--
-- Volcado de datos para la tabla `proyecto_gasto_detalle`
--

INSERT INTO `proyecto_gasto_detalle` (`proyecto_gasto_detalle_id`, `proyecto_gasto_id`, `proveedor_id`, `proyecto_gasto_estado_id`, `numero_factura`, `gasto_detalle`) VALUES
(13, 62, 1, 1, 0, ''),
(15, 66, 1, 1, 936387, ''),
(16, 67, 1, 1, 936389, ''),
(17, 68, 1, 1, 936046, ''),
(18, 69, 1, 1, 935553, ''),
(19, 70, 1, 1, 935546, ''),
(20, 71, 1, 1, 935380, ''),
(21, 72, 1, 1, 935170, ''),
(22, 73, 1, 1, 934798, ''),
(23, 74, 3, 2, 549447, ''),
(24, 76, 1, 1, 936807, ''),
(25, 77, 1, 1, 936808, ''),
(26, 78, 1, 1, 937596, ''),
(27, 79, 1, 1, 937595, ''),
(28, 80, 1, 1, 937535, ''),
(29, 81, 3, 2, 552058, ''),
(30, 82, 1, 1, 937594, ''),
(31, 87, 5, 2, 1234, ''),
(32, 88, 7, 2, 1234, ''),
(33, 89, 9, 2, 1234, ''),
(34, 90, 8, 2, 1234, ''),
(35, 91, 10, 2, 1234, ''),
(36, 92, 6, 2, 1234, ''),
(37, 93, 11, 2, 1234, ''),
(38, 95, 1, 1, 123, ''),
(39, 96, 13, 2, 1234, ''),
(40, 97, 1, 1, 940473, ''),
(41, 98, 1, 1, 940535, ''),
(42, 99, 1, 1, 939698, ''),
(43, 106, 3, 2, 554156, ''),
(44, 110, 11, 2, 123, ''),
(45, 111, 11, 2, 123, ''),
(46, 112, 6, 2, 40, ''),
(48, 118, 1, 1, 941434, ''),
(49, 119, 3, 2, 555755, ''),
(50, 120, 1, 1, 941435, ''),
(51, 124, 1, 1, 958644, ''),
(52, 125, 3, 2, 555177, ''),
(53, 126, 1, 1, 942589, ''),
(54, 127, 1, 1, 958167, ''),
(55, 128, 3, 2, 555995, ''),
(56, 129, 1, 1, 958161, ''),
(57, 130, 1, 1, 958179, ''),
(58, 131, 1, 1, 959233, ''),
(59, 132, 1, 1, 959234, ''),
(60, 133, 1, 1, 959236, ''),
(61, 134, 1, 1, 959232, ''),
(62, 135, 1, 1, 959077, ''),
(64, 137, 3, 2, 555430, ''),
(65, 138, 1, 1, 959431, ''),
(66, 140, 1, 1, 960252, ''),
(67, 141, 1, 1, 960404, ''),
(68, 143, 1, 1, 960170, ''),
(69, 144, 1, 1, 960493, ''),
(70, 146, 3, 2, 557774, ''),
(71, 147, 3, 2, 557177, ''),
(72, 148, 1, 1, 960322, ''),
(73, 149, 1, 1, 960321, ''),
(74, 150, 1, 1, 960320, ''),
(75, 151, 1, 1, 960319, ''),
(76, 152, 1, 1, 960324, ''),
(77, 153, 1, 1, 960323, ''),
(78, 154, 1, 1, 960491, ''),
(79, 155, 1, 1, 960752, ''),
(80, 156, 1, 1, 960834, ''),
(81, 157, 1, 1, 960835, ''),
(82, 158, 1, 1, 961177, ''),
(83, 159, 1, 1, 960969, ''),
(84, 160, 1, 1, 961275, ''),
(85, 161, 1, 1, 961277, ''),
(86, 162, 1, 1, 961274, ''),
(87, 163, 1, 1, 961589, ''),
(88, 164, 1, 1, 961697, ''),
(89, 165, 1, 1, 961698, ''),
(90, 166, 1, 1, 961699, ''),
(91, 168, 1, 1, 962466, ''),
(92, 169, 1, 1, 962987, ''),
(93, 170, 3, 2, 558971, ''),
(94, 172, 1, 1, 963505, ''),
(95, 173, 1, 1, 963503, ''),
(96, 174, 1, 1, 963504, ''),
(97, 175, 1, 1, 963502, ''),
(98, 176, 3, 1, 559033, ''),
(99, 177, 1, 1, 963506, ''),
(100, 180, 1, 1, 964584, ''),
(101, 181, 1, 1, 964038, ''),
(102, 183, 1, 1, 964991, ''),
(103, 184, 1, 1, 964992, ''),
(104, 185, 1, 1, 965400, ''),
(105, 186, 1, 1, 965399, ''),
(106, 187, 1, 1, 966850, ''),
(107, 188, 1, 1, 967307, ''),
(108, 189, 1, 1, 967305, ''),
(109, 190, 1, 2, 967404, ''),
(110, 191, 1, 2, 967749, ''),
(111, 193, 1, 1, 966384, ''),
(112, 194, 1, 1, 966417, ''),
(113, 195, 1, 1, 967315, ''),
(114, 196, 1, 1, 968330, ''),
(115, 197, 1, 1, 968274, ''),
(116, 198, 1, 1, 968966, ''),
(117, 199, 1, 1, 969404, ''),
(118, 200, 1, 1, 969579, ''),
(119, 201, 1, 1, 969910, ''),
(120, 202, 1, 1, 970159, ''),
(121, 203, 1, 1, 970869, ''),
(122, 204, 1, 1, 970329, ''),
(123, 205, 1, 1, 970749, ''),
(124, 207, 1, 1, 9770548, ''),
(125, 208, 1, 2, 969228, ''),
(126, 209, 1, 2, 969912, ''),
(127, 210, 1, 1, 974790, ''),
(128, 211, 1, 1, 975117, ''),
(129, 212, 1, 1, 968470, ''),
(130, 213, 1, 1, 968327, ''),
(131, 214, 1, 1, 968587, ''),
(133, 216, 1, 1, 970893, ''),
(134, 217, 1, 1, 970764, ''),
(135, 218, 1, 1, 971114, ''),
(136, 219, 1, 1, 971509, ''),
(137, 220, 1, 1, 971343, ''),
(138, 221, 1, 1, 971005, ''),
(139, 231, 1, 1, 975438, ''),
(140, 232, 1, 1, 974974, ''),
(141, 233, 1, 1, 976246, ''),
(142, 234, 1, 1, 1000000071, ''),
(143, 235, 1, 1, 1000002047, ''),
(144, 236, 1, 1, 980213, ''),
(145, 237, 1, 1, 979926, ''),
(146, 238, 1, 1, 979001, ''),
(147, 239, 1, 1, 1000001729, ''),
(148, 240, 1, 1, 1000001731, ''),
(149, 241, 1, 1, 1000000532, ''),
(150, 242, 1, 1, 1000001050, ''),
(151, 243, 1, 1, 980496, ''),
(152, 244, 1, 1, 1000000020, ''),
(153, 245, 1, 1, 1000000150, ''),
(154, 246, 1, 1, 980110, ''),
(155, 247, 1, 1, 979611, ''),
(156, 248, 1, 1, 979690, ''),
(157, 249, 1, 1, 978158, ''),
(158, 250, 1, 1, 977940, ''),
(159, 251, 1, 1, 977452, ''),
(161, 253, 1, 1, 974326, ''),
(162, 254, 1, 1, 975565, ''),
(163, 255, 1, 1, 976578, ''),
(164, 256, 1, 1, 976739, ''),
(165, 257, 1, 1, 977322, ''),
(166, 258, 1, 1, 977526, ''),
(167, 259, 1, 1, 971343, ''),
(168, 260, 1, 1, 966417, ''),
(169, 261, 1, 1, 971973, ''),
(170, 262, 1, 1, 972877, ''),
(171, 263, 1, 1, 973073, ''),
(172, 264, 1, 1, 975265, ''),
(173, 265, 1, 1, 980610, ''),
(174, 266, 1, 1, 1000000713, ''),
(175, 267, 1, 1, 979686, ''),
(176, 268, 1, 1, 979338, ''),
(177, 269, 1, 1, 978888, ''),
(178, 270, 1, 1, 979837, ''),
(179, 271, 1, 1, 978275, ''),
(180, 272, 1, 1, 978619, ''),
(181, 273, 1, 1, 978659, ''),
(182, 274, 1, 1, 978440, ''),
(183, 275, 1, 1, 978441, ''),
(184, 276, 1, 1, 977681, ''),
(185, 277, 1, 1, 977681, ''),
(186, 278, 1, 1, 976492, ''),
(187, 279, 1, 1, 976492, ''),
(188, 280, 1, 1, 977137, ''),
(189, 281, 1, 1, 976980, ''),
(190, 282, 1, 1, 977362, ''),
(191, 283, 3, 2, 1765, ''),
(192, 284, 3, 2, 1524, ''),
(193, 285, 1, 1, 1000001974, ''),
(194, 286, 1, 1, 1000002453, ''),
(195, 287, 1, 1, 1000002711, ''),
(196, 288, 1, 1, 980610, ''),
(197, 289, 1, 1, 979686, ''),
(198, 290, 1, 1, 978659, ''),
(199, 291, 1, 1, 978619, ''),
(200, 292, 1, 1, 976345, ''),
(201, 293, 1, 1, 1000001860, ''),
(202, 294, 1, 2, 1000000006, 'FACTURA A COMPRADA POR BILCO Y REBAJADA A NOSOTROS........RECLAMAR  50 PERFIL JUNTA DECORATIVA 1/2\" YA QUE NO SE USA EN EL PROYECTO Y EN LA FACHADA SI REBAJAR DE LA FACTURA.'),
(203, 295, 1, 2, 986, ''),
(204, 296, 1, 1, 1000000137, ''),
(205, 297, 1, 1, 980680, ''),
(206, 298, 1, 1, 1000000233, ''),
(207, 299, 1, 1, 1000000820, ''),
(210, 302, 1, 1, 1000001627, ''),
(211, 303, 1, 1, 1000001427, ''),
(212, 304, 1, 1, 1000001612, ''),
(213, 305, 1, 1, 980214, ''),
(214, 306, 1, 1, 975570, ''),
(215, 307, 1, 1, 976253, ''),
(216, 308, 1, 1, 977941, ''),
(217, 309, 1, 1, 978365, ''),
(218, 310, 1, 1, 971974, ''),
(219, 311, 1, 1, 975439, ''),
(220, 312, 1, 1, 977363, ''),
(221, 313, 1, 1, 977363, ''),
(222, 314, 1, 1, 977213, ''),
(223, 315, 1, 1, 977219, ''),
(224, 316, 1, 1, 970764, ''),
(225, 317, 1, 1, 970893, ''),
(226, 318, 1, 1, 971114, ''),
(227, 319, 1, 1, 973370, ''),
(228, 320, 1, 1, 974451, ''),
(229, 321, 1, 1, 1000002503, ''),
(230, 322, 1, 1, 1000002810, '');

-- --------------------------------------------------------

--
-- Estructura de tabla para la tabla `proyecto_gasto_estado`
--

CREATE TABLE `proyecto_gasto_estado` (
  `proyecto_gasto_estado_id` int(11) NOT NULL,
  `proyecto_gasto_estado` varchar(30) COLLATE utf8_spanish_ci NOT NULL
) ENGINE=InnoDB DEFAULT CHARSET=utf8 COLLATE=utf8_spanish_ci;

--
-- Volcado de datos para la tabla `proyecto_gasto_estado`
--

INSERT INTO `proyecto_gasto_estado` (`proyecto_gasto_estado_id`, `proyecto_gasto_estado`) VALUES
(1, 'Pendiente'),
(2, 'Cancelado');

-- --------------------------------------------------------

--
-- Estructura de tabla para la tabla `proyecto_gasto_mano_obra`
--

CREATE TABLE `proyecto_gasto_mano_obra` (
  `proyecto_gasto_mano_obra_id` int(11) NOT NULL,
  `proyecto_gasto_id` int(11) NOT NULL,
  `proyecto_colaborador_id` int(11) NOT NULL,
  `usuario_id` int(11) NOT NULL,
  `fecha_registro` datetime NOT NULL,
  `cantidad_horas` float(6,2) NOT NULL,
  `cantidad_horas_extra` float(6,2) NOT NULL,
  `costo_hora_mano_obra` float(10,2) NOT NULL,
  `estado_registro` int(2) NOT NULL COMMENT '0 = inactivo, 1 = activo'
) ENGINE=InnoDB DEFAULT CHARSET=utf8 COLLATE=utf8_spanish_ci;

--
-- Volcado de datos para la tabla `proyecto_gasto_mano_obra`
--

INSERT INTO `proyecto_gasto_mano_obra` (`proyecto_gasto_mano_obra_id`, `proyecto_gasto_id`, `proyecto_colaborador_id`, `usuario_id`, `fecha_registro`, `cantidad_horas`, `cantidad_horas_extra`, `costo_hora_mano_obra`, `estado_registro`) VALUES
(1, 84, 36, 1, '2018-04-26 09:04:31', 0.00, 0.00, 3000.00, 0),
(2, 84, 38, 1, '2018-04-26 09:04:31', 9.00, 1.00, 1850.00, 0),
(3, 84, 39, 1, '2018-04-26 09:04:31', 3.00, 0.00, 2100.00, 0),
(4, 84, 36, 1, '2018-04-26 09:04:45', 0.00, 0.00, 3000.00, 1),
(5, 84, 38, 1, '2018-04-26 09:04:45', 9.00, 1.00, 1850.00, 1),
(6, 84, 39, 1, '2018-04-26 09:04:46', 3.00, 0.00, 2100.00, 1),
(7, 85, 40, 1, '2018-04-26 22:08:33', 0.00, 1.00, 3500.00, 0),
(8, 85, 42, 1, '2018-04-26 22:08:33', 10.00, 0.00, 1650.00, 0),
(9, 85, 39, 1, '2018-04-26 22:08:33', 100.00, 2.00, 2100.00, 0),
(10, 85, 44, 1, '2018-04-26 22:08:33', 20.00, 0.00, 1900.00, 0),
(11, 85, 40, 1, '2018-04-26 22:10:03', 10.00, 1.00, 3500.00, 1),
(12, 85, 42, 1, '2018-04-26 22:10:03', 10.00, 0.00, 1650.00, 1),
(13, 85, 39, 1, '2018-04-26 22:10:03', 100.00, 2.00, 2100.00, 1),
(14, 85, 44, 1, '2018-04-26 22:10:03', 20.00, 0.00, 1900.00, 1),
(15, 101, 36, 1, '2018-05-10 16:58:07', 10.00, 0.00, 3000.00, 1),
(16, 101, 83, 1, '2018-05-10 16:58:07', 10.00, 0.00, 1450.00, 1),
(17, 101, 84, 1, '2018-05-10 16:58:07', 10.00, 0.00, 1850.00, 1),
(18, 102, 36, 1, '2018-05-10 16:58:46', 10.00, 0.00, 3000.00, 1),
(19, 102, 83, 1, '2018-05-10 16:58:46', 11.00, 0.00, 1450.00, 1),
(20, 102, 84, 1, '2018-05-10 16:58:46', 10.00, 0.00, 1850.00, 1),
(21, 103, 36, 1, '2018-05-10 16:59:09', 10.00, 0.00, 3000.00, 1),
(22, 103, 83, 1, '2018-05-10 16:59:09', 10.00, 0.00, 1450.00, 1),
(23, 103, 84, 1, '2018-05-10 16:59:09', 10.00, 0.00, 1850.00, 1),
(24, 104, 36, 1, '2018-05-10 17:01:15', 10.00, 0.00, 3000.00, 0),
(25, 104, 84, 1, '2018-05-10 17:01:15', 10.00, 0.00, 1850.00, 0),
(26, 104, 83, 1, '2018-05-10 17:01:15', 10.00, 0.00, 1450.00, 0),
(27, 104, 36, 1, '2018-05-10 17:01:35', 10.00, 0.00, 3000.00, 1),
(28, 104, 84, 1, '2018-05-10 17:01:35', 10.00, 0.00, 1850.00, 1),
(29, 104, 83, 1, '2018-05-10 17:01:35', 10.00, 0.00, 1450.00, 1),
(30, 105, 36, 1, '2018-05-10 17:22:23', 0.00, 0.00, 3000.00, 1),
(31, 105, 75, 1, '2018-05-10 17:22:23', 0.00, 0.00, 1900.00, 1),
(32, 105, 77, 1, '2018-05-10 17:22:23', 5.00, 0.00, 1300.00, 1),
(33, 105, 80, 1, '2018-05-10 17:22:23', 5.00, 0.00, 2000.00, 1),
(34, 105, 38, 1, '2018-05-10 17:22:23', 5.00, 0.00, 1850.00, 1),
(35, 105, 39, 1, '2018-05-10 17:22:23', 5.00, 0.00, 2100.00, 1),
(36, 105, 74, 1, '2018-05-10 17:22:23', 0.00, 0.00, 1950.00, 1),
(37, 105, 78, 1, '2018-05-10 17:22:23', 0.00, 0.00, 1300.00, 1),
(38, 105, 79, 1, '2018-05-10 17:22:23', 5.00, 0.00, 2000.00, 1),
(39, 105, 81, 1, '2018-05-10 17:22:23', 5.00, 0.00, 1400.00, 1),
(40, 105, 82, 1, '2018-05-10 17:22:23', 5.00, 0.00, 1400.00, 1),
(41, 105, 72, 1, '2018-05-10 17:22:23', 5.00, 0.00, 1500.00, 1),
(42, 114, 36, 1, '2018-05-15 15:57:11', 5.00, 0.00, 3000.00, 0),
(43, 114, 69, 1, '2018-05-15 15:57:11', 0.00, 0.00, 1400.00, 0),
(44, 114, 92, 1, '2018-05-15 15:57:11', 5.00, 0.00, 2000.00, 0),
(45, 114, 49, 1, '2018-05-15 15:57:11', 5.00, 0.00, 1900.00, 0),
(46, 114, 60, 1, '2018-05-15 15:57:11', 5.00, 0.00, 1900.00, 0),
(47, 114, 85, 1, '2018-05-15 15:57:11', 5.00, 0.00, 0.00, 0),
(48, 114, 50, 1, '2018-05-15 15:57:11', 5.00, 0.00, 1900.00, 0),
(49, 114, 86, 1, '2018-05-15 15:57:11', 5.00, 0.00, 1400.00, 0),
(50, 114, 51, 1, '2018-05-15 15:57:11', 5.00, 0.00, 1900.00, 0),
(51, 114, 62, 1, '2018-05-15 15:57:11', 5.00, 0.00, 1900.00, 0),
(52, 114, 52, 1, '2018-05-15 15:57:11', 5.00, 0.00, 1900.00, 0),
(53, 114, 63, 1, '2018-05-15 15:57:11', 5.00, 0.00, 1900.00, 0),
(54, 114, 88, 1, '2018-05-15 15:57:11', 5.00, 0.00, 1900.00, 0),
(55, 114, 53, 1, '2018-05-15 15:57:11', 5.00, 0.00, 1900.00, 0),
(56, 114, 89, 1, '2018-05-15 15:57:11', 0.00, 0.00, 1900.00, 0),
(57, 114, 90, 1, '2018-05-15 15:57:12', 0.00, 0.00, 1900.00, 0),
(58, 114, 66, 1, '2018-05-15 15:57:12', 0.00, 0.00, 1900.00, 0),
(59, 114, 38, 1, '2018-05-15 15:57:12', 0.00, 0.00, 1850.00, 0),
(60, 114, 93, 1, '2018-05-15 15:57:12', 0.00, 0.00, 1400.00, 0),
(61, 114, 39, 1, '2018-05-15 15:57:12', 0.00, 0.00, 2100.00, 0),
(62, 114, 68, 1, '2018-05-15 15:57:12', 0.00, 0.00, 1900.00, 0),
(63, 114, 47, 1, '2018-05-15 15:57:12', 0.00, 0.00, 1400.00, 0),
(64, 114, 58, 1, '2018-05-15 15:57:12', 0.00, 0.00, 1400.00, 0),
(65, 114, 48, 1, '2018-05-15 15:57:12', 0.00, 0.00, 1400.00, 0),
(66, 114, 59, 1, '2018-05-15 15:57:12', 0.00, 0.00, 1900.00, 0),
(67, 114, 61, 1, '2018-05-15 15:57:12', 0.00, 0.00, 1900.00, 0),
(68, 114, 87, 1, '2018-05-15 15:57:12', 0.00, 0.00, 1900.00, 0),
(69, 114, 64, 1, '2018-05-15 15:57:12', 0.00, 0.00, 1900.00, 0),
(70, 114, 54, 1, '2018-05-15 15:57:12', 0.00, 0.00, 1900.00, 0),
(71, 114, 65, 1, '2018-05-15 15:57:12', 0.00, 0.00, 1900.00, 0),
(72, 114, 55, 1, '2018-05-15 15:57:12', 0.00, 0.00, 1900.00, 0),
(73, 114, 91, 1, '2018-05-15 15:57:12', 0.00, 0.00, 1900.00, 0),
(74, 114, 56, 1, '2018-05-15 15:57:12', 0.00, 0.00, 1900.00, 0),
(75, 114, 67, 1, '2018-05-15 15:57:12', 0.00, 0.00, 1900.00, 0),
(76, 114, 57, 1, '2018-05-15 15:57:12', 0.00, 0.00, 1900.00, 0),
(77, 114, 36, 1, '2018-05-15 16:03:19', 5.00, 0.00, 3000.00, 0),
(78, 114, 92, 1, '2018-05-15 16:03:19', 5.00, 0.00, 2000.00, 0),
(79, 114, 50, 1, '2018-05-15 16:03:19', 5.00, 0.00, 1900.00, 0),
(80, 114, 52, 1, '2018-05-15 16:03:19', 5.00, 0.00, 1900.00, 0),
(81, 114, 89, 1, '2018-05-15 16:03:19', 5.00, 0.00, 1900.00, 0),
(82, 114, 93, 1, '2018-05-15 16:03:19', 0.00, 0.00, 1400.00, 0),
(83, 114, 49, 1, '2018-05-15 16:03:19', 5.00, 0.00, 1900.00, 0),
(84, 114, 86, 1, '2018-05-15 16:03:19', 5.00, 0.00, 1400.00, 0),
(85, 114, 63, 1, '2018-05-15 16:03:19', 5.00, 0.00, 1900.00, 0),
(86, 114, 90, 1, '2018-05-15 16:03:19', 5.00, 0.00, 1900.00, 0),
(87, 114, 39, 1, '2018-05-15 16:03:19', 0.00, 0.00, 2100.00, 0),
(88, 114, 60, 1, '2018-05-15 16:03:19', 5.00, 0.00, 1900.00, 0),
(89, 114, 51, 1, '2018-05-15 16:03:19', 5.00, 0.00, 1900.00, 0),
(90, 114, 88, 1, '2018-05-15 16:03:19', 5.00, 0.00, 1900.00, 0),
(91, 114, 66, 1, '2018-05-15 16:03:19', 0.00, 0.00, 1900.00, 0),
(92, 114, 69, 1, '2018-05-15 16:03:19', 0.00, 0.00, 1400.00, 0),
(93, 114, 85, 1, '2018-05-15 16:03:19', 5.00, 0.00, 0.00, 0),
(94, 114, 62, 1, '2018-05-15 16:03:19', 5.00, 0.00, 1900.00, 0),
(95, 114, 53, 1, '2018-05-15 16:03:19', 5.00, 0.00, 1900.00, 0),
(96, 114, 38, 1, '2018-05-15 16:03:19', 0.00, 0.00, 1850.00, 0),
(97, 114, 58, 1, '2018-05-15 16:03:19', 0.00, 0.00, 1400.00, 0),
(98, 114, 87, 1, '2018-05-15 16:03:19', 0.00, 0.00, 1900.00, 0),
(99, 114, 55, 1, '2018-05-15 16:03:19', 0.00, 0.00, 1900.00, 0),
(100, 114, 57, 1, '2018-05-15 16:03:19', 0.00, 0.00, 1900.00, 0),
(101, 114, 48, 1, '2018-05-15 16:03:19', 0.00, 0.00, 1400.00, 0),
(102, 114, 64, 1, '2018-05-15 16:03:19', 0.00, 0.00, 1900.00, 0),
(103, 114, 91, 1, '2018-05-15 16:03:19', 0.00, 0.00, 1900.00, 0),
(104, 114, 68, 1, '2018-05-15 16:03:19', 0.00, 0.00, 1900.00, 0),
(105, 114, 59, 1, '2018-05-15 16:03:19', 0.00, 0.00, 1900.00, 0),
(106, 114, 54, 1, '2018-05-15 16:03:19', 0.00, 0.00, 1900.00, 0),
(107, 114, 56, 1, '2018-05-15 16:03:19', 0.00, 0.00, 1900.00, 0),
(108, 114, 47, 1, '2018-05-15 16:03:20', 0.00, 0.00, 1400.00, 0),
(109, 114, 61, 1, '2018-05-15 16:03:20', 0.00, 0.00, 1900.00, 0),
(110, 114, 65, 1, '2018-05-15 16:03:20', 0.00, 0.00, 1900.00, 0),
(111, 114, 67, 1, '2018-05-15 16:03:20', 0.00, 0.00, 1900.00, 0),
(112, 114, 36, 1, '2018-05-15 16:12:32', 5.00, 0.00, 3000.00, 1),
(113, 114, 89, 1, '2018-05-15 16:12:32', 5.00, 0.00, 1900.00, 1),
(114, 114, 63, 1, '2018-05-15 16:12:32', 5.00, 0.00, 1900.00, 1),
(115, 114, 51, 1, '2018-05-15 16:12:32', 5.00, 0.00, 1900.00, 1),
(116, 114, 85, 1, '2018-05-15 16:12:32', 5.00, 0.00, 0.00, 1),
(117, 114, 93, 1, '2018-05-15 16:12:32', 0.00, 0.00, 1400.00, 1),
(118, 114, 90, 1, '2018-05-15 16:12:32', 5.00, 0.00, 1900.00, 1),
(119, 114, 88, 1, '2018-05-15 16:12:32', 5.00, 0.00, 1900.00, 1),
(120, 114, 62, 1, '2018-05-15 16:12:32', 5.00, 0.00, 1900.00, 1),
(121, 114, 92, 1, '2018-05-15 16:12:32', 5.00, 0.00, 2000.00, 1),
(122, 114, 49, 1, '2018-05-15 16:12:32', 5.00, 0.00, 1900.00, 1),
(123, 114, 39, 1, '2018-05-15 16:12:32', 0.00, 0.00, 2100.00, 1),
(124, 114, 66, 1, '2018-05-15 16:12:32', 5.00, 0.00, 1900.00, 1),
(125, 114, 53, 1, '2018-05-15 16:12:33', 5.00, 0.00, 1900.00, 1),
(126, 114, 50, 1, '2018-05-15 16:12:33', 5.00, 0.00, 1900.00, 1),
(127, 114, 52, 1, '2018-05-15 16:12:33', 5.00, 0.00, 1900.00, 1),
(128, 114, 86, 1, '2018-05-15 16:12:33', 0.00, 0.00, 1400.00, 1),
(129, 114, 60, 1, '2018-05-15 16:12:33', 5.00, 0.00, 1900.00, 1),
(130, 114, 69, 1, '2018-05-15 16:12:33', 0.00, 0.00, 1400.00, 1),
(131, 114, 38, 1, '2018-05-15 16:12:33', 0.00, 0.00, 1850.00, 1),
(132, 114, 58, 1, '2018-05-15 16:12:33', 5.00, 0.00, 1400.00, 1),
(133, 114, 48, 1, '2018-05-15 16:12:33', 5.00, 0.00, 1400.00, 1),
(134, 114, 59, 1, '2018-05-15 16:12:33', 5.00, 0.00, 1900.00, 1),
(135, 114, 61, 1, '2018-05-15 16:12:33', 5.00, 0.00, 1900.00, 1),
(136, 114, 87, 1, '2018-05-15 16:12:33', 0.00, 0.00, 1900.00, 1),
(137, 114, 64, 1, '2018-05-15 16:12:33', 5.00, 0.00, 1900.00, 1),
(138, 114, 54, 1, '2018-05-15 16:12:33', 0.00, 0.00, 1900.00, 1),
(139, 114, 65, 1, '2018-05-15 16:12:33', 0.00, 0.00, 1900.00, 1),
(140, 114, 55, 1, '2018-05-15 16:12:33', 5.00, 0.00, 1900.00, 1),
(141, 114, 91, 1, '2018-05-15 16:12:33', 5.00, 0.00, 1900.00, 1),
(142, 114, 56, 1, '2018-05-15 16:12:33', 5.00, 0.00, 1900.00, 1),
(143, 114, 67, 1, '2018-05-15 16:12:33', 5.00, 0.00, 1900.00, 1),
(144, 114, 57, 1, '2018-05-15 16:12:33', 5.00, 0.00, 1900.00, 1),
(145, 114, 68, 1, '2018-05-15 16:12:33', 0.00, 0.00, 1900.00, 1),
(146, 114, 47, 1, '2018-05-15 16:12:33', 5.00, 0.00, 1400.00, 1),
(147, 115, 36, 1, '2018-05-15 16:24:00', 10.00, 0.00, 3000.00, 0),
(148, 115, 66, 1, '2018-05-15 16:24:00', 10.00, 0.00, 1900.00, 0),
(149, 115, 93, 1, '2018-05-15 16:24:00', 0.00, 0.00, 1400.00, 0),
(150, 115, 38, 1, '2018-05-15 16:24:00', 0.00, 0.00, 1850.00, 0),
(151, 115, 69, 1, '2018-05-15 16:24:00', 0.00, 0.00, 1400.00, 0),
(152, 115, 92, 1, '2018-05-15 16:24:00', 10.00, 0.00, 2000.00, 0),
(153, 115, 49, 1, '2018-05-15 16:24:00', 10.00, 0.00, 1900.00, 0),
(154, 115, 60, 1, '2018-05-15 16:24:00', 10.00, 0.00, 1900.00, 0),
(155, 115, 85, 1, '2018-05-15 16:24:00', 10.00, 0.00, 0.00, 0),
(156, 115, 50, 1, '2018-05-15 16:24:00', 10.00, 0.00, 1900.00, 0),
(157, 115, 86, 1, '2018-05-15 16:24:00', 10.00, 0.00, 1400.00, 0),
(158, 115, 51, 1, '2018-05-15 16:24:00', 0.00, 0.00, 1900.00, 0),
(159, 115, 62, 1, '2018-05-15 16:24:00', 10.00, 0.00, 1900.00, 0),
(160, 115, 52, 1, '2018-05-15 16:24:00', 0.00, 0.00, 1900.00, 0),
(161, 115, 63, 1, '2018-05-15 16:24:00', 0.00, 0.00, 1900.00, 0),
(162, 115, 88, 1, '2018-05-15 16:24:00', 10.00, 0.00, 1900.00, 0),
(163, 115, 53, 1, '2018-05-15 16:24:00', 10.00, 0.00, 1900.00, 0),
(164, 115, 90, 1, '2018-05-15 16:24:00', 10.00, 0.00, 1900.00, 0),
(165, 115, 65, 1, '2018-05-15 16:24:00', 0.00, 0.00, 1900.00, 0),
(166, 115, 91, 1, '2018-05-15 16:24:00', 10.00, 0.00, 1900.00, 0),
(167, 115, 55, 1, '2018-05-15 16:24:00', 0.00, 0.00, 1900.00, 0),
(168, 115, 56, 1, '2018-05-15 16:24:00', 10.00, 0.00, 1900.00, 0),
(169, 115, 67, 1, '2018-05-15 16:24:00', 0.00, 0.00, 1900.00, 0),
(170, 115, 57, 1, '2018-05-15 16:24:00', 10.00, 0.00, 1900.00, 0),
(171, 115, 68, 1, '2018-05-15 16:24:00', 0.00, 0.00, 1900.00, 0),
(172, 115, 47, 1, '2018-05-15 16:24:00', 10.00, 0.00, 1400.00, 0),
(173, 115, 58, 1, '2018-05-15 16:24:00', 10.00, 0.00, 1400.00, 0),
(174, 115, 48, 1, '2018-05-15 16:24:00', 10.00, 0.00, 1400.00, 0),
(175, 115, 59, 1, '2018-05-15 16:24:00', 0.00, 0.00, 1900.00, 0),
(176, 115, 61, 1, '2018-05-15 16:24:00', 0.00, 0.00, 1900.00, 0),
(177, 115, 87, 1, '2018-05-15 16:24:00', 0.00, 0.00, 1900.00, 0),
(178, 115, 64, 1, '2018-05-15 16:24:00', 0.00, 0.00, 1900.00, 0),
(179, 115, 54, 1, '2018-05-15 16:24:00', 0.00, 0.00, 1900.00, 0),
(180, 115, 36, 1, '2018-05-15 16:32:22', 10.00, 0.00, 3000.00, 1),
(181, 115, 69, 1, '2018-05-15 16:32:22', 0.00, 0.00, 1400.00, 1),
(182, 115, 85, 1, '2018-05-15 16:32:22', 10.00, 0.00, 0.00, 1),
(183, 115, 62, 1, '2018-05-15 16:32:22', 10.00, 0.00, 1900.00, 1),
(184, 115, 53, 1, '2018-05-15 16:32:22', 10.00, 0.00, 1900.00, 1),
(185, 115, 66, 1, '2018-05-15 16:32:22', 10.00, 0.00, 1900.00, 1),
(186, 115, 92, 1, '2018-05-15 16:32:22', 10.00, 0.00, 2000.00, 1),
(187, 115, 50, 1, '2018-05-15 16:32:22', 10.00, 0.00, 1900.00, 1),
(188, 115, 52, 1, '2018-05-15 16:32:22', 10.00, 0.00, 1900.00, 1),
(189, 115, 90, 1, '2018-05-15 16:32:22', 10.00, 0.00, 1900.00, 1),
(190, 115, 93, 1, '2018-05-15 16:32:22', 0.00, 0.00, 1400.00, 1),
(191, 115, 49, 1, '2018-05-15 16:32:22', 10.00, 0.00, 1900.00, 1),
(192, 115, 86, 1, '2018-05-15 16:32:22', 10.00, 0.00, 1400.00, 1),
(193, 115, 63, 1, '2018-05-15 16:32:22', 0.00, 0.00, 1900.00, 1),
(194, 115, 38, 1, '2018-05-15 16:32:22', 0.00, 0.00, 1850.00, 1),
(195, 115, 60, 1, '2018-05-15 16:32:22', 10.00, 0.00, 1900.00, 1),
(196, 115, 51, 1, '2018-05-15 16:32:22', 0.00, 0.00, 1900.00, 1),
(197, 115, 88, 1, '2018-05-15 16:32:22', 10.00, 0.00, 1900.00, 1),
(198, 115, 68, 1, '2018-05-15 16:32:22', 0.00, 0.00, 1900.00, 1),
(199, 115, 59, 1, '2018-05-15 16:32:22', 10.00, 0.00, 1900.00, 1),
(200, 115, 54, 1, '2018-05-15 16:32:22', 0.00, 0.00, 1900.00, 1),
(201, 115, 55, 1, '2018-05-15 16:32:22', 0.00, 0.00, 1900.00, 1),
(202, 115, 56, 1, '2018-05-15 16:32:22', 10.00, 0.00, 1900.00, 1),
(203, 115, 47, 1, '2018-05-15 16:32:22', 10.00, 0.00, 1400.00, 1),
(204, 115, 61, 1, '2018-05-15 16:32:22', 10.00, 0.00, 1900.00, 1),
(205, 115, 67, 1, '2018-05-15 16:32:22', 0.00, 0.00, 1900.00, 1),
(206, 115, 58, 1, '2018-05-15 16:32:22', 10.00, 0.00, 1400.00, 1),
(207, 115, 87, 1, '2018-05-15 16:32:22', 0.00, 0.00, 1900.00, 1),
(208, 115, 65, 1, '2018-05-15 16:32:22', 0.00, 0.00, 1900.00, 1),
(209, 115, 57, 1, '2018-05-15 16:32:22', 10.00, 0.00, 1900.00, 1),
(210, 115, 48, 1, '2018-05-15 16:32:22', 10.00, 0.00, 1400.00, 1),
(211, 115, 64, 1, '2018-05-15 16:32:22', 10.00, 0.00, 1900.00, 1),
(212, 115, 91, 1, '2018-05-15 16:32:22', 10.00, 0.00, 1900.00, 1),
(213, 116, 36, 1, '2018-05-15 16:56:40', 10.00, 0.00, 3000.00, 1),
(214, 116, 69, 1, '2018-05-15 16:56:40', 0.00, 0.00, 1400.00, 1),
(215, 116, 92, 1, '2018-05-15 16:56:40', 10.00, 0.00, 2000.00, 1),
(216, 116, 49, 1, '2018-05-15 16:56:40', 10.00, 0.00, 1900.00, 1),
(217, 116, 60, 1, '2018-05-15 16:56:40', 10.00, 0.00, 1900.00, 1),
(218, 116, 85, 1, '2018-05-15 16:56:40', 10.00, 0.00, 0.00, 1),
(219, 116, 50, 1, '2018-05-15 16:56:40', 10.00, 0.00, 1900.00, 1),
(220, 116, 86, 1, '2018-05-15 16:56:40', 10.00, 0.00, 1400.00, 1),
(221, 116, 51, 1, '2018-05-15 16:56:40', 0.00, 0.00, 1900.00, 1),
(222, 116, 62, 1, '2018-05-15 16:56:40', 10.00, 0.00, 1900.00, 1),
(223, 116, 52, 1, '2018-05-15 16:56:40', 0.00, 0.00, 1900.00, 1),
(224, 116, 63, 1, '2018-05-15 16:56:40', 10.00, 0.00, 1900.00, 1),
(225, 116, 88, 1, '2018-05-15 16:56:40', 10.00, 0.00, 1900.00, 1),
(226, 116, 53, 1, '2018-05-15 16:56:40', 10.00, 0.00, 1900.00, 1),
(227, 116, 90, 1, '2018-05-15 16:56:40', 10.00, 0.00, 1900.00, 1),
(228, 116, 66, 1, '2018-05-15 16:56:40', 7.00, 0.00, 1900.00, 1),
(229, 116, 93, 1, '2018-05-15 16:56:40', 0.00, 0.00, 1400.00, 1),
(230, 116, 38, 1, '2018-05-15 16:56:40', 0.00, 0.00, 1850.00, 1),
(231, 116, 48, 1, '2018-05-15 16:56:40', 10.00, 0.00, 1400.00, 1),
(232, 116, 59, 1, '2018-05-15 16:56:40', 10.00, 0.00, 1900.00, 1),
(233, 116, 61, 1, '2018-05-15 16:56:40', 10.00, 0.00, 1900.00, 1),
(234, 116, 87, 1, '2018-05-15 16:56:40', 0.00, 0.00, 1900.00, 1),
(235, 116, 64, 1, '2018-05-15 16:56:40', 10.00, 0.00, 1900.00, 1),
(236, 116, 54, 1, '2018-05-15 16:56:40', 0.00, 0.00, 1900.00, 1),
(237, 116, 65, 1, '2018-05-15 16:56:40', 0.00, 0.00, 1900.00, 1),
(238, 116, 91, 1, '2018-05-15 16:56:40', 10.00, 0.00, 1900.00, 1),
(239, 116, 55, 1, '2018-05-15 16:56:40', 10.00, 0.00, 1900.00, 1),
(240, 116, 56, 1, '2018-05-15 16:56:40', 10.00, 0.00, 1900.00, 1),
(241, 116, 67, 1, '2018-05-15 16:56:40', 10.00, 0.00, 1900.00, 1),
(242, 116, 57, 1, '2018-05-15 16:56:40', 10.00, 0.00, 1900.00, 1),
(243, 116, 68, 1, '2018-05-15 16:56:40', 0.00, 0.00, 1900.00, 1),
(244, 116, 47, 1, '2018-05-15 16:56:40', 10.00, 0.00, 1400.00, 1),
(245, 116, 58, 1, '2018-05-15 16:56:40', 10.00, 0.00, 1400.00, 1),
(246, 121, 36, 1, '2018-05-23 08:59:36', 0.00, 0.00, 3000.00, 0),
(247, 121, 80, 1, '2018-05-23 08:59:36', 1.00, 0.00, 2000.00, 0),
(248, 121, 38, 1, '2018-05-23 08:59:36', 0.00, 0.00, 1850.00, 0),
(249, 121, 39, 1, '2018-05-23 08:59:36', 0.00, 0.00, 2100.00, 0),
(250, 121, 74, 1, '2018-05-23 08:59:36', 0.00, 0.00, 1950.00, 0),
(251, 121, 75, 1, '2018-05-23 08:59:36', 0.00, 0.00, 1900.00, 0),
(252, 121, 77, 1, '2018-05-23 08:59:36', 0.00, 0.00, 1300.00, 0),
(253, 121, 81, 1, '2018-05-23 08:59:36', 0.00, 0.00, 1400.00, 0),
(254, 121, 82, 1, '2018-05-23 08:59:36', 0.00, 0.00, 1400.00, 0),
(255, 121, 72, 1, '2018-05-23 08:59:36', 0.00, 0.00, 1500.00, 0),
(256, 121, 78, 1, '2018-05-23 08:59:36', 0.00, 0.00, 1300.00, 0),
(257, 121, 79, 1, '2018-05-23 08:59:36', 0.00, 0.00, 2000.00, 0),
(258, 121, 36, 1, '2018-05-23 09:01:53', 0.00, 0.00, 3000.00, 1),
(259, 121, 80, 1, '2018-05-23 09:01:53', 132.00, 0.00, 2000.00, 1),
(260, 121, 75, 1, '2018-05-23 09:01:54', 40.00, 0.00, 1900.00, 1),
(261, 121, 38, 1, '2018-05-23 09:01:54', 132.00, 0.00, 1850.00, 1),
(262, 121, 77, 1, '2018-05-23 09:01:54', 105.00, 0.00, 1300.00, 1),
(263, 121, 39, 1, '2018-05-23 09:01:54', 137.00, 0.00, 2100.00, 1),
(264, 121, 74, 1, '2018-05-23 09:01:54', 127.00, 0.00, 1950.00, 1),
(265, 121, 72, 1, '2018-05-23 09:01:54', 89.00, 0.00, 1500.00, 1),
(266, 121, 78, 1, '2018-05-23 09:01:54', 40.00, 0.00, 1300.00, 1),
(267, 121, 81, 1, '2018-05-23 09:01:54', 115.00, 0.00, 1400.00, 1),
(268, 121, 79, 1, '2018-05-23 09:01:54', 111.00, 0.00, 2000.00, 1),
(269, 121, 82, 1, '2018-05-23 09:01:54', 130.00, 0.00, 1400.00, 1),
(270, 122, 36, 1, '2018-05-23 09:37:51', 0.00, 0.00, 3000.00, 0),
(271, 122, 69, 1, '2018-05-23 09:37:51', 30.00, 0.00, 1400.00, 0),
(272, 122, 92, 1, '2018-05-23 09:37:51', 125.00, 0.00, 2000.00, 0),
(273, 122, 49, 1, '2018-05-23 09:37:51', 123.00, 0.00, 1900.00, 0),
(274, 122, 60, 1, '2018-05-23 09:37:51', 120.00, 0.00, 1900.00, 0),
(275, 122, 85, 1, '2018-05-23 09:37:51', 110.00, 0.00, 0.00, 0),
(276, 122, 50, 1, '2018-05-23 09:37:51', 0.00, 0.00, 1900.00, 0),
(277, 122, 86, 1, '2018-05-23 09:37:51', 122.00, 0.00, 1400.00, 0),
(278, 122, 51, 1, '2018-05-23 09:37:51', 0.00, 0.00, 1900.00, 0),
(279, 122, 62, 1, '2018-05-23 09:37:51', 120.00, 0.00, 1900.00, 0),
(280, 122, 52, 1, '2018-05-23 09:37:51', 0.00, 0.00, 1900.00, 0),
(281, 122, 63, 1, '2018-05-23 09:37:51', 96.00, 0.00, 1900.00, 0),
(282, 122, 88, 1, '2018-05-23 09:37:51', 123.00, 0.00, 1900.00, 0),
(283, 122, 53, 1, '2018-05-23 09:37:51', 120.00, 0.00, 1900.00, 0),
(284, 122, 90, 1, '2018-05-23 09:37:51', 100.00, 0.00, 1900.00, 0),
(285, 122, 66, 1, '2018-05-23 09:37:51', 101.00, 0.00, 1900.00, 0),
(286, 122, 93, 1, '2018-05-23 09:37:51', 88.00, 0.00, 1400.00, 0),
(287, 122, 38, 1, '2018-05-23 09:37:51', 0.00, 0.00, 1850.00, 0),
(288, 122, 57, 1, '2018-05-23 09:37:51', 115.00, 0.00, 1900.00, 0),
(289, 122, 68, 1, '2018-05-23 09:37:51', 113.00, 0.00, 1900.00, 0),
(290, 122, 47, 1, '2018-05-23 09:37:51', 123.00, 0.00, 1400.00, 0),
(291, 122, 58, 1, '2018-05-23 09:37:51', 123.00, 0.00, 1400.00, 0),
(292, 122, 48, 1, '2018-05-23 09:37:51', 123.00, 0.00, 1400.00, 0),
(293, 122, 59, 1, '2018-05-23 09:37:51', 102.00, 0.00, 1900.00, 0),
(294, 122, 61, 1, '2018-05-23 09:37:51', 0.00, 0.00, 1900.00, 0),
(295, 122, 87, 1, '2018-05-23 09:37:51', 0.00, 0.00, 1900.00, 0),
(296, 122, 64, 1, '2018-05-23 09:37:51', 109.00, 0.00, 1900.00, 0),
(297, 122, 54, 1, '2018-05-23 09:37:51', 0.00, 0.00, 1900.00, 0),
(298, 122, 65, 1, '2018-05-23 09:37:51', 0.00, 0.00, 1900.00, 0),
(299, 122, 91, 1, '2018-05-23 09:37:51', 0.00, 0.00, 1900.00, 0),
(300, 122, 55, 1, '2018-05-23 09:37:51', 110.00, 0.00, 1900.00, 0),
(301, 122, 56, 1, '2018-05-23 09:37:51', 113.00, 0.00, 1900.00, 0),
(302, 122, 67, 1, '2018-05-23 09:37:51', 102.00, 0.00, 1900.00, 0),
(303, 122, 36, 1, '2018-05-25 12:44:17', 0.00, 0.00, 3000.00, 0),
(304, 122, 66, 1, '2018-05-25 12:44:17', 101.00, 0.00, 1900.00, 0),
(305, 122, 49, 1, '2018-05-25 12:44:17', 123.00, 0.00, 1900.00, 0),
(306, 122, 86, 1, '2018-05-25 12:44:17', 122.00, 0.00, 1400.00, 0),
(307, 122, 63, 1, '2018-05-25 12:44:17', 96.00, 0.00, 1900.00, 0),
(308, 122, 93, 1, '2018-05-25 12:44:17', 88.00, 0.00, 1400.00, 0),
(309, 122, 60, 1, '2018-05-25 12:44:17', 120.00, 0.00, 1900.00, 0),
(310, 122, 51, 1, '2018-05-25 12:44:17', 0.00, 0.00, 1900.00, 0),
(311, 122, 88, 1, '2018-05-25 12:44:17', 123.00, 0.00, 1900.00, 0),
(312, 122, 38, 1, '2018-05-25 12:44:17', 0.00, 0.00, 1850.00, 0),
(313, 122, 69, 1, '2018-05-25 12:44:17', 30.00, 0.00, 1400.00, 0),
(314, 122, 85, 1, '2018-05-25 12:44:17', 110.00, 0.00, 0.00, 0),
(315, 122, 62, 1, '2018-05-25 12:44:17', 120.00, 0.00, 1900.00, 0),
(316, 122, 53, 1, '2018-05-25 12:44:17', 120.00, 0.00, 1900.00, 0),
(317, 122, 92, 1, '2018-05-25 12:44:17', 125.00, 0.00, 2000.00, 0),
(318, 122, 50, 1, '2018-05-25 12:44:17', 58.00, 0.00, 1900.00, 0),
(319, 122, 52, 1, '2018-05-25 12:44:17', 0.00, 0.00, 1900.00, 0),
(320, 122, 90, 1, '2018-05-25 12:44:17', 100.00, 0.00, 1900.00, 0),
(321, 122, 68, 1, '2018-05-25 12:44:17', 113.00, 0.00, 1900.00, 0),
(322, 122, 59, 1, '2018-05-25 12:44:17', 102.00, 0.00, 1900.00, 0),
(323, 122, 54, 1, '2018-05-25 12:44:17', 0.00, 0.00, 1900.00, 0),
(324, 122, 56, 1, '2018-05-25 12:44:17', 113.00, 0.00, 1900.00, 0),
(325, 122, 47, 1, '2018-05-25 12:44:17', 123.00, 0.00, 1400.00, 0),
(326, 122, 61, 1, '2018-05-25 12:44:17', 0.00, 0.00, 1900.00, 0),
(327, 122, 65, 1, '2018-05-25 12:44:17', 0.00, 0.00, 1900.00, 0),
(328, 122, 67, 1, '2018-05-25 12:44:17', 102.00, 0.00, 1900.00, 0),
(329, 122, 58, 1, '2018-05-25 12:44:17', 123.00, 0.00, 1400.00, 0),
(330, 122, 87, 1, '2018-05-25 12:44:17', 0.00, 0.00, 1900.00, 0),
(331, 122, 91, 1, '2018-05-25 12:44:17', 0.00, 0.00, 1900.00, 0),
(332, 122, 57, 1, '2018-05-25 12:44:17', 115.00, 0.00, 1900.00, 0),
(333, 122, 48, 1, '2018-05-25 12:44:17', 123.00, 0.00, 1400.00, 0),
(334, 122, 64, 1, '2018-05-25 12:44:17', 109.00, 0.00, 1900.00, 0),
(335, 122, 55, 1, '2018-05-25 12:44:17', 110.00, 0.00, 1900.00, 0),
(336, 122, 36, 1, '2018-05-25 16:00:11', 0.00, 0.00, 3000.00, 0),
(337, 122, 66, 1, '2018-05-25 16:00:11', 101.00, 0.00, 1900.00, 0),
(338, 122, 93, 1, '2018-05-25 16:00:11', 88.00, 0.00, 1400.00, 0),
(339, 122, 38, 1, '2018-05-25 16:00:11', 0.00, 0.00, 1850.00, 0),
(340, 122, 53, 1, '2018-05-25 16:00:11', 120.00, 0.00, 1900.00, 0),
(341, 122, 90, 1, '2018-05-25 16:00:11', 100.00, 0.00, 1900.00, 0),
(342, 122, 49, 1, '2018-05-25 16:00:11', 123.00, 0.00, 1900.00, 0),
(343, 122, 60, 1, '2018-05-25 16:00:11', 120.00, 0.00, 1900.00, 0),
(344, 122, 69, 1, '2018-05-25 16:00:11', 30.00, 0.00, 1400.00, 0),
(345, 122, 92, 1, '2018-05-25 16:00:11', 125.00, 0.00, 2000.00, 0),
(346, 122, 86, 1, '2018-05-25 16:00:11', 122.00, 0.00, 1400.00, 0),
(347, 122, 51, 1, '2018-05-25 16:00:11', 0.00, 0.00, 1900.00, 0),
(348, 122, 85, 1, '2018-05-25 16:00:11', 110.00, 0.00, 0.00, 0),
(349, 122, 50, 1, '2018-05-25 16:00:11', 58.00, 0.00, 1900.00, 0),
(350, 122, 63, 1, '2018-05-25 16:00:11', 96.00, 0.00, 1900.00, 0),
(351, 122, 88, 1, '2018-05-25 16:00:11', 123.00, 0.00, 1900.00, 0),
(352, 122, 62, 1, '2018-05-25 16:00:11', 120.00, 0.00, 1900.00, 0),
(353, 122, 52, 1, '2018-05-25 16:00:11', 0.00, 0.00, 1900.00, 0),
(354, 122, 56, 1, '2018-05-25 16:00:11', 113.00, 0.00, 1900.00, 0),
(355, 122, 67, 1, '2018-05-25 16:00:11', 102.00, 0.00, 1900.00, 0),
(356, 122, 57, 1, '2018-05-25 16:00:11', 115.00, 0.00, 1900.00, 0),
(357, 122, 68, 1, '2018-05-25 16:00:11', 113.00, 0.00, 1900.00, 0),
(358, 122, 47, 1, '2018-05-25 16:00:11', 123.00, 0.00, 1400.00, 0),
(359, 122, 58, 1, '2018-05-25 16:00:11', 123.00, 0.00, 1400.00, 0),
(360, 122, 48, 1, '2018-05-25 16:00:11', 123.00, 0.00, 1400.00, 0),
(361, 122, 59, 1, '2018-05-25 16:00:11', 102.00, 0.00, 1900.00, 0),
(362, 122, 61, 1, '2018-05-25 16:00:11', 114.00, 0.00, 1900.00, 0),
(363, 122, 87, 1, '2018-05-25 16:00:11', 0.00, 0.00, 1900.00, 0),
(364, 122, 64, 1, '2018-05-25 16:00:11', 109.00, 0.00, 1900.00, 0),
(365, 122, 54, 1, '2018-05-25 16:00:11', 0.00, 0.00, 1900.00, 0),
(366, 122, 65, 1, '2018-05-25 16:00:11', 0.00, 0.00, 1900.00, 0),
(367, 122, 91, 1, '2018-05-25 16:00:11', 0.00, 0.00, 1900.00, 0),
(368, 122, 55, 1, '2018-05-25 16:00:11', 110.00, 0.00, 1900.00, 0),
(369, 122, 36, 1, '2018-05-25 16:02:22', 0.00, 0.00, 3000.00, 1),
(370, 122, 53, 1, '2018-05-25 16:02:22', 120.00, 0.00, 1900.00, 1),
(371, 122, 69, 1, '2018-05-25 16:02:23', 30.00, 0.00, 1400.00, 1),
(372, 122, 85, 1, '2018-05-25 16:02:23', 110.00, 0.00, 0.00, 1),
(373, 122, 62, 1, '2018-05-25 16:02:23', 120.00, 0.00, 1900.00, 1),
(374, 122, 66, 1, '2018-05-25 16:02:23', 101.00, 0.00, 1900.00, 1),
(375, 122, 90, 1, '2018-05-25 16:02:23', 100.00, 0.00, 1900.00, 1),
(376, 122, 92, 1, '2018-05-25 16:02:23', 125.00, 0.00, 2000.00, 1),
(377, 122, 50, 1, '2018-05-25 16:02:23', 58.00, 0.00, 1900.00, 1),
(378, 122, 52, 1, '2018-05-25 16:02:23', 0.00, 0.00, 1900.00, 1),
(379, 122, 93, 1, '2018-05-25 16:02:23', 88.00, 0.00, 1400.00, 1),
(380, 122, 49, 1, '2018-05-25 16:02:23', 123.00, 0.00, 1900.00, 1),
(381, 122, 86, 1, '2018-05-25 16:02:23', 122.00, 0.00, 1400.00, 1),
(382, 122, 63, 1, '2018-05-25 16:02:23', 96.00, 0.00, 1900.00, 1),
(383, 122, 38, 1, '2018-05-25 16:02:23', 0.00, 0.00, 1850.00, 1),
(384, 122, 60, 1, '2018-05-25 16:02:23', 120.00, 0.00, 1900.00, 1),
(385, 122, 51, 1, '2018-05-25 16:02:23', 0.00, 0.00, 1900.00, 1),
(386, 122, 88, 1, '2018-05-25 16:02:23', 123.00, 0.00, 1900.00, 1),
(387, 122, 57, 1, '2018-05-25 16:02:23', 115.00, 0.00, 1900.00, 1),
(388, 122, 48, 1, '2018-05-25 16:02:23', 123.00, 0.00, 1400.00, 1),
(389, 122, 64, 1, '2018-05-25 16:02:23', 109.00, 0.00, 1900.00, 1),
(390, 122, 55, 1, '2018-05-25 16:02:23', 110.00, 0.00, 1900.00, 1),
(391, 122, 68, 1, '2018-05-25 16:02:23', 113.00, 0.00, 1900.00, 1),
(392, 122, 59, 1, '2018-05-25 16:02:23', 102.00, 0.00, 1900.00, 1),
(393, 122, 54, 1, '2018-05-25 16:02:23', 0.00, 0.00, 1900.00, 1),
(394, 122, 56, 1, '2018-05-25 16:02:23', 113.00, 0.00, 1900.00, 1),
(395, 122, 47, 1, '2018-05-25 16:02:23', 123.00, 0.00, 1400.00, 1),
(396, 122, 61, 1, '2018-05-25 16:02:23', 114.00, 0.00, 1900.00, 1),
(397, 122, 65, 1, '2018-05-25 16:02:23', 100.00, 0.00, 1900.00, 1),
(398, 122, 67, 1, '2018-05-25 16:02:23', 102.00, 0.00, 1900.00, 1),
(399, 122, 58, 1, '2018-05-25 16:02:23', 0.00, 0.00, 1400.00, 1),
(400, 122, 87, 1, '2018-05-25 16:02:23', 0.00, 0.00, 1900.00, 1),
(401, 122, 91, 1, '2018-05-25 16:02:23', 0.00, 0.00, 1900.00, 1),
(402, 145, 36, 1, '2018-06-11 08:13:19', 0.00, 0.00, 3000.00, 0),
(403, 145, 88, 1, '2018-06-11 08:13:19', 109.00, 0.00, 1900.00, 0),
(404, 145, 66, 1, '2018-06-11 08:13:19', 110.00, 0.00, 1900.00, 0),
(405, 145, 89, 1, '2018-06-11 08:13:19', 0.00, 0.00, 1900.00, 0),
(406, 145, 101, 1, '2018-06-11 08:13:19', 0.00, 0.00, 1700.00, 0),
(407, 145, 38, 1, '2018-06-11 08:13:19', 0.00, 0.00, 1850.00, 0),
(408, 145, 90, 1, '2018-06-11 08:13:19', 0.00, 0.00, 1900.00, 0),
(409, 145, 104, 1, '2018-06-11 08:13:20', 0.00, 0.00, 2000.00, 0),
(410, 145, 105, 1, '2018-06-11 08:13:20', 0.00, 0.00, 1400.00, 0),
(411, 145, 69, 1, '2018-06-11 08:13:20', 0.00, 0.00, 1400.00, 0),
(412, 145, 93, 1, '2018-06-11 08:13:20', 0.00, 0.00, 1400.00, 0),
(413, 145, 75, 1, '2018-06-11 08:13:20', 0.00, 0.00, 1900.00, 0),
(414, 145, 49, 1, '2018-06-11 08:13:20', 0.00, 0.00, 1900.00, 0),
(415, 145, 94, 1, '2018-06-11 08:13:20', 0.00, 0.00, 1400.00, 0),
(416, 145, 60, 1, '2018-06-11 08:13:20', 0.00, 0.00, 1900.00, 0),
(417, 145, 50, 1, '2018-06-11 08:13:20', 0.00, 0.00, 1900.00, 0),
(418, 145, 95, 1, '2018-06-11 08:13:20', 0.00, 0.00, 1400.00, 0),
(419, 145, 92, 1, '2018-06-11 08:13:20', 0.00, 0.00, 2000.00, 0),
(420, 145, 51, 1, '2018-06-11 08:13:20', 0.00, 0.00, 1900.00, 0),
(421, 145, 62, 1, '2018-06-11 08:13:20', 0.00, 0.00, 1900.00, 0),
(422, 145, 85, 1, '2018-06-11 08:13:20', 0.00, 0.00, 0.00, 0),
(423, 145, 52, 1, '2018-06-11 08:13:20', 0.00, 0.00, 1900.00, 0),
(424, 145, 97, 1, '2018-06-11 08:13:20', 0.00, 0.00, 1400.00, 0),
(425, 145, 63, 1, '2018-06-11 08:13:20', 0.00, 0.00, 1900.00, 0),
(426, 145, 86, 1, '2018-06-11 08:13:20', 0.00, 0.00, 1400.00, 0),
(427, 145, 53, 1, '2018-06-11 08:13:20', 0.00, 0.00, 1900.00, 0),
(428, 145, 111, 1, '2018-06-11 08:13:20', 0.00, 0.00, 1900.00, 0),
(429, 145, 122, 1, '2018-06-11 08:13:20', 0.00, 0.00, 1300.00, 0),
(430, 145, 112, 1, '2018-06-11 08:13:20', 0.00, 0.00, 1900.00, 0),
(431, 145, 65, 1, '2018-06-11 08:13:20', 0.00, 0.00, 1900.00, 0),
(432, 145, 123, 1, '2018-06-11 08:13:20', 0.00, 0.00, 1300.00, 0),
(433, 145, 55, 1, '2018-06-11 08:13:20', 0.00, 0.00, 1900.00, 0),
(434, 145, 100, 1, '2018-06-11 08:13:20', 0.00, 0.00, 1400.00, 0),
(435, 145, 113, 1, '2018-06-11 08:13:20', 0.00, 0.00, 1900.00, 0),
(436, 145, 124, 1, '2018-06-11 08:13:20', 0.00, 0.00, 1800.00, 0),
(437, 145, 56, 1, '2018-06-11 08:13:20', 0.00, 0.00, 1900.00, 0),
(438, 145, 114, 1, '2018-06-11 08:13:20', 0.00, 0.00, 1300.00, 0),
(439, 145, 67, 1, '2018-06-11 08:13:20', 0.00, 0.00, 1900.00, 0),
(440, 145, 57, 1, '2018-06-11 08:13:20', 0.00, 0.00, 1900.00, 0),
(441, 145, 115, 1, '2018-06-11 08:13:20', 0.00, 0.00, 1800.00, 0),
(442, 145, 68, 1, '2018-06-11 08:13:20', 0.00, 0.00, 1900.00, 0),
(443, 145, 47, 1, '2018-06-11 08:13:20', 0.00, 0.00, 1400.00, 0),
(444, 145, 91, 1, '2018-06-11 08:13:20', 0.00, 0.00, 1900.00, 0),
(445, 145, 58, 1, '2018-06-11 08:13:20', 0.00, 0.00, 1400.00, 0),
(446, 145, 116, 1, '2018-06-11 08:13:20', 0.00, 0.00, 1800.00, 0),
(447, 145, 48, 1, '2018-06-11 08:13:20', 0.00, 0.00, 1400.00, 0),
(448, 145, 107, 1, '2018-06-11 08:13:20', 0.00, 0.00, 1900.00, 0),
(449, 145, 59, 1, '2018-06-11 08:13:20', 0.00, 0.00, 1900.00, 0),
(450, 145, 117, 1, '2018-06-11 08:13:20', 0.00, 0.00, 1800.00, 0),
(451, 145, 106, 1, '2018-06-11 08:13:20', 0.00, 0.00, 1900.00, 0),
(452, 145, 118, 1, '2018-06-11 08:13:20', 0.00, 0.00, 1800.00, 0),
(453, 145, 78, 1, '2018-06-11 08:13:20', 0.00, 0.00, 1300.00, 0),
(454, 145, 108, 1, '2018-06-11 08:13:20', 0.00, 0.00, 1900.00, 0),
(455, 145, 61, 1, '2018-06-11 08:13:20', 0.00, 0.00, 1900.00, 0),
(456, 145, 119, 1, '2018-06-11 08:13:20', 0.00, 0.00, 1300.00, 0),
(457, 145, 96, 1, '2018-06-11 08:13:20', 0.00, 0.00, 1700.00, 0),
(458, 145, 109, 1, '2018-06-11 08:13:20', 0.00, 0.00, 1900.00, 0),
(459, 145, 120, 1, '2018-06-11 08:13:20', 0.00, 0.00, 1300.00, 0),
(460, 145, 110, 1, '2018-06-11 08:13:20', 0.00, 0.00, 1900.00, 0),
(461, 145, 121, 1, '2018-06-11 08:13:20', 0.00, 0.00, 1800.00, 0),
(462, 145, 98, 1, '2018-06-11 08:13:20', 0.00, 0.00, 1700.00, 0),
(463, 145, 64, 1, '2018-06-11 08:13:20', 0.00, 0.00, 1900.00, 0),
(464, 145, 87, 1, '2018-06-11 08:13:20', 0.00, 0.00, 1900.00, 0),
(465, 145, 54, 1, '2018-06-11 08:13:20', 0.00, 0.00, 1900.00, 0),
(466, 145, 99, 1, '2018-06-11 08:13:21', 0.00, 0.00, 1500.00, 0),
(467, 145, 36, 1, '2018-06-11 08:26:39', 0.00, 0.00, 3000.00, 0),
(468, 145, 95, 1, '2018-06-11 08:26:39', 109.00, 0.00, 1400.00, 0),
(469, 145, 85, 1, '2018-06-11 08:26:39', 109.00, 0.00, 0.00, 0),
(470, 145, 86, 1, '2018-06-11 08:26:39', 0.00, 0.00, 1400.00, 0),
(471, 145, 101, 1, '2018-06-11 08:26:39', 0.00, 0.00, 1700.00, 0),
(472, 145, 105, 1, '2018-06-11 08:26:39', 94.00, 0.00, 1400.00, 0),
(473, 145, 49, 1, '2018-06-11 08:26:39', 109.00, 0.00, 1900.00, 0),
(474, 145, 92, 1, '2018-06-11 08:26:39', 109.00, 0.00, 2000.00, 0),
(475, 145, 52, 1, '2018-06-11 08:26:39', 0.00, 0.00, 1900.00, 0),
(476, 145, 53, 1, '2018-06-11 08:26:39', 109.00, 0.00, 1900.00, 0),
(477, 145, 88, 1, '2018-06-11 08:26:39', 109.00, 0.00, 1900.00, 0),
(478, 145, 38, 1, '2018-06-11 08:26:39', 0.00, 0.00, 1850.00, 0),
(479, 145, 69, 1, '2018-06-11 08:26:40', 0.00, 0.00, 1400.00, 0),
(480, 145, 94, 1, '2018-06-11 08:26:40', 0.00, 0.00, 1400.00, 0),
(481, 145, 60, 1, '2018-06-11 08:26:40', 0.00, 0.00, 1900.00, 0),
(482, 145, 51, 1, '2018-06-11 08:26:40', 0.00, 0.00, 1900.00, 0),
(483, 145, 97, 1, '2018-06-11 08:26:40', 0.00, 0.00, 1400.00, 0),
(484, 145, 111, 1, '2018-06-11 08:26:40', 0.00, 0.00, 1900.00, 0),
(485, 145, 66, 1, '2018-06-11 08:26:40', 110.00, 0.00, 1900.00, 0),
(486, 145, 90, 1, '2018-06-11 08:26:40', 0.00, 0.00, 1900.00, 0),
(487, 145, 93, 1, '2018-06-11 08:26:40', 0.00, 0.00, 1400.00, 0),
(488, 145, 50, 1, '2018-06-11 08:26:40', 0.00, 0.00, 1900.00, 0),
(489, 145, 62, 1, '2018-06-11 08:26:40', 0.00, 0.00, 1900.00, 0),
(490, 145, 63, 1, '2018-06-11 08:26:40', 109.00, 0.00, 1900.00, 0),
(491, 145, 122, 1, '2018-06-11 08:26:40', 0.00, 0.00, 1300.00, 0),
(492, 145, 89, 1, '2018-06-11 08:26:40', 0.00, 0.00, 1900.00, 0),
(493, 145, 104, 1, '2018-06-11 08:26:40', 0.00, 0.00, 2000.00, 0),
(494, 145, 75, 1, '2018-06-11 08:26:40', 0.00, 0.00, 1900.00, 0),
(495, 145, 99, 1, '2018-06-11 08:26:40', 0.00, 0.00, 1500.00, 0),
(496, 145, 112, 1, '2018-06-11 08:26:40', 0.00, 0.00, 1900.00, 0),
(497, 145, 100, 1, '2018-06-11 08:26:40', 0.00, 0.00, 1400.00, 0),
(498, 145, 114, 1, '2018-06-11 08:26:40', 0.00, 0.00, 1300.00, 0),
(499, 145, 68, 1, '2018-06-11 08:26:40', 0.00, 0.00, 1900.00, 0),
(500, 145, 116, 1, '2018-06-11 08:26:40', 0.00, 0.00, 1800.00, 0),
(501, 145, 117, 1, '2018-06-11 08:26:40', 0.00, 0.00, 1800.00, 0),
(502, 145, 108, 1, '2018-06-11 08:26:40', 0.00, 0.00, 1900.00, 0),
(503, 145, 109, 1, '2018-06-11 08:26:40', 0.00, 0.00, 1900.00, 0),
(504, 145, 98, 1, '2018-06-11 08:26:40', 0.00, 0.00, 1700.00, 0),
(505, 145, 65, 1, '2018-06-11 08:26:40', 0.00, 0.00, 1900.00, 0),
(506, 145, 113, 1, '2018-06-11 08:26:40', 0.00, 0.00, 1900.00, 0),
(507, 145, 67, 1, '2018-06-11 08:26:40', 0.00, 0.00, 1900.00, 0),
(508, 145, 47, 1, '2018-06-11 08:26:40', 0.00, 0.00, 1400.00, 0),
(509, 145, 48, 1, '2018-06-11 08:26:40', 0.00, 0.00, 1400.00, 0),
(510, 145, 106, 1, '2018-06-11 08:26:40', 0.00, 0.00, 1900.00, 0),
(511, 145, 61, 1, '2018-06-11 08:26:40', 0.00, 0.00, 1900.00, 0),
(512, 145, 120, 1, '2018-06-11 08:26:40', 0.00, 0.00, 1300.00, 0),
(513, 145, 64, 1, '2018-06-11 08:26:40', 0.00, 0.00, 1900.00, 0),
(514, 145, 87, 1, '2018-06-11 08:26:40', 0.00, 0.00, 1900.00, 0),
(515, 145, 123, 1, '2018-06-11 08:26:40', 0.00, 0.00, 1300.00, 0),
(516, 145, 124, 1, '2018-06-11 08:26:40', 0.00, 0.00, 1800.00, 0),
(517, 145, 57, 1, '2018-06-11 08:26:40', 0.00, 0.00, 1900.00, 0),
(518, 145, 91, 1, '2018-06-11 08:26:40', 0.00, 0.00, 1900.00, 0),
(519, 145, 107, 1, '2018-06-11 08:26:40', 0.00, 0.00, 1900.00, 0),
(520, 145, 118, 1, '2018-06-11 08:26:40', 0.00, 0.00, 1800.00, 0),
(521, 145, 119, 1, '2018-06-11 08:26:40', 0.00, 0.00, 1300.00, 0),
(522, 145, 110, 1, '2018-06-11 08:26:40', 0.00, 0.00, 1900.00, 0),
(523, 145, 54, 1, '2018-06-11 08:26:40', 0.00, 0.00, 1900.00, 0),
(524, 145, 55, 1, '2018-06-11 08:26:40', 0.00, 0.00, 1900.00, 0),
(525, 145, 56, 1, '2018-06-11 08:26:40', 0.00, 0.00, 1900.00, 0),
(526, 145, 115, 1, '2018-06-11 08:26:40', 0.00, 0.00, 1800.00, 0),
(527, 145, 58, 1, '2018-06-11 08:26:40', 0.00, 0.00, 1400.00, 0),
(528, 145, 59, 1, '2018-06-11 08:26:40', 0.00, 0.00, 1900.00, 0),
(529, 145, 78, 1, '2018-06-11 08:26:40', 0.00, 0.00, 1300.00, 0),
(530, 145, 96, 1, '2018-06-11 08:26:40', 0.00, 0.00, 1700.00, 0),
(531, 145, 121, 1, '2018-06-11 08:26:40', 0.00, 0.00, 1800.00, 0),
(532, 145, 36, 1, '2018-06-11 08:42:28', 0.00, 0.00, 3000.00, 0),
(533, 145, 85, 1, '2018-06-11 08:42:28', 109.00, 0.00, 0.00, 0),
(534, 145, 49, 1, '2018-06-11 08:42:28', 109.00, 0.00, 1900.00, 0),
(535, 145, 88, 1, '2018-06-11 08:42:29', 109.00, 0.00, 1900.00, 0),
(536, 145, 60, 1, '2018-06-11 08:42:29', 55.00, 0.00, 1900.00, 0),
(537, 145, 66, 1, '2018-06-11 08:42:29', 110.00, 0.00, 1900.00, 0),
(538, 145, 62, 1, '2018-06-11 08:42:29', 108.00, 0.00, 1900.00, 0),
(539, 145, 104, 1, '2018-06-11 08:42:29', 84.00, 0.00, 2000.00, 0),
(540, 145, 75, 1, '2018-06-11 08:42:29', 99.00, 0.00, 1900.00, 0),
(541, 145, 86, 1, '2018-06-11 08:42:29', 0.00, 0.00, 1400.00, 0),
(542, 145, 92, 1, '2018-06-11 08:42:29', 109.00, 0.00, 2000.00, 0),
(543, 145, 38, 1, '2018-06-11 08:42:29', 109.00, 0.00, 1850.00, 0),
(544, 145, 51, 1, '2018-06-11 08:42:29', 0.00, 0.00, 1900.00, 0),
(545, 145, 90, 1, '2018-06-11 08:42:29', 15.00, 0.00, 1900.00, 0),
(546, 145, 63, 1, '2018-06-11 08:42:29', 109.00, 0.00, 1900.00, 0),
(547, 145, 101, 1, '2018-06-11 08:42:29', 0.00, 0.00, 1700.00, 0),
(548, 145, 52, 1, '2018-06-11 08:42:29', 0.00, 0.00, 1900.00, 0),
(549, 145, 69, 1, '2018-06-11 08:42:29', 0.00, 0.00, 1400.00, 0),
(550, 145, 97, 1, '2018-06-11 08:42:29', 0.00, 0.00, 1400.00, 0),
(551, 145, 93, 1, '2018-06-11 08:42:29', 105.00, 0.00, 1400.00, 0),
(552, 145, 122, 1, '2018-06-11 08:42:29', 99.00, 0.00, 1300.00, 0),
(553, 145, 95, 1, '2018-06-11 08:42:29', 109.00, 0.00, 1400.00, 0),
(554, 145, 105, 1, '2018-06-11 08:42:29', 94.00, 0.00, 1400.00, 0),
(555, 145, 53, 1, '2018-06-11 08:42:29', 109.00, 0.00, 1900.00, 0),
(556, 145, 94, 1, '2018-06-11 08:42:29', 0.00, 0.00, 1400.00, 0),
(557, 145, 111, 1, '2018-06-11 08:42:29', 0.00, 0.00, 1900.00, 0),
(558, 145, 50, 1, '2018-06-11 08:42:29', 0.00, 0.00, 1900.00, 0),
(559, 145, 89, 1, '2018-06-11 08:42:29', 0.00, 0.00, 1900.00, 0),
(560, 145, 100, 1, '2018-06-11 08:42:29', 0.00, 0.00, 1400.00, 0),
(561, 145, 117, 1, '2018-06-11 08:42:29', 108.00, 0.00, 1800.00, 0),
(562, 145, 65, 1, '2018-06-11 08:42:29', 0.00, 0.00, 1900.00, 0),
(563, 145, 48, 1, '2018-06-11 08:42:29', 99.00, 0.00, 1400.00, 0),
(564, 145, 64, 1, '2018-06-11 08:42:29', 8.00, 0.00, 1900.00, 0),
(565, 145, 57, 1, '2018-06-11 08:42:29', 104.00, 0.00, 1900.00, 0),
(566, 145, 119, 1, '2018-06-11 08:42:29', 99.00, 0.00, 1300.00, 0),
(567, 145, 56, 1, '2018-06-11 08:42:29', 0.00, 0.00, 1900.00, 0),
(568, 145, 78, 1, '2018-06-11 08:42:29', 0.00, 0.00, 1300.00, 0),
(569, 145, 114, 1, '2018-06-11 08:42:29', 0.00, 0.00, 1300.00, 0),
(570, 145, 108, 1, '2018-06-11 08:42:29', 0.00, 0.00, 1900.00, 0),
(571, 145, 113, 1, '2018-06-11 08:42:29', 0.00, 0.00, 1900.00, 0),
(572, 145, 106, 1, '2018-06-11 08:42:29', 0.00, 0.00, 1900.00, 0),
(573, 145, 87, 1, '2018-06-11 08:42:29', 0.00, 0.00, 1900.00, 0),
(574, 145, 91, 1, '2018-06-11 08:42:29', 0.00, 0.00, 1900.00, 0),
(575, 145, 110, 1, '2018-06-11 08:42:29', 0.00, 0.00, 1900.00, 0),
(576, 145, 115, 1, '2018-06-11 08:42:29', 0.00, 0.00, 1800.00, 0),
(577, 145, 96, 1, '2018-06-11 08:42:29', 0.00, 0.00, 1700.00, 0),
(578, 145, 99, 1, '2018-06-11 08:42:29', 0.00, 0.00, 1500.00, 0),
(579, 145, 68, 1, '2018-06-11 08:42:29', 0.00, 0.00, 1900.00, 0),
(580, 145, 109, 1, '2018-06-11 08:42:29', 0.00, 0.00, 1900.00, 0),
(581, 145, 67, 1, '2018-06-11 08:42:29', 0.00, 0.00, 1900.00, 0),
(582, 145, 61, 1, '2018-06-11 08:42:29', 0.00, 0.00, 1900.00, 0),
(583, 145, 123, 1, '2018-06-11 08:42:29', 0.00, 0.00, 1300.00, 0),
(584, 145, 107, 1, '2018-06-11 08:42:29', 0.00, 0.00, 1900.00, 0),
(585, 145, 54, 1, '2018-06-11 08:42:29', 0.00, 0.00, 1900.00, 0),
(586, 145, 58, 1, '2018-06-11 08:42:29', 0.00, 0.00, 1400.00, 0),
(587, 145, 121, 1, '2018-06-11 08:42:30', 0.00, 0.00, 1800.00, 0),
(588, 145, 112, 1, '2018-06-11 08:42:30', 0.00, 0.00, 1900.00, 0),
(589, 145, 116, 1, '2018-06-11 08:42:30', 0.00, 0.00, 1800.00, 0),
(590, 145, 98, 1, '2018-06-11 08:42:30', 0.00, 0.00, 1700.00, 0),
(591, 145, 47, 1, '2018-06-11 08:42:30', 0.00, 0.00, 1400.00, 0),
(592, 145, 120, 1, '2018-06-11 08:42:30', 0.00, 0.00, 1300.00, 0),
(593, 145, 124, 1, '2018-06-11 08:42:30', 0.00, 0.00, 1800.00, 0),
(594, 145, 118, 1, '2018-06-11 08:42:30', 0.00, 0.00, 1800.00, 0),
(595, 145, 55, 1, '2018-06-11 08:42:30', 0.00, 0.00, 1900.00, 0),
(596, 145, 59, 1, '2018-06-11 08:42:30', 0.00, 0.00, 1900.00, 0),
(597, 145, 36, 1, '2018-06-11 09:00:40', 0.00, 0.00, 3000.00, 1),
(598, 145, 49, 1, '2018-06-11 09:00:40', 109.00, 0.00, 1900.00, 1),
(599, 145, 62, 1, '2018-06-11 09:00:40', 108.00, 0.00, 1900.00, 1),
(600, 145, 92, 1, '2018-06-11 09:00:40', 109.00, 0.00, 2000.00, 1),
(601, 145, 63, 1, '2018-06-11 09:00:40', 109.00, 0.00, 1900.00, 1),
(602, 145, 97, 1, '2018-06-11 09:00:40', 0.00, 0.00, 1400.00, 1),
(603, 145, 105, 1, '2018-06-11 09:00:41', 94.00, 0.00, 1400.00, 1),
(604, 145, 50, 1, '2018-06-11 09:00:41', 0.00, 0.00, 1900.00, 1),
(605, 145, 88, 1, '2018-06-11 09:00:41', 109.00, 0.00, 1900.00, 1),
(606, 145, 104, 1, '2018-06-11 09:00:41', 84.00, 0.00, 2000.00, 1),
(607, 145, 38, 1, '2018-06-11 09:00:41', 109.00, 0.00, 1850.00, 1),
(608, 145, 101, 1, '2018-06-11 09:00:41', 0.00, 0.00, 1700.00, 1),
(609, 145, 93, 1, '2018-06-11 09:00:41', 105.00, 0.00, 1400.00, 1),
(610, 145, 53, 1, '2018-06-11 09:00:41', 109.00, 0.00, 1900.00, 1),
(611, 145, 89, 1, '2018-06-11 09:00:41', 0.00, 0.00, 1900.00, 1),
(612, 145, 60, 1, '2018-06-11 09:00:41', 55.00, 0.00, 1900.00, 1),
(613, 145, 75, 1, '2018-06-11 09:00:41', 99.00, 0.00, 1900.00, 1),
(614, 145, 51, 1, '2018-06-11 09:00:41', 0.00, 0.00, 1900.00, 1),
(615, 145, 52, 1, '2018-06-11 09:00:41', 0.00, 0.00, 1900.00, 1),
(616, 145, 122, 1, '2018-06-11 09:00:41', 99.00, 0.00, 1300.00, 1),
(617, 145, 94, 1, '2018-06-11 09:00:41', 0.00, 0.00, 1400.00, 1),
(618, 145, 85, 1, '2018-06-11 09:00:41', 109.00, 0.00, 0.00, 1),
(619, 145, 66, 1, '2018-06-11 09:00:41', 110.00, 0.00, 1900.00, 1),
(620, 145, 86, 1, '2018-06-11 09:00:41', 0.00, 0.00, 1400.00, 1),
(621, 145, 90, 1, '2018-06-11 09:00:41', 15.00, 0.00, 1900.00, 1),
(622, 145, 69, 1, '2018-06-11 09:00:41', 0.00, 0.00, 1400.00, 1),
(623, 145, 95, 1, '2018-06-11 09:00:41', 109.00, 0.00, 1400.00, 1),
(624, 145, 111, 1, '2018-06-11 09:00:41', 0.00, 0.00, 1900.00, 1),
(625, 145, 119, 1, '2018-06-11 09:00:41', 99.00, 0.00, 1300.00, 1),
(626, 145, 108, 1, '2018-06-11 09:00:41', 55.00, 0.00, 1900.00, 1),
(627, 145, 91, 1, '2018-06-11 09:00:41', 109.00, 0.00, 1900.00, 1),
(628, 145, 99, 1, '2018-06-11 09:00:41', 109.00, 0.00, 1500.00, 1),
(629, 145, 61, 1, '2018-06-11 09:00:41', 89.00, 0.00, 1900.00, 1),
(630, 145, 58, 1, '2018-06-11 09:00:41', 109.00, 0.00, 1400.00, 1),
(631, 145, 98, 1, '2018-06-11 09:00:41', 0.00, 0.00, 1700.00, 1),
(632, 145, 118, 1, '2018-06-11 09:00:41', 25.00, 0.00, 1800.00, 1),
(633, 145, 65, 1, '2018-06-11 09:00:41', 0.00, 0.00, 1900.00, 1),
(634, 145, 48, 1, '2018-06-11 09:00:41', 99.00, 0.00, 1400.00, 1),
(635, 145, 56, 1, '2018-06-11 09:00:41', 99.00, 0.00, 1900.00, 1),
(636, 145, 113, 1, '2018-06-11 09:00:41', 0.00, 0.00, 1900.00, 1),
(637, 145, 110, 1, '2018-06-11 09:00:41', 75.00, 0.00, 1900.00, 1),
(638, 145, 68, 1, '2018-06-11 09:00:41', 0.00, 0.00, 1900.00, 1),
(639, 145, 123, 1, '2018-06-11 09:00:41', 108.00, 0.00, 1300.00, 1),
(640, 145, 121, 1, '2018-06-11 09:00:41', 0.00, 0.00, 1800.00, 1),
(641, 145, 47, 1, '2018-06-11 09:00:42', 109.00, 0.00, 1400.00, 1),
(642, 145, 55, 1, '2018-06-11 09:00:42', 104.00, 0.00, 1900.00, 1),
(643, 145, 64, 1, '2018-06-11 09:00:42', 8.00, 0.00, 1900.00, 1),
(644, 145, 78, 1, '2018-06-11 09:00:42', 109.00, 0.00, 1300.00, 1),
(645, 145, 106, 1, '2018-06-11 09:00:42', 0.00, 0.00, 1900.00, 1),
(646, 145, 115, 1, '2018-06-11 09:00:42', 109.00, 0.00, 1800.00, 1),
(647, 145, 109, 1, '2018-06-11 09:00:42', 84.00, 0.00, 1900.00, 1),
(648, 145, 107, 1, '2018-06-11 09:00:42', 0.00, 0.00, 1900.00, 1),
(649, 145, 112, 1, '2018-06-11 09:00:42', 5.00, 0.00, 1900.00, 1),
(650, 145, 120, 1, '2018-06-11 09:00:42', 109.00, 0.00, 1300.00, 1),
(651, 145, 59, 1, '2018-06-11 09:00:42', 0.00, 0.00, 1900.00, 1),
(652, 145, 100, 1, '2018-06-11 09:00:42', 0.00, 0.00, 1400.00, 1),
(653, 145, 57, 1, '2018-06-11 09:00:42', 104.00, 0.00, 1900.00, 1),
(654, 145, 114, 1, '2018-06-11 09:00:42', 109.00, 0.00, 1300.00, 1),
(655, 145, 87, 1, '2018-06-11 09:00:42', 0.00, 0.00, 1900.00, 1),
(656, 145, 96, 1, '2018-06-11 09:00:42', 108.00, 0.00, 1700.00, 1),
(657, 145, 67, 1, '2018-06-11 09:00:42', 89.00, 0.00, 1900.00, 1),
(658, 145, 54, 1, '2018-06-11 09:00:42', 39.00, 0.00, 1900.00, 1),
(659, 145, 116, 1, '2018-06-11 09:00:42', 98.00, 0.00, 1800.00, 1),
(660, 145, 124, 1, '2018-06-11 09:00:42', 108.00, 0.00, 1800.00, 1),
(661, 145, 117, 1, '2018-06-11 09:00:42', 108.00, 0.00, 1800.00, 1),
(662, 223, 36, 1, '2018-09-11 18:29:31', 0.00, 0.00, 3000.00, 0),
(663, 223, 39, 1, '2018-09-11 18:29:31', 104.00, 0.00, 2100.00, 0),
(664, 223, 77, 1, '2018-09-11 18:29:31', 78.00, 0.00, 1300.00, 0),
(665, 223, 80, 1, '2018-09-11 18:29:31', 0.00, 0.00, 2000.00, 0),
(666, 223, 138, 1, '2018-09-11 18:29:31', 106.00, 0.00, 2000.00, 0),
(667, 223, 139, 1, '2018-09-11 18:29:31', 106.00, 0.00, 2000.00, 0),
(668, 223, 140, 1, '2018-09-11 18:29:31', 51.00, 0.00, 1800.00, 0),
(669, 223, 145, 1, '2018-09-11 18:29:31', 45.00, 0.00, 1900.00, 0),
(670, 223, 148, 1, '2018-09-11 18:29:31', 101.00, 0.00, 1850.00, 0),
(671, 223, 150, 1, '2018-09-11 18:29:31', 71.00, 0.00, 1800.00, 0),
(672, 223, 151, 1, '2018-09-11 18:29:31', 94.00, 0.00, 1800.00, 0),
(673, 223, 153, 1, '2018-09-11 18:29:31', 0.00, 0.00, 1900.00, 0),
(674, 223, 155, 1, '2018-09-11 18:29:31', 69.00, 0.00, 1800.00, 0),
(675, 223, 156, 1, '2018-09-11 18:29:31', 0.00, 0.00, 1700.00, 0),
(676, 223, 137, 1, '2018-09-11 18:29:31', 104.00, 0.00, 1400.00, 0),
(677, 223, 141, 1, '2018-09-11 18:29:31', 89.00, 0.00, 1300.00, 0),
(678, 223, 146, 1, '2018-09-11 18:29:31', 106.00, 0.00, 1300.00, 0),
(679, 223, 147, 1, '2018-09-11 18:29:31', 106.00, 0.00, 1300.00, 0),
(680, 223, 149, 1, '2018-09-11 18:29:31', 76.00, 0.00, 1300.00, 0),
(681, 223, 152, 1, '2018-09-11 18:29:31', 106.00, 0.00, 1300.00, 0),
(682, 223, 154, 1, '2018-09-11 18:29:31', 108.00, 0.00, 1300.00, 0),
(683, 223, 142, 1, '2018-09-11 18:29:31', 108.00, 0.00, 0.00, 0),
(684, 223, 143, 1, '2018-09-11 18:29:31', 107.00, 0.00, 1850.00, 0),
(685, 223, 144, 1, '2018-09-11 18:29:31', 74.00, 0.00, 1800.00, 0),
(686, 223, 157, 1, '2018-09-11 18:29:31', 106.00, 0.00, 1750.00, 0),
(687, 224, 36, 1, '2018-09-11 18:36:39', 0.00, 0.00, 3000.00, 1),
(688, 224, 39, 1, '2018-09-11 18:36:39', 90.00, 0.00, 2100.00, 1),
(689, 224, 77, 1, '2018-09-11 18:36:39', 98.00, 0.00, 1300.00, 1),
(690, 224, 80, 1, '2018-09-11 18:36:39', 0.00, 0.00, 2000.00, 1),
(691, 224, 138, 1, '2018-09-11 18:36:39', 109.00, 0.00, 2000.00, 1),
(692, 224, 139, 1, '2018-09-11 18:36:39', 109.00, 0.00, 2000.00, 1),
(693, 224, 140, 1, '2018-09-11 18:36:39', 64.00, 0.00, 1800.00, 1),
(694, 224, 145, 1, '2018-09-11 18:36:39', 85.00, 0.00, 1900.00, 1),
(695, 224, 148, 1, '2018-09-11 18:36:39', 59.00, 0.00, 1850.00, 1),
(696, 224, 150, 1, '2018-09-11 18:36:39', 64.00, 0.00, 1800.00, 1),
(697, 224, 151, 1, '2018-09-11 18:36:39', 109.00, 0.00, 1800.00, 1),
(698, 224, 153, 1, '2018-09-11 18:36:39', 89.00, 0.00, 1900.00, 1),
(699, 224, 155, 1, '2018-09-11 18:36:39', 109.00, 0.00, 1800.00, 1),
(700, 224, 156, 1, '2018-09-11 18:36:39', 39.00, 0.00, 1700.00, 1),
(701, 224, 137, 1, '2018-09-11 18:36:39', 181.00, 0.00, 1400.00, 1),
(702, 224, 141, 1, '2018-09-11 18:36:39', 109.00, 0.00, 1300.00, 1),
(703, 224, 146, 1, '2018-09-11 18:36:39', 59.00, 0.00, 1300.00, 1),
(704, 224, 147, 1, '2018-09-11 18:36:39', 109.00, 0.00, 1300.00, 1),
(705, 224, 149, 1, '2018-09-11 18:36:39', 20.00, 0.00, 1300.00, 1),
(706, 224, 152, 1, '2018-09-11 18:36:39', 109.00, 0.00, 1300.00, 1),
(707, 224, 154, 1, '2018-09-11 18:36:39', 99.00, 0.00, 1300.00, 1),
(708, 224, 142, 1, '2018-09-11 18:36:39', 99.00, 0.00, 0.00, 1),
(709, 224, 143, 1, '2018-09-11 18:36:39', 99.00, 0.00, 1850.00, 1),
(710, 224, 144, 1, '2018-09-11 18:36:39', 64.00, 0.00, 1800.00, 1),
(711, 224, 157, 1, '2018-09-11 18:36:39', 54.00, 0.00, 1750.00, 1),
(712, 225, 36, 1, '2018-09-13 09:44:52', 0.00, 0.00, 3000.00, 1),
(713, 225, 39, 1, '2018-09-13 09:44:52', 121.00, 0.00, 2100.00, 1),
(714, 225, 77, 1, '2018-09-13 09:44:52', 121.00, 0.00, 1300.00, 1),
(715, 225, 80, 1, '2018-09-13 09:44:53', 124.00, 0.00, 2000.00, 1),
(716, 225, 138, 1, '2018-09-13 09:44:53', 10.00, 0.00, 2000.00, 1),
(717, 225, 139, 1, '2018-09-13 09:44:53', 10.00, 0.00, 2000.00, 1),
(718, 225, 140, 1, '2018-09-13 09:44:53', 0.00, 0.00, 1800.00, 1),
(719, 225, 145, 1, '2018-09-13 09:44:53', 0.00, 0.00, 1900.00, 1),
(720, 225, 148, 1, '2018-09-13 09:44:53', 0.00, 0.00, 1850.00, 1),
(721, 225, 150, 1, '2018-09-13 09:44:53', 0.00, 0.00, 1800.00, 1),
(722, 225, 151, 1, '2018-09-13 09:44:53', 0.00, 0.00, 1800.00, 1),
(723, 225, 153, 1, '2018-09-13 09:44:53', 0.00, 0.00, 1900.00, 1),
(724, 225, 155, 1, '2018-09-13 09:44:53', 0.00, 0.00, 1800.00, 1),
(725, 225, 156, 1, '2018-09-13 09:44:53', 0.00, 0.00, 1700.00, 1),
(726, 225, 137, 1, '2018-09-13 09:44:53', 109.00, 0.00, 1400.00, 1),
(727, 225, 141, 1, '2018-09-13 09:44:53', 0.00, 0.00, 1300.00, 1),
(728, 225, 146, 1, '2018-09-13 09:44:53', 0.00, 0.00, 1300.00, 1),
(729, 225, 147, 1, '2018-09-13 09:44:53', 0.00, 0.00, 1300.00, 1),
(730, 225, 149, 1, '2018-09-13 09:44:53', 0.00, 0.00, 1300.00, 1),
(731, 225, 152, 1, '2018-09-13 09:44:53', 0.00, 0.00, 1300.00, 1),
(732, 225, 154, 1, '2018-09-13 09:44:53', 0.00, 0.00, 1300.00, 1),
(733, 225, 142, 1, '2018-09-13 09:44:53', 0.00, 0.00, 0.00, 1),
(734, 225, 143, 1, '2018-09-13 09:44:53', 0.00, 0.00, 1850.00, 1),
(735, 225, 144, 1, '2018-09-13 09:44:53', 0.00, 0.00, 1800.00, 1),
(736, 225, 157, 1, '2018-09-13 09:44:53', 0.00, 0.00, 1750.00, 1),
(737, 226, 36, 1, '2018-09-13 09:55:08', 0.00, 0.00, 3000.00, 0),
(738, 226, 39, 1, '2018-09-13 09:55:08', 112.00, 0.00, 2100.00, 0),
(739, 226, 77, 1, '2018-09-13 09:55:08', 113.00, 0.00, 1300.00, 0),
(740, 226, 80, 1, '2018-09-13 09:55:08', 123.00, 0.00, 2000.00, 0),
(741, 226, 138, 1, '2018-09-13 09:55:08', 123.00, 0.00, 2000.00, 0),
(742, 226, 139, 1, '2018-09-13 09:55:08', 128.00, 0.00, 2000.00, 0),
(743, 226, 140, 1, '2018-09-13 09:55:08', 0.00, 0.00, 1800.00, 0),
(744, 226, 145, 1, '2018-09-13 09:55:08', 0.00, 0.00, 1900.00, 0),
(745, 226, 148, 1, '2018-09-13 09:55:08', 0.00, 0.00, 1850.00, 0),
(746, 226, 150, 1, '2018-09-13 09:55:08', 0.00, 0.00, 1800.00, 0),
(747, 226, 151, 1, '2018-09-13 09:55:08', 0.00, 0.00, 1800.00, 0),
(748, 226, 153, 1, '2018-09-13 09:55:08', 0.00, 0.00, 1900.00, 0),
(749, 226, 155, 1, '2018-09-13 09:55:09', 0.00, 0.00, 1800.00, 0),
(750, 226, 156, 1, '2018-09-13 09:55:09', 0.00, 0.00, 1700.00, 0),
(751, 226, 137, 1, '2018-09-13 09:55:09', 0.00, 0.00, 1400.00, 0),
(752, 226, 141, 1, '2018-09-13 09:55:09', 0.00, 0.00, 1300.00, 0),
(753, 226, 146, 1, '2018-09-13 09:55:09', 0.00, 0.00, 1300.00, 0),
(754, 226, 147, 1, '2018-09-13 09:55:09', 0.00, 0.00, 1300.00, 0),
(755, 226, 149, 1, '2018-09-13 09:55:09', 0.00, 0.00, 1300.00, 0),
(756, 226, 152, 1, '2018-09-13 09:55:09', 0.00, 0.00, 1300.00, 0),
(757, 226, 154, 1, '2018-09-13 09:55:09', 0.00, 0.00, 1300.00, 0),
(758, 226, 142, 1, '2018-09-13 09:55:09', 0.00, 0.00, 0.00, 0),
(759, 226, 143, 1, '2018-09-13 09:55:09', 0.00, 0.00, 1850.00, 0),
(760, 226, 144, 1, '2018-09-13 09:55:09', 0.00, 0.00, 1800.00, 0),
(761, 226, 157, 1, '2018-09-13 09:55:09', 0.00, 0.00, 1750.00, 0),
(762, 226, 36, 1, '2018-09-13 09:58:36', 0.00, 0.00, 3000.00, 1),
(763, 226, 39, 1, '2018-09-13 09:58:36', 112.00, 0.00, 2100.00, 1),
(764, 226, 77, 1, '2018-09-13 09:58:36', 113.00, 0.00, 1300.00, 1),
(765, 226, 80, 1, '2018-09-13 09:58:36', 123.00, 0.00, 2000.00, 1),
(766, 226, 138, 1, '2018-09-13 09:58:36', 123.00, 0.00, 2000.00, 1),
(767, 226, 139, 1, '2018-09-13 09:58:36', 128.00, 0.00, 2000.00, 1),
(768, 226, 140, 1, '2018-09-13 09:58:36', 78.00, 0.00, 1800.00, 1),
(769, 226, 145, 1, '2018-09-13 09:58:36', 0.00, 0.00, 1900.00, 1);
INSERT INTO `proyecto_gasto_mano_obra` (`proyecto_gasto_mano_obra_id`, `proyecto_gasto_id`, `proyecto_colaborador_id`, `usuario_id`, `fecha_registro`, `cantidad_horas`, `cantidad_horas_extra`, `costo_hora_mano_obra`, `estado_registro`) VALUES
(770, 226, 148, 1, '2018-09-13 09:58:36', 0.00, 0.00, 1850.00, 1),
(771, 226, 150, 1, '2018-09-13 09:58:36', 0.00, 0.00, 1800.00, 1),
(772, 226, 151, 1, '2018-09-13 09:58:37', 0.00, 0.00, 1800.00, 1),
(773, 226, 153, 1, '2018-09-13 09:58:37', 0.00, 0.00, 1900.00, 1),
(774, 226, 155, 1, '2018-09-13 09:58:37', 78.00, 0.00, 1800.00, 1),
(775, 226, 156, 1, '2018-09-13 09:58:37', 0.00, 0.00, 1700.00, 1),
(776, 226, 137, 1, '2018-09-13 09:58:37', 123.00, 0.00, 1400.00, 1),
(777, 226, 141, 1, '2018-09-13 09:58:37', 0.00, 0.00, 1300.00, 1),
(778, 226, 146, 1, '2018-09-13 09:58:37', 0.00, 0.00, 1300.00, 1),
(779, 226, 147, 1, '2018-09-13 09:58:37', 0.00, 0.00, 1300.00, 1),
(780, 226, 149, 1, '2018-09-13 09:58:37', 0.00, 0.00, 1300.00, 1),
(781, 226, 152, 1, '2018-09-13 09:58:37', 108.00, 0.00, 1300.00, 1),
(782, 226, 154, 1, '2018-09-13 09:58:37', 0.00, 0.00, 1300.00, 1),
(783, 226, 142, 1, '2018-09-13 09:58:37', 66.00, 0.00, 0.00, 1),
(784, 226, 143, 1, '2018-09-13 09:58:37', 121.00, 0.00, 1850.00, 1),
(785, 226, 144, 1, '2018-09-13 09:58:37', 58.00, 0.00, 1800.00, 1),
(786, 226, 157, 1, '2018-09-13 09:58:37', -0.05, 0.00, 1750.00, 1),
(787, 227, 36, 1, '2018-09-13 10:01:06', 0.00, 0.00, 3000.00, 1),
(788, 227, 39, 1, '2018-09-13 10:01:06', 41.00, 0.00, 2100.00, 1),
(789, 227, 77, 1, '2018-09-13 10:01:06', 41.00, 0.00, 1300.00, 1),
(790, 227, 80, 1, '2018-09-13 10:01:06', 0.00, 0.00, 2000.00, 1),
(791, 227, 138, 1, '2018-09-13 10:01:06', 0.00, 0.00, 2000.00, 1),
(792, 227, 139, 1, '2018-09-13 10:01:06', 0.00, 0.00, 2000.00, 1),
(793, 227, 140, 1, '2018-09-13 10:01:06', 0.00, 0.00, 1800.00, 1),
(794, 227, 145, 1, '2018-09-13 10:01:06', 0.00, 0.00, 1900.00, 1),
(795, 227, 148, 1, '2018-09-13 10:01:06', 0.00, 0.00, 1850.00, 1),
(796, 227, 150, 1, '2018-09-13 10:01:06', 0.00, 0.00, 1800.00, 1),
(797, 227, 151, 1, '2018-09-13 10:01:06', 0.00, 0.00, 1800.00, 1),
(798, 227, 153, 1, '2018-09-13 10:01:06', 0.00, 0.00, 1900.00, 1),
(799, 227, 155, 1, '2018-09-13 10:01:06', 0.00, 0.00, 1800.00, 1),
(800, 227, 156, 1, '2018-09-13 10:01:06', 0.00, 0.00, 1700.00, 1),
(801, 227, 137, 1, '2018-09-13 10:01:06', 26.00, 0.00, 1400.00, 1),
(802, 227, 141, 1, '2018-09-13 10:01:06', 0.00, 0.00, 1300.00, 1),
(803, 227, 146, 1, '2018-09-13 10:01:06', 0.00, 0.00, 1300.00, 1),
(804, 227, 147, 1, '2018-09-13 10:01:06', 0.00, 0.00, 1300.00, 1),
(805, 227, 149, 1, '2018-09-13 10:01:06', 0.00, 0.00, 1300.00, 1),
(806, 227, 152, 1, '2018-09-13 10:01:06', 0.00, 0.00, 1300.00, 1),
(807, 227, 154, 1, '2018-09-13 10:01:06', 0.00, 0.00, 1300.00, 1),
(808, 227, 142, 1, '2018-09-13 10:01:06', 0.00, 0.00, 0.00, 1),
(809, 227, 143, 1, '2018-09-13 10:01:06', 0.00, 0.00, 1850.00, 1),
(810, 227, 144, 1, '2018-09-13 10:01:06', 0.00, 0.00, 1800.00, 1),
(811, 227, 157, 1, '2018-09-13 10:01:06', 0.00, 0.00, 1750.00, 1),
(812, 228, 36, 1, '2018-09-13 10:04:47', 0.00, 0.00, 3000.00, 0),
(813, 228, 39, 1, '2018-09-13 10:04:47', 103.00, 0.00, 2100.00, 0),
(814, 228, 77, 1, '2018-09-13 10:04:47', 0.00, 0.00, 1300.00, 0),
(815, 228, 80, 1, '2018-09-13 10:04:47', 99.00, 0.00, 2000.00, 0),
(816, 228, 138, 1, '2018-09-13 10:04:47', 114.00, 0.00, 2000.00, 0),
(817, 228, 139, 1, '2018-09-13 10:04:47', 114.00, 0.00, 2000.00, 0),
(818, 228, 140, 1, '2018-09-13 10:04:47', 114.00, 0.00, 1800.00, 0),
(819, 228, 145, 1, '2018-09-13 10:04:47', 68.50, 0.00, 1900.00, 0),
(820, 228, 148, 1, '2018-09-13 10:04:47', 0.00, 0.00, 1850.00, 0),
(821, 228, 150, 1, '2018-09-13 10:04:47', 0.00, 0.00, 1800.00, 0),
(822, 228, 151, 1, '2018-09-13 10:04:47', 0.00, 0.00, 1800.00, 0),
(823, 228, 153, 1, '2018-09-13 10:04:47', 0.00, 0.00, 1900.00, 0),
(824, 228, 155, 1, '2018-09-13 10:04:47', 0.00, 0.00, 1800.00, 0),
(825, 228, 156, 1, '2018-09-13 10:04:47', 0.00, 0.00, 1700.00, 0),
(826, 228, 137, 1, '2018-09-13 10:04:47', 0.00, 0.00, 1400.00, 0),
(827, 228, 141, 1, '2018-09-13 10:04:47', 0.00, 0.00, 1300.00, 0),
(828, 228, 146, 1, '2018-09-13 10:04:47', 0.00, 0.00, 1300.00, 0),
(829, 228, 147, 1, '2018-09-13 10:04:47', 0.00, 0.00, 1300.00, 0),
(830, 228, 149, 1, '2018-09-13 10:04:47', 0.00, 0.00, 1300.00, 0),
(831, 228, 152, 1, '2018-09-13 10:04:47', 0.00, 0.00, 1300.00, 0),
(832, 228, 154, 1, '2018-09-13 10:04:48', 0.00, 0.00, 1300.00, 0),
(833, 228, 142, 1, '2018-09-13 10:04:48', 0.00, 0.00, 0.00, 0),
(834, 228, 143, 1, '2018-09-13 10:04:48', 0.00, 0.00, 1850.00, 0),
(835, 228, 144, 1, '2018-09-13 10:04:48', 0.00, 0.00, 1800.00, 0),
(836, 228, 157, 1, '2018-09-13 10:04:48', 0.00, 0.00, 1750.00, 0),
(837, 228, 36, 1, '2018-09-13 10:23:42', 0.00, 0.00, 3000.00, 0),
(838, 228, 39, 1, '2018-09-13 10:23:42', 103.00, 0.00, 2100.00, 0),
(839, 228, 77, 1, '2018-09-13 10:23:42', 0.00, 0.00, 1300.00, 0),
(840, 228, 80, 1, '2018-09-13 10:23:42', 99.00, 0.00, 2000.00, 0),
(841, 228, 138, 1, '2018-09-13 10:23:42', 114.00, 0.00, 2000.00, 0),
(842, 228, 139, 1, '2018-09-13 10:23:43', 114.00, 0.00, 2000.00, 0),
(843, 228, 140, 1, '2018-09-13 10:23:43', 114.00, 0.00, 1800.00, 0),
(844, 228, 145, 1, '2018-09-13 10:23:43', 68.50, 0.00, 1900.00, 0),
(845, 228, 148, 1, '2018-09-13 10:23:43', 31.00, 0.00, 1850.00, 0),
(846, 228, 150, 1, '2018-09-13 10:23:43', 41.00, 0.00, 1800.00, 0),
(847, 228, 151, 1, '2018-09-13 10:23:43', 51.00, 0.00, 1800.00, 0),
(848, 228, 153, 1, '2018-09-13 10:23:43', 88.00, 0.00, 1900.00, 0),
(849, 228, 155, 1, '2018-09-13 10:23:43', 114.00, 0.00, 1800.00, 0),
(850, 228, 156, 1, '2018-09-13 10:23:43', 0.00, 0.00, 1700.00, 0),
(851, 228, 137, 1, '2018-09-13 10:23:43', 110.00, 0.00, 1400.00, 0),
(852, 228, 141, 1, '2018-09-13 10:23:43', 114.00, 0.00, 1300.00, 0),
(853, 228, 146, 1, '2018-09-13 10:23:43', 0.00, 0.00, 1300.00, 0),
(854, 228, 147, 1, '2018-09-13 10:23:43', 31.00, 0.00, 1300.00, 0),
(855, 228, 149, 1, '2018-09-13 10:23:43', 41.00, 0.00, 1300.00, 0),
(856, 228, 152, 1, '2018-09-13 10:23:43', 114.00, 0.00, 1300.00, 0),
(857, 228, 154, 1, '2018-09-13 10:23:43', 88.00, 0.00, 1300.00, 0),
(858, 228, 142, 1, '2018-09-13 10:23:43', 114.00, 0.00, 0.00, 0),
(859, 228, 143, 1, '2018-09-13 10:23:43', 114.00, 0.00, 1850.00, 0),
(860, 228, 144, 1, '2018-09-13 10:23:43', 114.00, 0.00, 1800.00, 0),
(861, 228, 157, 1, '2018-09-13 10:23:43', 59.50, 0.00, 1750.00, 0),
(862, 223, 36, 1, '2018-09-13 11:41:04', 0.00, 0.00, 3000.00, 1),
(863, 223, 39, 1, '2018-09-13 11:41:04', 104.00, 0.00, 2100.00, 1),
(864, 223, 77, 1, '2018-09-13 11:41:04', 78.00, 0.00, 1300.00, 1),
(865, 223, 80, 1, '2018-09-13 11:41:04', 0.00, 0.00, 2000.00, 1),
(866, 223, 138, 1, '2018-09-13 11:41:04', 106.00, 0.00, 2000.00, 1),
(867, 223, 139, 1, '2018-09-13 11:41:04', 106.00, 0.00, 2000.00, 1),
(868, 223, 140, 1, '2018-09-13 11:41:04', 51.00, 0.00, 1800.00, 1),
(869, 223, 145, 1, '2018-09-13 11:41:04', 45.00, 0.00, 1900.00, 1),
(870, 223, 148, 1, '2018-09-13 11:41:04', 101.00, 0.00, 1850.00, 1),
(871, 223, 150, 1, '2018-09-13 11:41:04', 71.00, 0.00, 1800.00, 1),
(872, 223, 151, 1, '2018-09-13 11:41:04', 94.00, 0.00, 1800.00, 1),
(873, 223, 153, 1, '2018-09-13 11:41:04', 0.00, 0.00, 1900.00, 1),
(874, 223, 155, 1, '2018-09-13 11:41:04', 69.00, 0.00, 1800.00, 1),
(875, 223, 156, 1, '2018-09-13 11:41:04', 0.00, 0.00, 1700.00, 1),
(876, 223, 137, 1, '2018-09-13 11:41:04', 104.00, 0.00, 1400.00, 1),
(877, 223, 141, 1, '2018-09-13 11:41:04', 89.00, 0.00, 1300.00, 1),
(878, 223, 146, 1, '2018-09-13 11:41:04', 106.00, 0.00, 1300.00, 1),
(879, 223, 147, 1, '2018-09-13 11:41:04', 106.00, 0.00, 1300.00, 1),
(880, 223, 149, 1, '2018-09-13 11:41:04', 76.00, 0.00, 1300.00, 1),
(881, 223, 152, 1, '2018-09-13 11:41:04', 106.00, 0.00, 1300.00, 1),
(882, 223, 154, 1, '2018-09-13 11:41:04', 108.00, 0.00, 1300.00, 1),
(883, 223, 142, 1, '2018-09-13 11:41:04', 108.00, 0.00, 0.00, 1),
(884, 223, 143, 1, '2018-09-13 11:41:04', 107.00, 0.00, 1850.00, 1),
(885, 223, 144, 1, '2018-09-13 11:41:04', 74.00, 0.00, 1800.00, 1),
(886, 223, 157, 1, '2018-09-13 11:41:05', 106.00, 0.00, 1750.00, 1),
(887, 229, 36, 1, '2018-09-13 12:11:36', 0.00, 0.00, 3000.00, 1),
(888, 229, 39, 1, '2018-09-13 12:11:36', 0.00, 0.00, 2100.00, 1),
(889, 229, 77, 1, '2018-09-13 12:11:36', 0.00, 0.00, 1300.00, 1),
(890, 229, 80, 1, '2018-09-13 12:11:36', 0.00, 0.00, 2000.00, 1),
(891, 229, 138, 1, '2018-09-13 12:11:36', 0.00, 0.00, 2000.00, 1),
(892, 229, 139, 1, '2018-09-13 12:11:36', 0.00, 0.00, 2000.00, 1),
(893, 229, 140, 1, '2018-09-13 12:11:36', 0.00, 0.00, 1800.00, 1),
(894, 229, 145, 1, '2018-09-13 12:11:36', 0.00, 0.00, 1900.00, 1),
(895, 229, 148, 1, '2018-09-13 12:11:36', 0.00, 0.00, 1850.00, 1),
(896, 229, 150, 1, '2018-09-13 12:11:36', 0.00, 0.00, 1800.00, 1),
(897, 229, 151, 1, '2018-09-13 12:11:36', 0.00, 0.00, 1800.00, 1),
(898, 229, 153, 1, '2018-09-13 12:11:36', 0.00, 0.00, 1900.00, 1),
(899, 229, 155, 1, '2018-09-13 12:11:36', 0.00, 0.00, 1800.00, 1),
(900, 229, 156, 1, '2018-09-13 12:11:36', 0.00, 0.00, 1700.00, 1),
(901, 229, 158, 1, '2018-09-13 12:11:36', 73.00, 0.00, 1900.00, 1),
(902, 229, 159, 1, '2018-09-13 12:11:36', 10.00, 0.00, 1900.00, 1),
(903, 229, 160, 1, '2018-09-13 12:11:36', 0.00, 0.00, 1900.00, 1),
(904, 229, 137, 1, '2018-09-13 12:11:36', 0.00, 0.00, 1400.00, 1),
(905, 229, 141, 1, '2018-09-13 12:11:36', 0.00, 0.00, 1300.00, 1),
(906, 229, 146, 1, '2018-09-13 12:11:37', 0.00, 0.00, 1300.00, 1),
(907, 229, 147, 1, '2018-09-13 12:11:37', 0.00, 0.00, 1300.00, 1),
(908, 229, 149, 1, '2018-09-13 12:11:37', 0.00, 0.00, 1300.00, 1),
(909, 229, 152, 1, '2018-09-13 12:11:37', 0.00, 0.00, 1300.00, 1),
(910, 229, 154, 1, '2018-09-13 12:11:37', 0.00, 0.00, 1300.00, 1),
(911, 229, 142, 1, '2018-09-13 12:11:37', 0.00, 0.00, 0.00, 1),
(912, 229, 143, 1, '2018-09-13 12:11:37', 0.00, 0.00, 1850.00, 1),
(913, 229, 144, 1, '2018-09-13 12:11:37', 0.00, 0.00, 1800.00, 1),
(914, 229, 157, 1, '2018-09-13 12:11:37', 0.00, 0.00, 1750.00, 1),
(915, 230, 36, 1, '2018-09-13 12:13:12', 0.00, 0.00, 3000.00, 1),
(916, 230, 39, 1, '2018-09-13 12:13:12', 0.00, 0.00, 2100.00, 1),
(917, 230, 77, 1, '2018-09-13 12:13:12', 0.00, 0.00, 1300.00, 1),
(918, 230, 80, 1, '2018-09-13 12:13:12', 0.00, 0.00, 2000.00, 1),
(919, 230, 138, 1, '2018-09-13 12:13:12', 0.00, 0.00, 2000.00, 1),
(920, 230, 139, 1, '2018-09-13 12:13:12', 0.00, 0.00, 2000.00, 1),
(921, 230, 140, 1, '2018-09-13 12:13:12', 0.00, 0.00, 1800.00, 1),
(922, 230, 145, 1, '2018-09-13 12:13:12', 0.00, 0.00, 1900.00, 1),
(923, 230, 148, 1, '2018-09-13 12:13:12', 0.00, 0.00, 1850.00, 1),
(924, 230, 150, 1, '2018-09-13 12:13:12', 0.00, 0.00, 1800.00, 1),
(925, 230, 151, 1, '2018-09-13 12:13:12', 0.00, 0.00, 1800.00, 1),
(926, 230, 153, 1, '2018-09-13 12:13:12', 0.00, 0.00, 1900.00, 1),
(927, 230, 155, 1, '2018-09-13 12:13:12', 0.00, 0.00, 1800.00, 1),
(928, 230, 156, 1, '2018-09-13 12:13:12', 0.00, 0.00, 1700.00, 1),
(929, 230, 158, 1, '2018-09-13 12:13:12', 41.00, 0.00, 1900.00, 1),
(930, 230, 159, 1, '2018-09-13 12:13:12', 0.00, 0.00, 1900.00, 1),
(931, 230, 160, 1, '2018-09-13 12:13:12', 26.00, 0.00, 1900.00, 1),
(932, 230, 137, 1, '2018-09-13 12:13:12', 0.00, 0.00, 1400.00, 1),
(933, 230, 141, 1, '2018-09-13 12:13:12', 0.00, 0.00, 1300.00, 1),
(934, 230, 146, 1, '2018-09-13 12:13:12', 0.00, 0.00, 1300.00, 1),
(935, 230, 147, 1, '2018-09-13 12:13:12', 0.00, 0.00, 1300.00, 1),
(936, 230, 149, 1, '2018-09-13 12:13:12', 0.00, 0.00, 1300.00, 1),
(937, 230, 152, 1, '2018-09-13 12:13:12', 0.00, 0.00, 1300.00, 1),
(938, 230, 154, 1, '2018-09-13 12:13:12', 0.00, 0.00, 1300.00, 1),
(939, 230, 142, 1, '2018-09-13 12:13:12', 0.00, 0.00, 0.00, 1),
(940, 230, 143, 1, '2018-09-13 12:13:12', 0.00, 0.00, 1850.00, 1),
(941, 230, 144, 1, '2018-09-13 12:13:12', 0.00, 0.00, 1800.00, 1),
(942, 230, 157, 1, '2018-09-13 12:13:12', 0.00, 0.00, 1750.00, 1),
(943, 228, 36, 1, '2018-09-13 12:14:56', 0.00, 0.00, 3000.00, 1),
(944, 228, 39, 1, '2018-09-13 12:14:56', 103.00, 0.00, 2100.00, 1),
(945, 228, 77, 1, '2018-09-13 12:14:56', 106.00, 0.00, 1300.00, 1),
(946, 228, 80, 1, '2018-09-13 12:14:56', 99.00, 0.00, 2000.00, 1),
(947, 228, 138, 1, '2018-09-13 12:14:56', 114.00, 0.00, 2000.00, 1),
(948, 228, 139, 1, '2018-09-13 12:14:56', 114.00, 0.00, 2000.00, 1),
(949, 228, 140, 1, '2018-09-13 12:14:56', 114.00, 0.00, 1800.00, 1),
(950, 228, 145, 1, '2018-09-13 12:14:56', 68.50, 0.00, 1900.00, 1),
(951, 228, 148, 1, '2018-09-13 12:14:56', 31.00, 0.00, 1850.00, 1),
(952, 228, 150, 1, '2018-09-13 12:14:56', 41.00, 0.00, 1800.00, 1),
(953, 228, 151, 1, '2018-09-13 12:14:56', 51.00, 0.00, 1800.00, 1),
(954, 228, 153, 1, '2018-09-13 12:14:56', 88.00, 0.00, 1900.00, 1),
(955, 228, 155, 1, '2018-09-13 12:14:56', 114.00, 0.00, 1800.00, 1),
(956, 228, 156, 1, '2018-09-13 12:14:56', 0.00, 0.00, 1700.00, 1),
(957, 228, 137, 1, '2018-09-13 12:14:56', 110.00, 0.00, 1400.00, 1),
(958, 228, 141, 1, '2018-09-13 12:14:56', 114.00, 0.00, 1300.00, 1),
(959, 228, 146, 1, '2018-09-13 12:14:56', 0.00, 0.00, 1300.00, 1),
(960, 228, 147, 1, '2018-09-13 12:14:56', 31.00, 0.00, 1300.00, 1),
(961, 228, 149, 1, '2018-09-13 12:14:56', 41.00, 0.00, 1300.00, 1),
(962, 228, 152, 1, '2018-09-13 12:14:56', 114.00, 0.00, 1300.00, 1),
(963, 228, 154, 1, '2018-09-13 12:14:56', 88.00, 0.00, 1300.00, 1),
(964, 228, 142, 1, '2018-09-13 12:14:56', 114.00, 0.00, 0.00, 1),
(965, 228, 143, 1, '2018-09-13 12:14:56', 114.00, 0.00, 1850.00, 1),
(966, 228, 144, 1, '2018-09-13 12:14:56', 114.00, 0.00, 1800.00, 1),
(967, 228, 157, 1, '2018-09-13 12:14:56', 59.50, 0.00, 1750.00, 1);

-- --------------------------------------------------------

--
-- Estructura de tabla para la tabla `proyecto_gasto_material`
--

CREATE TABLE `proyecto_gasto_material` (
  `proyecto_gasto_material_id` int(11) NOT NULL,
  `proyecto_gasto_id` int(11) NOT NULL,
  `proyecto_material_solicitud_compra_orden_compra_id` int(11) NOT NULL
) ENGINE=InnoDB DEFAULT CHARSET=utf8 COLLATE=utf8_spanish_ci;

-- --------------------------------------------------------

--
-- Estructura de tabla para la tabla `proyecto_gasto_monto`
--

CREATE TABLE `proyecto_gasto_monto` (
  `proyecto_gasto_monto_id` int(11) NOT NULL,
  `proyecto_gasto_id` int(11) NOT NULL,
  `moneda_id` int(11) NOT NULL,
  `proyecto_gasto_monto` float(20,2) NOT NULL,
  `estado_registro` int(11) NOT NULL COMMENT '0 = inactivo, 1 = activo',
  `fecha_registro` datetime NOT NULL
) ENGINE=InnoDB DEFAULT CHARSET=utf8 COLLATE=utf8_spanish_ci;

--
-- Volcado de datos para la tabla `proyecto_gasto_monto`
--

INSERT INTO `proyecto_gasto_monto` (`proyecto_gasto_monto_id`, `proyecto_gasto_id`, `moneda_id`, `proyecto_gasto_monto`, `estado_registro`, `fecha_registro`) VALUES
(24, 15, 1, 3698.85, 1, '2017-12-29 05:48:32'),
(91, 61, 1, 3000.00, 1, '2018-04-13 14:24:28'),
(92, 62, 1, 100000.00, 1, '2018-04-13 14:46:11'),
(93, 63, 1, 0.00, 0, '2018-04-13 15:12:55'),
(94, 64, 1, 0.00, 1, '2018-04-13 15:19:39'),
(96, 63, 1, 3500.00, 1, '2018-04-13 18:39:03'),
(97, 66, 1, 357.57, 1, '2018-04-16 08:49:18'),
(98, 67, 1, 6750.67, 1, '2018-04-16 08:50:42'),
(99, 68, 1, 12.53, 1, '2018-04-16 08:51:34'),
(100, 69, 1, 9309.48, 1, '2018-04-16 08:52:25'),
(101, 70, 1, 771.77, 1, '2018-04-16 08:53:35'),
(102, 71, 1, 95.80, 1, '2018-04-16 08:54:23'),
(103, 72, 1, 612.68, 1, '2018-04-16 08:55:07'),
(104, 73, 1, 170.21, 1, '2018-04-16 08:55:49'),
(105, 74, 1, 4432.81, 1, '2018-04-16 08:57:14'),
(106, 75, 1, 4000.00, 1, '2018-04-16 19:45:10'),
(107, 76, 1, 7914.53, 1, '2018-04-17 14:56:28'),
(108, 77, 1, 823.06, 1, '2018-04-17 14:57:28'),
(109, 78, 1, 1038.29, 1, '2018-04-23 10:38:10'),
(110, 79, 1, 2062.96, 1, '2018-04-23 10:39:35'),
(111, 80, 1, 612.68, 1, '2018-04-23 10:40:22'),
(112, 81, 1, 3858.00, 1, '2018-04-23 10:41:52'),
(113, 82, 1, 13068.67, 1, '2018-04-23 10:42:53'),
(114, 83, 1, 3000.00, 1, '2018-04-24 15:13:35'),
(115, 84, 2, 25725.00, 1, '2018-04-26 09:04:31'),
(118, 86, 1, 37000.00, 1, '2018-04-27 15:16:24'),
(119, 87, 2, 16295400.00, 1, '2018-04-27 15:20:20'),
(120, 88, 2, 3180000.00, 1, '2018-04-27 15:29:42'),
(121, 89, 2, 1050000.00, 1, '2018-04-27 15:35:22'),
(122, 90, 2, 1000000.00, 1, '2018-04-27 15:36:27'),
(123, 91, 2, 3804000.00, 1, '2018-04-27 15:39:28'),
(124, 92, 2, 1733291.75, 1, '2018-04-27 15:41:02'),
(125, 93, 2, 2450000.00, 1, '2018-04-27 15:43:01'),
(126, 94, 2, 76550000.00, 1, '2018-04-27 15:45:35'),
(127, 95, 2, 133429120.00, 0, '2018-04-27 15:47:18'),
(128, 96, 2, 6785000.00, 1, '2018-04-27 15:49:24'),
(129, 97, 1, 2399.35, 1, '2018-05-09 08:53:05'),
(130, 98, 1, 3408.21, 1, '2018-05-09 08:54:40'),
(131, 99, 1, 291.60, 1, '2018-05-09 08:58:02'),
(132, 100, 1, 0.00, 1, '2018-05-10 11:41:44'),
(133, 101, 2, 63000.00, 1, '2018-05-10 16:58:07'),
(134, 102, 2, 64450.00, 1, '2018-05-10 16:58:46'),
(135, 103, 2, 63000.00, 1, '2018-05-10 16:59:09'),
(136, 104, 2, 63000.00, 1, '2018-05-10 17:01:15'),
(137, 105, 2, 67750.00, 1, '2018-05-10 17:22:23'),
(138, 106, 1, 1929.00, 1, '2018-05-11 08:45:55'),
(139, 107, 2, 3136844.25, 1, '2018-05-11 15:52:32'),
(140, 108, 2, 6216491.00, 1, '2018-05-11 15:53:48'),
(141, 109, 2, 6000000.00, 1, '2018-05-11 16:10:48'),
(142, 110, 2, 240000.00, 1, '2018-05-11 16:17:56'),
(143, 111, 2, 120000.00, 1, '2018-05-11 16:18:28'),
(144, 112, 2, 205843.16, 1, '2018-05-11 16:19:58'),
(145, 113, 2, 2493411.25, 1, '2018-05-11 16:44:19'),
(146, 114, 2, 117500.00, 0, '2018-05-15 15:57:12'),
(147, 114, 2, 136500.00, 0, '2018-05-15 16:03:20'),
(148, 114, 2, 236000.00, 1, '2018-05-15 16:12:33'),
(149, 115, 2, 315000.00, 0, '2018-05-15 16:24:00'),
(150, 115, 2, 391000.00, 1, '2018-05-15 16:32:22'),
(151, 116, 2, 423300.00, 1, '2018-05-15 16:56:40'),
(153, 118, 1, 2652.00, 1, '2018-05-18 08:44:09'),
(154, 119, 1, 1929.00, 1, '2018-05-18 08:45:39'),
(155, 120, 1, 39.47, 1, '2018-05-18 08:53:15'),
(156, 121, 2, 2000.00, 0, '2018-05-23 08:59:36'),
(157, 121, 2, 2006550.00, 1, '2018-05-23 09:01:54'),
(158, 122, 2, 4269900.00, 0, '2018-05-23 09:37:51'),
(159, 123, 2, 7800000.00, 1, '2018-05-24 14:15:57'),
(160, 124, 1, 2964.04, 1, '2018-05-24 15:20:06'),
(161, 122, 2, 4380100.00, 0, '2018-05-25 12:44:17'),
(162, 122, 2, 4596700.00, 0, '2018-05-25 16:00:11'),
(163, 122, 2, 4614500.00, 1, '2018-05-25 16:02:23'),
(164, 125, 1, 868.05, 1, '2018-05-29 09:00:39'),
(165, 126, 1, 2486.00, 1, '2018-05-29 09:02:19'),
(166, 127, 1, 274.09, 1, '2018-05-29 09:03:30'),
(167, 128, 1, 1929.10, 1, '2018-05-29 09:04:43'),
(168, 129, 1, 612.60, 1, '2018-05-29 09:05:38'),
(169, 130, 1, 3778.50, 1, '2018-05-29 09:06:52'),
(170, 131, 1, 241.83, 1, '2018-05-29 09:07:51'),
(171, 132, 1, 1038.00, 1, '2018-05-29 09:08:50'),
(172, 133, 1, 4469.10, 1, '2018-05-29 09:10:00'),
(173, 134, 1, 96.00, 1, '2018-05-29 09:11:11'),
(174, 135, 1, 4106.00, 1, '2018-05-29 14:44:24'),
(176, 137, 1, 964.05, 1, '2018-05-29 14:50:39'),
(177, 138, 1, 7261.91, 1, '2018-05-29 15:07:52'),
(178, 139, 1, 0.00, 1, '2018-06-05 10:56:13'),
(179, 140, 1, 1557.48, 1, '2018-06-05 10:58:18'),
(180, 141, 1, 287.11, 1, '2018-06-05 10:59:09'),
(181, 142, 2, 10100000.00, 1, '2018-06-07 15:10:21'),
(182, 143, 1, 5630.63, 1, '2018-06-08 10:04:24'),
(183, 144, 1, 6277.40, 1, '2018-06-08 10:05:21'),
(184, 95, 1, 179180.00, 0, '2018-06-08 10:08:57'),
(185, 95, 1, 197000.00, 1, '2018-06-08 10:10:23'),
(186, 145, 2, 416100.00, 0, '2018-06-11 08:13:21'),
(187, 145, 2, 1539600.00, 0, '2018-06-11 08:26:41'),
(188, 145, 2, 3385750.00, 0, '2018-06-11 08:42:30'),
(189, 145, 2, 6636750.00, 1, '2018-06-11 09:00:42'),
(190, 146, 1, 3858.00, 1, '2018-06-12 09:54:31'),
(191, 147, 1, 964.50, 1, '2018-06-12 09:57:52'),
(192, 148, 1, 1177.50, 1, '2018-06-12 09:58:51'),
(193, 149, 1, 1539.80, 1, '2018-06-12 09:59:57'),
(194, 150, 1, 1441.20, 1, '2018-06-12 10:00:53'),
(195, 151, 1, 293.71, 1, '2018-06-12 10:01:40'),
(196, 152, 1, 1190.00, 1, '2018-06-12 10:02:21'),
(197, 153, 1, 1992.50, 1, '2018-06-12 10:06:34'),
(198, 154, 1, 1217.50, 1, '2018-06-12 10:07:45'),
(199, 155, 1, 797.00, 1, '2018-06-12 10:08:29'),
(200, 156, 1, 918.90, 1, '2018-06-12 10:11:08'),
(201, 157, 1, 594.90, 1, '2018-06-12 10:11:49'),
(202, 158, 1, 612.60, 1, '2018-06-12 10:13:27'),
(203, 159, 1, 680.19, 1, '2018-06-12 10:14:26'),
(204, 160, 1, 2219.00, 1, '2018-06-12 10:15:14'),
(205, 161, 1, 61.22, 1, '2018-06-12 10:15:53'),
(206, 162, 1, 147.90, 1, '2018-06-12 10:16:45'),
(207, 163, 1, 3589.00, 1, '2018-06-12 10:28:06'),
(208, 164, 1, 75.98, 1, '2018-06-12 10:28:50'),
(209, 165, 1, 1128.00, 1, '2018-06-12 10:29:48'),
(210, 166, 1, 967.80, 1, '2018-06-12 10:30:35'),
(211, 167, 2, 24840830.00, 1, '2018-06-14 18:06:02'),
(212, 168, 1, 1546.41, 1, '2018-06-20 15:12:58'),
(213, 169, 1, 4119.63, 1, '2018-06-20 15:20:33'),
(214, 170, 1, 4822.50, 1, '2018-06-20 15:21:23'),
(215, 171, 1, 0.00, 1, '2018-06-26 08:58:26'),
(216, 172, 1, 1315.80, 1, '2018-06-26 09:03:40'),
(217, 173, 1, 106.30, 1, '2018-06-26 09:06:41'),
(218, 174, 1, 0.91, 1, '2018-06-26 09:07:16'),
(219, 175, 1, 4174.10, 1, '2018-06-26 09:08:26'),
(220, 176, 1, 1929.00, 1, '2018-06-26 09:09:29'),
(221, 177, 1, 278.48, 1, '2018-06-26 09:10:43'),
(222, 178, 1, 0.00, 1, '2018-07-20 08:05:24'),
(223, 179, 1, 0.00, 1, '2018-07-20 08:07:37'),
(224, 180, 1, 6024.00, 1, '2018-07-20 08:13:28'),
(225, 181, 1, 4030.03, 1, '2018-07-20 08:14:47'),
(226, 182, 1, 0.00, 1, '2018-07-20 08:16:50'),
(227, 183, 1, 2402.95, 1, '2018-07-20 08:17:32'),
(228, 184, 1, 1158.00, 1, '2018-07-20 08:19:20'),
(229, 185, 1, 4750.00, 1, '2018-07-20 08:20:16'),
(230, 186, 1, 4950.40, 1, '2018-07-20 08:23:09'),
(231, 187, 1, 807.75, 1, '2018-07-20 08:25:35'),
(232, 188, 1, 10077.00, 1, '2018-07-20 08:28:21'),
(233, 189, 1, 13752.00, 1, '2018-07-20 08:29:33'),
(234, 190, 1, 5969.00, 1, '2018-07-20 08:30:42'),
(235, 191, 1, 3492.00, 1, '2018-07-20 08:31:25'),
(236, 192, 1, 0.00, 0, '2018-08-08 15:32:01'),
(237, 193, 1, 564.06, 1, '2018-08-08 15:37:14'),
(238, 194, 1, 18.65, 1, '2018-08-08 15:38:14'),
(239, 195, 1, 2749.44, 1, '2018-08-08 15:39:42'),
(240, 196, 1, 1769.52, 1, '2018-08-08 15:40:40'),
(241, 197, 1, 691.48, 1, '2018-08-08 15:41:27'),
(242, 198, 1, 2959.09, 1, '2018-08-08 15:42:12'),
(243, 199, 1, 851.25, 1, '2018-08-08 15:43:07'),
(244, 200, 1, 97.07, 1, '2018-08-08 15:43:50'),
(245, 201, 1, 186.45, 1, '2018-08-08 15:44:35'),
(246, 202, 1, 1600.90, 1, '2018-08-08 15:46:25'),
(247, 203, 1, 1037.36, 1, '2018-08-08 15:47:11'),
(248, 204, 1, 137.13, 1, '2018-08-08 15:48:04'),
(249, 205, 1, 5135.90, 1, '2018-08-08 15:49:02'),
(250, 206, 1, 0.00, 1, '2018-08-08 15:57:44'),
(251, 207, 1, 1700.60, 1, '2018-08-08 15:58:49'),
(252, 208, 1, 6140.10, 1, '2018-08-08 16:00:07'),
(253, 209, 1, 1239.00, 1, '2018-08-08 16:01:59'),
(254, 210, 1, 625.53, 1, '2018-08-31 16:21:30'),
(255, 211, 1, 461.35, 1, '2018-08-31 16:28:18'),
(256, 212, 1, 133.11, 1, '2018-08-31 16:33:49'),
(257, 213, 1, 1493.51, 1, '2018-08-31 16:35:04'),
(258, 214, 1, 2116.96, 1, '2018-08-31 16:36:30'),
(260, 216, 1, 5355.69, 1, '2018-08-31 16:49:04'),
(261, 217, 1, 2546.82, 1, '2018-08-31 16:51:13'),
(262, 218, 1, 2211.30, 1, '2018-08-31 16:51:53'),
(263, 219, 1, 2350.63, 1, '2018-08-31 16:52:37'),
(264, 220, 1, 55.94, 1, '2018-08-31 16:55:10'),
(265, 221, 1, 1514.00, 1, '2018-08-31 16:58:46'),
(266, 222, 1, 4500.00, 1, '2018-09-10 19:45:26'),
(267, 223, 2, 2959700.00, 1, '2018-09-11 18:29:31'),
(268, 224, 2, 3184000.00, 1, '2018-09-11 18:36:39'),
(269, 225, 2, 852000.00, 1, '2018-09-13 09:44:53'),
(270, 226, 2, 1130100.00, 0, '2018-09-13 09:55:09'),
(271, 226, 2, 2051662.50, 1, '2018-09-13 09:58:37'),
(272, 227, 2, 175800.00, 1, '2018-09-13 10:01:06'),
(273, 228, 2, 1205650.00, 0, '2018-09-13 10:04:48'),
(274, 228, 2, 2979625.00, 0, '2018-09-13 10:23:43'),
(275, 229, 2, 157700.00, 1, '2018-09-13 12:11:37'),
(276, 230, 2, 127300.00, 1, '2018-09-13 12:13:12'),
(277, 228, 2, 3117425.00, 1, '2018-09-13 12:14:56'),
(278, 231, 1, 9388.90, 1, '2018-09-14 14:57:07'),
(279, 232, 1, 820.85, 1, '2018-09-14 14:58:57'),
(280, 233, 1, 334.80, 1, '2018-09-14 14:59:37'),
(281, 234, 1, 6404.56, 1, '2018-10-18 08:25:05'),
(282, 235, 1, 9456.87, 1, '2018-10-18 08:26:19'),
(283, 236, 1, 5140.30, 1, '2018-10-18 08:28:02'),
(284, 237, 1, 1351.45, 1, '2018-10-18 08:29:44'),
(285, 238, 1, 4267.98, 1, '2018-10-18 08:35:37'),
(286, 239, 1, 121.70, 1, '2018-10-18 08:37:48'),
(287, 240, 1, 126.79, 1, '2018-10-18 08:38:39'),
(288, 241, 1, 646.39, 1, '2018-10-18 08:40:40'),
(289, 242, 1, 5669.94, 1, '2018-10-18 08:41:53'),
(290, 243, 1, 815.27, 1, '2018-10-18 08:44:13'),
(291, 244, 1, 241.99, 1, '2018-10-18 08:44:59'),
(292, 245, 1, 143.93, 1, '2018-10-18 08:45:45'),
(293, 246, 1, 1631.29, 1, '2018-10-18 08:47:21'),
(294, 247, 1, 311.09, 1, '2018-10-18 08:49:46'),
(295, 248, 1, 895.21, 1, '2018-10-18 08:50:58'),
(296, 249, 1, 277.70, 1, '2018-10-18 08:56:03'),
(297, 250, 1, 5722.43, 1, '2018-10-18 08:57:24'),
(298, 251, 1, 90.87, 1, '2018-10-18 09:02:16'),
(300, 253, 1, 5130.98, 1, '2018-10-18 09:04:54'),
(301, 254, 1, 1347.41, 1, '2018-10-18 09:07:14'),
(302, 255, 1, 10219.32, 1, '2018-10-18 09:09:21'),
(303, 256, 1, 620.95, 1, '2018-10-18 09:11:16'),
(304, 257, 1, 958.43, 1, '2018-10-18 09:12:33'),
(305, 258, 1, 74.64, 1, '2018-10-18 09:13:30'),
(306, 259, 1, 55.94, 1, '2018-10-18 09:14:31'),
(307, 260, 1, 18.65, 1, '2018-10-18 09:25:15'),
(308, 261, 1, 1925.37, 1, '2018-10-18 09:31:09'),
(309, 262, 1, 7026.32, 1, '2018-10-18 09:34:21'),
(310, 263, 1, 1975.69, 1, '2018-10-18 09:37:18'),
(311, 264, 1, 631.30, 1, '2018-10-18 09:47:16'),
(312, 265, 1, 1281.97, 1, '2018-10-18 10:11:29'),
(313, 266, 1, 4887.73, 1, '2018-10-18 10:14:18'),
(314, 267, 1, 1523.37, 1, '2018-10-18 10:15:06'),
(315, 268, 1, 490.22, 1, '2018-10-18 10:17:01'),
(316, 269, 1, 1517.42, 1, '2018-10-18 10:20:12'),
(317, 270, 1, 312.48, 1, '2018-10-18 10:21:18'),
(318, 271, 1, 1381.58, 1, '2018-10-18 10:22:35'),
(319, 272, 1, 204.15, 1, '2018-10-18 10:24:23'),
(320, 273, 1, 80.17, 1, '2018-10-18 10:25:23'),
(321, 274, 1, 46.62, 1, '2018-10-18 10:27:32'),
(322, 275, 1, 611.36, 1, '2018-10-18 10:28:33'),
(323, 276, 1, 423.61, 1, '2018-10-18 10:30:07'),
(324, 277, 1, 423.61, 1, '2018-10-18 10:31:42'),
(325, 278, 1, 9764.92, 1, '2018-10-18 10:34:15'),
(326, 279, 1, 590.11, 1, '2018-10-18 10:37:07'),
(327, 280, 1, 1537.29, 1, '2018-10-18 10:38:08'),
(328, 281, 1, 71.79, 1, '2018-10-18 10:39:28'),
(329, 282, 1, 1888.34, 1, '2018-10-18 10:41:02'),
(330, 283, 1, 2912.51, 1, '2018-10-18 10:43:51'),
(331, 284, 1, 1600.11, 1, '2018-10-18 10:49:36'),
(332, 285, 1, 52.30, 1, '2018-10-18 10:50:43'),
(333, 286, 1, 7407.18, 1, '2018-10-18 10:52:33'),
(334, 287, 1, 417.65, 1, '2018-10-18 10:53:37'),
(335, 288, 1, 1281.97, 1, '2018-10-18 10:54:50'),
(336, 289, 1, 1523.37, 1, '2018-10-18 10:58:44'),
(337, 290, 1, 80.17, 1, '2018-10-18 10:59:57'),
(338, 291, 1, 204.15, 1, '2018-10-18 11:00:55'),
(339, 292, 1, 215.77, 1, '2018-10-18 11:02:50'),
(340, 293, 1, 10069.31, 1, '2018-10-18 11:08:22'),
(341, 294, 1, 12745.71, 1, '2018-10-18 11:33:57'),
(342, 295, 1, 742.57, 1, '2018-10-18 11:34:45'),
(343, 296, 1, 7306.41, 1, '2018-10-18 12:18:09'),
(344, 297, 1, 100.25, 1, '2018-10-18 12:19:12'),
(345, 298, 1, 100.25, 1, '2018-10-18 12:21:08'),
(346, 299, 1, 712.58, 1, '2018-10-18 12:22:16'),
(349, 302, 1, 513.98, 1, '2018-10-18 12:26:16'),
(350, 303, 1, 5889.76, 1, '2018-10-18 12:27:50'),
(351, 304, 1, 1325.52, 1, '2018-10-18 12:28:53'),
(352, 305, 1, 2432.19, 1, '2018-10-18 12:30:02'),
(353, 306, 1, 94.30, 1, '2018-10-18 12:31:04'),
(354, 307, 1, 207.90, 1, '2018-10-18 12:31:49'),
(355, 308, 1, 2536.84, 1, '2018-10-18 12:32:46'),
(356, 309, 1, 3069.01, 1, '2018-10-18 12:33:32'),
(357, 310, 1, 9737.43, 1, '2018-10-18 12:34:52'),
(358, 311, 1, 5040.70, 1, '2018-10-18 12:35:48'),
(359, 312, 1, 3955.22, 1, '2018-10-18 12:37:21'),
(360, 313, 1, 3955.22, 1, '2018-10-18 12:37:38'),
(361, 314, 1, 301.47, 1, '2018-10-18 12:40:54'),
(362, 315, 1, 1121.30, 1, '2018-10-18 12:45:28'),
(363, 316, 1, 2546.82, 1, '2018-10-18 12:46:29'),
(364, 317, 1, 5355.69, 1, '2018-10-18 12:47:17'),
(365, 318, 1, 2211.30, 1, '2018-10-18 12:48:22'),
(366, 319, 1, 3146.81, 1, '2018-10-18 12:52:00'),
(367, 320, 1, 5353.25, 1, '2018-10-18 12:53:43'),
(368, 321, 1, 8489.36, 1, '2018-10-18 12:59:43'),
(369, 322, 1, 5851.57, 1, '2018-10-18 13:02:04'),
(370, 192, 1, 12000.00, 1, '2018-10-20 09:18:34'),
(371, 323, 2, 25460702.00, 0, '2018-10-20 09:24:16'),
(372, 323, 2, 25496608.00, 1, '2018-10-20 09:44:40'),
(373, 324, 2, 1568907.75, 1, '2018-10-20 09:45:36');

-- --------------------------------------------------------

--
-- Estructura de tabla para la tabla `proyecto_gasto_tipo`
--

CREATE TABLE `proyecto_gasto_tipo` (
  `proyecto_gasto_tipo_id` int(11) NOT NULL,
  `proyecto_gasto_tipo` varchar(30) COLLATE utf8_spanish_ci NOT NULL
) ENGINE=InnoDB DEFAULT CHARSET=utf8 COLLATE=utf8_spanish_ci;

--
-- Volcado de datos para la tabla `proyecto_gasto_tipo`
--

INSERT INTO `proyecto_gasto_tipo` (`proyecto_gasto_tipo_id`, `proyecto_gasto_tipo`) VALUES
(1, 'Gasto en Materiales'),
(2, 'Gasto en Mano de Obra'),
(3, 'Gasto de Operación'),
(4, 'Gasto Administrativo');

-- --------------------------------------------------------

--
-- Estructura de tabla para la tabla `proyecto_material`
--

CREATE TABLE `proyecto_material` (
  `proyecto_material_id` int(11) NOT NULL,
  `proyecto_id` int(11) NOT NULL,
  `material_id` int(11) NOT NULL,
  `usuario_id` int(11) NOT NULL,
  `material_unidad_id` int(11) NOT NULL,
  `proyecto_material_estado_id` int(11) NOT NULL,
  `proyecto_material_tipo` int(11) NOT NULL,
  `cantidad` float(20,2) NOT NULL,
  `comentario` varchar(255) COLLATE utf8_spanish_ci NOT NULL,
  `estado_registro` int(1) NOT NULL COMMENT '1 = activo, 0 = inactivo',
  `fecha_registro` datetime NOT NULL
) ENGINE=InnoDB DEFAULT CHARSET=utf8 COLLATE=utf8_spanish_ci;

-- --------------------------------------------------------

--
-- Estructura de tabla para la tabla `proyecto_material_detalle`
--

CREATE TABLE `proyecto_material_detalle` (
  `proyecto_material_detalle_id` int(11) NOT NULL,
  `proyecto_material_id` int(11) NOT NULL,
  `usuario_id` int(11) NOT NULL,
  `proveedor_id` int(11) NOT NULL,
  `moneda_id` int(11) NOT NULL,
  `precio` float(20,2) NOT NULL,
  `tiene_impuesto` int(1) NOT NULL COMMENT '1 = Si, 0 = No',
  `impuesto` float(10,2) NOT NULL,
  `fecha_registro` datetime NOT NULL,
  `estado_registro` int(1) NOT NULL COMMENT '1 = Si, 0 = No'
) ENGINE=InnoDB DEFAULT CHARSET=utf8 COLLATE=utf8_spanish_ci;

-- --------------------------------------------------------

--
-- Estructura de tabla para la tabla `proyecto_material_estado`
--

CREATE TABLE `proyecto_material_estado` (
  `proyecto_material_estado_id` int(11) NOT NULL,
  `proyecto_material_estado` varchar(100) COLLATE utf8_spanish_ci NOT NULL
) ENGINE=InnoDB DEFAULT CHARSET=utf8 COLLATE=utf8_spanish_ci;

--
-- Volcado de datos para la tabla `proyecto_material_estado`
--

INSERT INTO `proyecto_material_estado` (`proyecto_material_estado_id`, `proyecto_material_estado`) VALUES
(1, 'Sin cotizar'),
(2, 'Cotizado'),
(3, 'Parcialmente Consumido'),
(4, 'Consumido');

-- --------------------------------------------------------

--
-- Estructura de tabla para la tabla `proyecto_material_solicitud_compra`
--

CREATE TABLE `proyecto_material_solicitud_compra` (
  `proyecto_material_solicitud_compra_id` int(11) NOT NULL,
  `proyecto_id` int(11) NOT NULL,
  `usuario_id` int(11) NOT NULL,
  `proyecto_material_solicitud_compra_estado_id` int(11) NOT NULL,
  `fecha_registro` datetime NOT NULL
) ENGINE=InnoDB DEFAULT CHARSET=utf8 COLLATE=utf8_spanish_ci;

-- --------------------------------------------------------

--
-- Estructura de tabla para la tabla `proyecto_material_solicitud_compra_detalle`
--

CREATE TABLE `proyecto_material_solicitud_compra_detalle` (
  `proyecto_material_solicitud_compra_detalle_id` int(11) NOT NULL,
  `proyecto_material_solicitud_compra_id` int(11) NOT NULL,
  `proyecto_material_id` int(11) NOT NULL,
  `cantidad` float(20,2) NOT NULL,
  `estado_registro` int(1) NOT NULL
) ENGINE=InnoDB DEFAULT CHARSET=utf8 COLLATE=utf8_spanish_ci;

-- --------------------------------------------------------

--
-- Estructura de tabla para la tabla `proyecto_material_solicitud_compra_estado`
--

CREATE TABLE `proyecto_material_solicitud_compra_estado` (
  `proyecto_material_solicitud_compra_estado_id` int(11) NOT NULL,
  `proyecto_material_solicitud_compra_estado` varchar(150) COLLATE utf8_spanish_ci NOT NULL
) ENGINE=InnoDB DEFAULT CHARSET=utf8 COLLATE=utf8_spanish_ci;

--
-- Volcado de datos para la tabla `proyecto_material_solicitud_compra_estado`
--

INSERT INTO `proyecto_material_solicitud_compra_estado` (`proyecto_material_solicitud_compra_estado_id`, `proyecto_material_solicitud_compra_estado`) VALUES
(1, 'Nueva solicitud'),
(2, 'Aprobada por administrador'),
(3, 'Proforma enviada'),
(4, 'Orden de compra enviada');

-- --------------------------------------------------------

--
-- Estructura de tabla para la tabla `proyecto_material_solicitud_compra_orden_compra`
--

CREATE TABLE `proyecto_material_solicitud_compra_orden_compra` (
  `proyecto_material_solicitud_compra_orden_compra_id` int(11) NOT NULL,
  `proyecto_material_solicitud_compra_id` int(11) NOT NULL,
  `proyecto_material_solicitud_compra_orden_compra_estado_id` int(11) NOT NULL,
  `usuario_id` int(11) NOT NULL,
  `proveedor_id` int(11) NOT NULL,
  `fecha_registro` datetime NOT NULL,
  `filename` varchar(255) COLLATE utf8_spanish_ci NOT NULL,
  `url_archivo` varchar(255) COLLATE utf8_spanish_ci NOT NULL
) ENGINE=InnoDB DEFAULT CHARSET=utf8 COLLATE=utf8_spanish_ci;

-- --------------------------------------------------------

--
-- Estructura de tabla para la tabla `proyecto_material_solicitud_compra_orden_compra_estado`
--

CREATE TABLE `proyecto_material_solicitud_compra_orden_compra_estado` (
  `proyecto_material_solicitud_compra_orden_compra_estado_id` int(11) NOT NULL,
  `proyecto_material_solicitud_compra_orden_compra_estado` varchar(150) COLLATE utf8_spanish_ci NOT NULL
) ENGINE=InnoDB DEFAULT CHARSET=utf8 COLLATE=utf8_spanish_ci;

--
-- Volcado de datos para la tabla `proyecto_material_solicitud_compra_orden_compra_estado`
--

INSERT INTO `proyecto_material_solicitud_compra_orden_compra_estado` (`proyecto_material_solicitud_compra_orden_compra_estado_id`, `proyecto_material_solicitud_compra_orden_compra_estado`) VALUES
(1, 'Nueva orden'),
(2, 'Orden enviada'),
(3, 'Orden aceptada'),
(4, 'Orden rechazada');

-- --------------------------------------------------------

--
-- Estructura de tabla para la tabla `proyecto_material_solicitud_compra_proforma`
--

CREATE TABLE `proyecto_material_solicitud_compra_proforma` (
  `proyecto_material_solicitud_compra_proforma_id` int(11) NOT NULL,
  `proyecto_material_solicitud_compra_id` int(11) NOT NULL,
  `proyecto_material_solicitud_compra_proforma_estado_id` int(11) NOT NULL,
  `usuario_id` int(11) NOT NULL,
  `proveedor_id` int(11) NOT NULL,
  `fecha_registro` datetime NOT NULL,
  `filename` varchar(255) COLLATE utf8_spanish_ci NOT NULL,
  `url_archivo` varchar(255) COLLATE utf8_spanish_ci NOT NULL
) ENGINE=InnoDB DEFAULT CHARSET=utf8 COLLATE=utf8_spanish_ci;

-- --------------------------------------------------------

--
-- Estructura de tabla para la tabla `proyecto_material_solicitud_compra_proforma_estado`
--

CREATE TABLE `proyecto_material_solicitud_compra_proforma_estado` (
  `proyecto_material_solicitud_compra_proforma_estado_id` int(11) NOT NULL,
  `proyecto_material_solicitud_compra_proforma_estado` varchar(150) COLLATE utf8_spanish_ci NOT NULL
) ENGINE=InnoDB DEFAULT CHARSET=utf8 COLLATE=utf8_spanish_ci;

--
-- Volcado de datos para la tabla `proyecto_material_solicitud_compra_proforma_estado`
--

INSERT INTO `proyecto_material_solicitud_compra_proforma_estado` (`proyecto_material_solicitud_compra_proforma_estado_id`, `proyecto_material_solicitud_compra_proforma_estado`) VALUES
(1, 'Nueva proforma'),
(2, 'Proforma enviada'),
(3, 'Proforma aceptada'),
(4, 'Proforma rechazada');

-- --------------------------------------------------------

--
-- Estructura de tabla para la tabla `proyecto_material_solicitud_cotizacion`
--

CREATE TABLE `proyecto_material_solicitud_cotizacion` (
  `proyecto_material_solicitud_cotizacion_id` int(11) NOT NULL,
  `proyecto_id` int(11) NOT NULL,
  `fecha_registro` datetime NOT NULL,
  `filename` varchar(255) COLLATE utf8_spanish_ci NOT NULL,
  `url_archivo` varchar(255) COLLATE utf8_spanish_ci NOT NULL
) ENGINE=InnoDB DEFAULT CHARSET=utf8 COLLATE=utf8_spanish_ci;

-- --------------------------------------------------------

--
-- Estructura de tabla para la tabla `proyecto_tipo_cambio`
--

CREATE TABLE `proyecto_tipo_cambio` (
  `proyecto_tipo_cambio_id` int(11) NOT NULL,
  `proyecto_id` int(11) NOT NULL,
  `moneda_base_id` int(11) NOT NULL,
  `moneda_destino_id` int(11) NOT NULL,
  `valor_compra` float(10,2) NOT NULL,
  `valor_venta` float(10,2) NOT NULL,
  `fecha_registro` datetime NOT NULL
) ENGINE=InnoDB DEFAULT CHARSET=utf8 COLLATE=utf8_spanish_ci;

--
-- Volcado de datos para la tabla `proyecto_tipo_cambio`
--

INSERT INTO `proyecto_tipo_cambio` (`proyecto_tipo_cambio_id`, `proyecto_id`, `moneda_base_id`, `moneda_destino_id`, `valor_compra`, `valor_venta`, `fecha_registro`) VALUES
(3, 7, 1, 2, 569.00, 575.00, '2017-12-17 01:46:09'),
(17, 17, 1, 2, 567.00, 577.00, '2018-04-13 14:24:28'),
(18, 18, 1, 2, 567.00, 570.00, '2018-04-13 15:12:55'),
(19, 19, 1, 2, 567.00, 577.00, '2018-04-13 15:19:39'),
(20, 20, 1, 2, 562.00, 567.00, '2018-04-16 19:45:10'),
(21, 21, 1, 2, 563.00, 567.00, '2018-04-24 15:13:35'),
(22, 22, 1, 2, 561.00, 570.00, '2018-04-27 15:16:24'),
(23, 23, 1, 2, 555.00, 568.00, '2018-05-10 11:41:44'),
(24, 24, 1, 2, 560.00, 570.00, '2018-06-05 10:56:13'),
(25, 25, 1, 2, 563.76, 570.65, '2018-06-26 08:58:26'),
(26, 26, 1, 2, 0.00, 569.94, '2018-07-20 08:05:24'),
(27, 27, 1, 2, 564.07, 569.94, '2018-07-20 08:07:37'),
(28, 28, 1, 2, 564.07, 569.94, '2018-07-20 08:16:50'),
(29, 29, 1, 2, 563.00, 570.00, '2018-08-08 15:32:01'),
(30, 30, 1, 2, 5.63, 5.70, '2018-08-08 15:57:44'),
(31, 31, 1, 2, 568.00, 575.00, '2018-09-10 19:45:26');

-- --------------------------------------------------------

--
-- Estructura de tabla para la tabla `proyecto_valor_oferta`
--

CREATE TABLE `proyecto_valor_oferta` (
  `proyecto_valor_oferta_id` int(11) NOT NULL,
  `proyecto_valor_oferta_tipo_id` int(11) NOT NULL,
  `proyecto_id` int(11) NOT NULL,
  `moneda_id` int(11) NOT NULL,
  `valor_oferta` float(20,2) NOT NULL,
  `fecha_registro` datetime NOT NULL,
  `estado_registro` int(1) NOT NULL COMMENT '0 = inactivo, 1 = activo'
) ENGINE=InnoDB DEFAULT CHARSET=utf8 COLLATE=utf8_spanish_ci;

--
-- Volcado de datos para la tabla `proyecto_valor_oferta`
--

INSERT INTO `proyecto_valor_oferta` (`proyecto_valor_oferta_id`, `proyecto_valor_oferta_tipo_id`, `proyecto_id`, `moneda_id`, `valor_oferta`, `fecha_registro`, `estado_registro`) VALUES
(31, 5, 7, 1, 20000.00, '2017-12-17 01:46:09', 1),
(32, 1, 7, 1, 15000.00, '2017-12-17 01:46:09', 1),
(33, 2, 7, 1, 3655.00, '2017-12-17 01:46:09', 1),
(34, 3, 7, 1, 1215.50, '2017-12-17 01:46:09', 1),
(35, 4, 7, 1, 3698.85, '2017-12-17 01:46:09', 1),
(106, 1, 17, 1, 200000.00, '2018-04-13 14:24:28', 1),
(107, 2, 17, 1, 230000.00, '2018-04-13 14:24:28', 1),
(108, 3, 17, 1, 20000.00, '2018-04-13 14:24:28', 1),
(109, 4, 17, 1, 3000.00, '2018-04-13 14:24:28', 1),
(110, 5, 17, 1, 47000.00, '2018-04-13 14:24:28', 1),
(111, 1, 18, 1, 175000.00, '2018-04-13 15:12:55', 1),
(112, 2, 18, 1, 100000.00, '2018-04-13 15:12:55', 1),
(113, 3, 18, 1, 20000.00, '2018-04-13 15:12:55', 1),
(114, 4, 18, 1, 3500.00, '2018-04-13 15:12:55', 1),
(115, 5, 18, 1, 30000.00, '2018-04-13 15:12:55', 1),
(116, 1, 19, 1, 0.00, '2018-04-13 15:19:39', 1),
(117, 2, 19, 1, 0.00, '2018-04-13 15:19:39', 1),
(118, 3, 19, 1, 0.00, '2018-04-13 15:19:39', 1),
(119, 4, 19, 1, 0.00, '2018-04-13 15:19:39', 1),
(120, 5, 19, 1, 0.00, '2018-04-13 15:19:39', 1),
(121, 1, 20, 1, 250000.00, '2018-04-16 19:45:10', 1),
(122, 2, 20, 1, 100000.00, '2018-04-16 19:45:10', 1),
(123, 3, 20, 1, 1500.00, '2018-04-16 19:45:10', 1),
(124, 4, 20, 1, 4000.00, '2018-04-16 19:45:10', 1),
(125, 5, 20, 1, 40000.00, '2018-04-16 19:45:10', 1),
(126, 1, 21, 1, 226000.00, '2018-04-24 15:13:35', 1),
(127, 2, 21, 1, 215000.00, '2018-04-24 15:13:35', 1),
(128, 3, 21, 1, 6000.00, '2018-04-24 15:13:35', 1),
(129, 4, 21, 1, 3000.00, '2018-04-24 15:13:35', 1),
(130, 5, 21, 1, 50000.00, '2018-04-24 15:13:35', 1),
(131, 1, 22, 1, 0.00, '2018-04-27 15:16:24', 1),
(132, 2, 22, 1, 145500.00, '2018-04-27 15:16:24', 1),
(133, 3, 22, 1, 80000.00, '2018-04-27 15:16:24', 1),
(134, 4, 22, 1, 37000.00, '2018-04-27 15:16:24', 1),
(135, 5, 22, 1, 0.00, '2018-04-27 15:16:24', 1),
(136, 1, 23, 1, 167000.00, '2018-05-10 11:41:44', 1),
(137, 2, 23, 1, 0.00, '2018-05-10 11:41:44', 1),
(138, 3, 23, 1, 0.00, '2018-05-10 11:41:44', 1),
(139, 4, 23, 1, 0.00, '2018-05-10 11:41:44', 1),
(140, 5, 23, 1, 0.00, '2018-05-10 11:41:44', 1),
(141, 6, 22, 1, 17300.87, '2018-05-11 16:59:45', 1),
(142, 1, 24, 1, 0.00, '2018-06-05 10:56:13', 1),
(143, 2, 24, 1, 0.00, '2018-06-05 10:56:13', 1),
(144, 3, 24, 1, 0.00, '2018-06-05 10:56:13', 1),
(145, 4, 24, 1, 0.00, '2018-06-05 10:56:13', 1),
(146, 5, 24, 1, 0.00, '2018-06-05 10:56:13', 1),
(147, 1, 25, 1, 0.00, '2018-06-26 08:58:26', 1),
(148, 2, 25, 1, 0.00, '2018-06-26 08:58:26', 1),
(149, 3, 25, 1, 0.00, '2018-06-26 08:58:26', 1),
(150, 4, 25, 1, 0.00, '2018-06-26 08:58:26', 1),
(151, 5, 25, 1, 0.00, '2018-06-26 08:58:26', 1),
(152, 1, 26, 1, 160000.00, '2018-07-20 08:05:24', 1),
(153, 2, 26, 1, 0.00, '2018-07-20 08:05:24', 1),
(154, 3, 26, 1, 0.00, '2018-07-20 08:05:24', 1),
(155, 4, 26, 1, 0.00, '2018-07-20 08:05:24', 1),
(156, 5, 26, 1, 0.00, '2018-07-20 08:05:24', 1),
(157, 1, 27, 1, 0.00, '2018-07-20 08:07:37', 1),
(158, 2, 27, 1, 0.00, '2018-07-20 08:07:37', 1),
(159, 3, 27, 1, 0.00, '2018-07-20 08:07:37', 1),
(160, 4, 27, 1, 0.00, '2018-07-20 08:07:37', 1),
(161, 5, 27, 1, 0.00, '2018-07-20 08:07:37', 1),
(162, 1, 28, 1, 0.00, '2018-07-20 08:16:50', 1),
(163, 2, 28, 1, 0.00, '2018-07-20 08:16:50', 1),
(164, 3, 28, 1, 0.00, '2018-07-20 08:16:50', 1),
(165, 4, 28, 1, 0.00, '2018-07-20 08:16:50', 1),
(166, 5, 28, 1, 0.00, '2018-07-20 08:16:50', 1),
(167, 1, 29, 1, 230000.00, '2018-08-08 15:32:01', 1),
(168, 2, 29, 1, 170000.00, '2018-08-08 15:32:01', 1),
(169, 3, 29, 1, 10000.00, '2018-08-08 15:32:01', 1),
(170, 4, 29, 1, 12000.00, '2018-08-08 15:32:01', 1),
(171, 5, 29, 1, 50000.00, '2018-08-08 15:32:01', 1),
(172, 1, 30, 1, 0.00, '2018-08-08 15:57:44', 1),
(173, 2, 30, 1, 0.00, '2018-08-08 15:57:44', 1),
(174, 3, 30, 1, 0.00, '2018-08-08 15:57:44', 1),
(175, 4, 30, 1, 0.00, '2018-08-08 15:57:44', 1),
(176, 5, 30, 1, 0.00, '2018-08-08 15:57:44', 1),
(177, 1, 31, 1, 240000.00, '2018-09-10 19:45:26', 1),
(178, 2, 31, 1, 300000.00, '2018-09-10 19:45:26', 1),
(179, 3, 31, 1, 25000.00, '2018-09-10 19:45:26', 1),
(180, 4, 31, 1, 4500.00, '2018-09-10 19:45:26', 1),
(181, 5, 31, 1, 60500.00, '2018-09-10 19:45:26', 1);

-- --------------------------------------------------------

--
-- Estructura de tabla para la tabla `proyecto_valor_oferta_extension_detalle`
--

CREATE TABLE `proyecto_valor_oferta_extension_detalle` (
  `proyecto_valor_oferta_extension_detalle_id` int(11) NOT NULL,
  `proyecto_valor_oferta_id` int(11) NOT NULL,
  `proyecto_valor_oferta_extension_tipo_id` int(11) NOT NULL,
  `proyecto_valor_oferta_extension_descripcion` text COLLATE utf8_spanish_ci NOT NULL
) ENGINE=InnoDB DEFAULT CHARSET=utf8 COLLATE=utf8_spanish_ci;

--
-- Volcado de datos para la tabla `proyecto_valor_oferta_extension_detalle`
--

INSERT INTO `proyecto_valor_oferta_extension_detalle` (`proyecto_valor_oferta_extension_detalle_id`, `proyecto_valor_oferta_id`, `proyecto_valor_oferta_extension_tipo_id`, `proyecto_valor_oferta_extension_descripcion`) VALUES
(1, 141, 1, 'paredes extra');

-- --------------------------------------------------------

--
-- Estructura de tabla para la tabla `proyecto_valor_oferta_extension_tipo`
--

CREATE TABLE `proyecto_valor_oferta_extension_tipo` (
  `proyecto_valor_oferta_extension_tipo_id` int(11) NOT NULL,
  `proyecto_valor_oferta_extension_tipo` varchar(50) COLLATE utf8_spanish_ci NOT NULL,
  `fecha_registro` datetime NOT NULL,
  `estado_registro` int(11) NOT NULL COMMENT '0 = Inactivo, 1 = activo'
) ENGINE=InnoDB DEFAULT CHARSET=utf8 COLLATE=utf8_spanish_ci;

--
-- Volcado de datos para la tabla `proyecto_valor_oferta_extension_tipo`
--

INSERT INTO `proyecto_valor_oferta_extension_tipo` (`proyecto_valor_oferta_extension_tipo_id`, `proyecto_valor_oferta_extension_tipo`, `fecha_registro`, `estado_registro`) VALUES
(1, 'Paredes', '0000-00-00 00:00:00', 1),
(2, 'Cielo', '0000-00-00 00:00:00', 1),
(3, 'Pisos', '0000-00-00 00:00:00', 1);

-- --------------------------------------------------------

--
-- Estructura de tabla para la tabla `proyecto_valor_oferta_tipo`
--

CREATE TABLE `proyecto_valor_oferta_tipo` (
  `proyecto_valor_oferta_tipo_id` int(11) NOT NULL,
  `proyecto_valor_oferta_tipo` varchar(50) COLLATE utf8_spanish_ci NOT NULL
) ENGINE=InnoDB DEFAULT CHARSET=utf8 COLLATE=utf8_spanish_ci;

--
-- Volcado de datos para la tabla `proyecto_valor_oferta_tipo`
--

INSERT INTO `proyecto_valor_oferta_tipo` (`proyecto_valor_oferta_tipo_id`, `proyecto_valor_oferta_tipo`) VALUES
(1, 'Valor de Materiales'),
(2, 'Valor de Mano de Obra'),
(3, 'Valor de Gastos de Operación'),
(4, 'Valor de Gastos Administrativos'),
(5, 'Valor de Utilidad'),
(6, 'Valor de Ordenes de cambio');

-- --------------------------------------------------------

--
-- Estructura de tabla para la tabla `usuario`
--

CREATE TABLE `usuario` (
  `usuario_id` int(11) NOT NULL,
  `fecha_registro` datetime NOT NULL,
  `rol_id` int(11) NOT NULL,
  `estado_id` int(11) NOT NULL,
  `usuario` text COLLATE utf8_spanish_ci NOT NULL,
  `password` char(255) COLLATE utf8_spanish_ci NOT NULL,
  `estado_row` int(11) NOT NULL COMMENT '0 para inactivo, 1 para activo'
) ENGINE=InnoDB DEFAULT CHARSET=utf8 COLLATE=utf8_spanish_ci;

--
-- Volcado de datos para la tabla `usuario`
--

INSERT INTO `usuario` (`usuario_id`, `fecha_registro`, `rol_id`, `estado_id`, `usuario`, `password`, `estado_row`) VALUES
(1, '2017-12-01 06:19:38', 1, 1, 'instatec_admin', '$2y$10$VCUcwt0x25xkvcIpnz5wU.41qnEFaoPrbUgXKB.kKSR0lM0JNUDC2', 1),
(2, '2017-12-01 06:21:48', 1, 1, 'keylormg', '$2y$10$H/zVeP80TCO1oY1Qo6ZzbOMUUphGPyCdVDD43IZFaQ24dISqo5s9y', 1),
(3, '2018-01-24 07:19:12', 2, 1, 'khmg13', '$2y$10$wyh.bCmPXplwqMik2kRJp..YHSgbRs5.JryDRZzSTqeMxS1l7lrbW', 0),
(5, '2018-01-24 07:42:53', 2, 1, 'fchaves', '$2y$10$zhjNTy3UEDBhkQnN.nzpAOu8Upd909Ou28P.pU9wwYqjG70l2E.6G', 0),
(6, '2018-01-26 06:49:25', 3, 1, 'asistente1', '$2y$10$Pypj8f/kQyV0PlBA7.7b4e5USykgBsVrsa1R2dgcD2UXQt33jC0ma', 0),
(7, '2018-01-24 07:50:50', 3, 0, 'asistente2', '$2y$10$8KoLzaRD.nT7shMXvbF4TeeEWKtfSJOHqbktnMfhq.b./KJYW3EEi', 0),
(8, '2018-01-24 07:53:20', 2, 1, 'asistente3', '$2y$10$IRq7ELlAKw355nnliCX5p.cmFo7.r16eCPPpvgytb5GdT/f/GYZEi', 0),
(10, '2018-02-06 06:46:00', 3, 1, 'yersonmgm', '$2y$10$cw7571QJUsokKXWlH9mMleiM2E8k8wKVejggQ4kaBSAUcwX//HOhK', 0),
(11, '2018-02-06 07:06:41', 3, 1, 'miladygv', '$2y$10$sOuwckfqyjJPVzE6I4A8hugaFMU4wHSOx1sKxS5SVQ6jOm2c4ql3m', 0),
(12, '2018-02-07 07:43:17', 3, 1, 'miladygv', '$2y$10$6KBu0JTbydkOqmQI/AbqUO5YshakgTltHiaF35OOBbYKIC1ZXP2zO', 0),
(13, '2018-02-07 07:48:17', 3, 1, 'miladygv', '$2y$10$qTUdJxrDLtuQJ9f84ohwFuOIgXDGXyflt2nQoBgYgG9oQXWiRiMUu', 0),
(14, '2018-02-10 18:53:07', 3, 1, 'mgarro', '$2y$10$XhOxNUPYY9IQtikCsr7Cuug9cDbHwe4FuqbC5lckYLCOo7b6/sADW', 0),
(15, '2018-02-13 06:51:11', 3, 1, 'lvargas', '$2y$10$ehGxrvdV6kNLlBPAyglfe.63RSD8VMpaEPR6xnrtMRU1qD5ulRfxa', 0),
(16, '2018-02-16 20:30:27', 3, 1, 'jcampos', '$2y$10$cwOy6BjrmnbB0hQ12NeXK.ui9e2TIMKaHBVIQl.5.2pW7zgMq9Lzu', 0),
(17, '2018-04-05 18:54:41', 3, 1, 'jperez', '$2y$10$RylVFJ7M87w6NQpWI0m8Yem5xXtjaxoAGk7xCq1lfshBsK43xkPk6', 0),
(18, '2018-04-07 17:18:40', 2, 1, 'Auxiliadora ', '$2y$10$bop2Px0hxKjxgnjIgR3.UOOh52ZYo1M6xSWhr1j6P7DOpm2VZgFiC', 0),
(19, '2018-04-13 11:55:34', 2, 1, 'ERICK', '$2y$10$cPjCCdcOuwq.3BL3IyVZnukilrGSqQ/D7nR0zi0g92i4YOLsX9aH2', 1),
(20, '2018-04-13 12:48:43', 3, 1, 'monicaquesada', '$2y$10$B.th1HppH18Ginc43dsumOQljFX2n2.wYpPJltK1qlp0giuwUYEDu', 1),
(21, '2018-04-13 14:55:52', 3, 1, 'cuaji', '$2y$10$6Vo8s0Kr51WEl00FcQUIduHFS7Dn3XIrpgXSfGQvJvgfUd4PEREDW', 1),
(22, '2018-04-13 15:31:12', 2, 1, 'nel', '$2y$10$QL0TCOjGDrMYC8VRHROXpeBYHWRjCvYy7yd8JsNw7LHhiR7ul4qye', 1),
(23, '2018-04-13 18:04:02', 3, 1, 'rolo', '$2y$10$sadUmOQ9aVASi2kDs6nZmuQ03r1Dqy.VSW43EqmSo9TGGb/o4bB6e', 1),
(24, '2018-04-16 10:09:39', 2, 1, 'Auxiliadora ', '$2y$10$9/AUC6K.nFeAFsOMMOFdDujd.xiK5F76WQEptzCs5I0rs2nlNNAt.', 1),
(25, '2018-04-26 21:45:37', 3, 1, 'Nirro', '$2y$10$TGo4YJAXsPJmRzsc5GrVvOj9NrWJDVoSiXijeqCp75idvokJv48QK', 1);

-- --------------------------------------------------------

--
-- Estructura de tabla para la tabla `usuario_bitacora_cambios`
--

CREATE TABLE `usuario_bitacora_cambios` (
  `usuario_bitacora_cambio_id` int(11) NOT NULL,
  `usuario_id` int(11) NOT NULL,
  `fecha_cambio` datetime NOT NULL,
  `tipo` varchar(30) COLLATE utf8_spanish_ci NOT NULL,
  `tabla` varchar(60) COLLATE utf8_spanish_ci NOT NULL,
  `id_fila` int(11) NOT NULL
) ENGINE=InnoDB DEFAULT CHARSET=utf8 COLLATE=utf8_spanish_ci;

--
-- Volcado de datos para la tabla `usuario_bitacora_cambios`
--

INSERT INTO `usuario_bitacora_cambios` (`usuario_bitacora_cambio_id`, `usuario_id`, `fecha_cambio`, `tipo`, `tabla`, `id_fila`) VALUES
(1, 1, '2017-12-11 07:32:10', 'edicion', 'cliente', 1),
(2, 1, '2017-12-11 07:32:38', 'edicion', 'cliente', 1),
(3, 1, '2017-12-11 07:33:19', 'edicion', 'proveedor', 1),
(4, 1, '2017-12-11 07:33:42', 'edicion', 'proveedor', 3),
(5, 1, '2017-12-17 21:11:29', 'edicion', '', 1),
(6, 1, '2017-12-17 21:20:17', 'edicion', '', 1),
(7, 1, '2017-12-17 21:23:51', 'edicion', '', 1),
(8, 1, '2017-12-17 21:27:08', 'edicion', '', 7),
(9, 1, '2017-12-22 19:48:56', 'edicion', '', 5),
(10, 1, '2017-12-23 01:54:22', 'edicion', '', 5),
(11, 1, '2017-12-29 05:43:43', 'edicion', '', 1),
(12, 1, '2017-12-29 05:46:04', 'edicion', '', 1),
(13, 1, '2017-12-29 05:47:30', 'edicion', '', 1),
(14, 1, '2017-12-29 05:48:15', 'edicion', '', 2),
(15, 1, '2017-12-29 05:48:18', 'edicion', '', 3),
(16, 1, '2017-12-29 05:48:23', 'edicion', '', 4),
(17, 1, '2017-12-29 05:48:27', 'edicion', '', 5),
(18, 1, '2017-12-29 05:48:29', 'edicion', '', 6),
(19, 1, '2017-12-29 05:48:32', 'edicion', '', 7),
(20, 1, '2017-12-29 05:51:19', 'edicion', '', 1),
(21, 1, '2017-12-29 05:51:42', 'edicion', '', 1),
(22, 1, '2017-12-29 05:51:59', 'edicion', '', 1),
(23, 1, '2017-12-29 06:09:56', 'edicion', '', 1),
(24, 1, '2017-12-29 06:10:18', 'edicion', '', 1),
(25, 1, '2017-12-29 06:10:46', 'edicion', '', 1),
(26, 1, '2017-12-29 06:11:10', 'edicion', '', 1),
(27, 1, '2017-12-29 07:38:01', 'edicion', '', 1),
(28, 1, '2017-12-29 07:49:45', 'edicion', '', 1),
(29, 1, '2017-12-29 07:52:37', 'edicion', '', 1),
(30, 1, '2017-12-30 05:31:01', 'edicion', '', 15),
(31, 1, '2017-12-31 20:01:53', 'edicion', '', 1),
(32, 1, '2018-02-10 20:31:20', 'edicion', '', 1),
(33, 1, '2018-02-10 20:33:48', 'edicion', '', 2),
(34, 1, '2018-02-12 02:07:35', 'edicion', '', 15),
(35, 1, '2018-02-12 02:07:40', 'edicion', '', 15),
(36, 1, '2018-02-12 02:11:17', 'edicion', '', 16),
(37, 1, '2018-02-12 02:12:38', 'edicion', '', 16),
(38, 1, '2018-02-12 02:13:24', 'edicion', '', 16),
(39, 1, '2018-02-12 02:13:27', 'edicion', '', 16),
(40, 1, '2018-02-12 02:19:20', 'edicion', '', 16),
(41, 1, '2018-02-12 02:19:54', 'edicion', '', 16),
(42, 1, '2018-02-12 02:21:59', 'edicion', '', 16),
(43, 1, '2018-02-12 02:21:59', 'edicion', '', 16),
(44, 1, '2018-02-12 07:16:54', 'edicion', '', 16),
(45, 1, '2018-02-12 07:22:36', 'edicion', '', 16),
(46, 1, '2018-02-12 07:22:42', 'edicion', '', 16),
(47, 1, '2018-02-12 07:25:21', 'edicion', '', 16),
(48, 1, '2018-02-12 07:25:23', 'edicion', '', 16),
(49, 1, '2018-02-12 07:26:02', 'edicion', '', 16),
(50, 1, '2018-02-12 07:26:36', 'edicion', '', 16),
(51, 1, '2018-02-12 07:26:44', 'edicion', '', 16),
(52, 1, '2018-02-12 07:27:41', 'edicion', '', 16),
(53, 1, '2018-02-12 07:28:30', 'edicion', '', 16),
(54, 1, '2018-02-12 07:28:31', 'edicion', '', 16),
(55, 1, '2018-02-12 07:28:32', 'edicion', '', 16),
(56, 1, '2018-02-12 07:30:12', 'edicion', '', 16),
(57, 1, '2018-02-12 07:30:18', 'edicion', '', 16),
(58, 1, '2018-02-13 06:42:35', 'edicion', '', 15),
(59, 1, '2018-02-13 06:49:26', 'edicion', '', 15),
(60, 1, '2018-02-13 06:51:53', 'edicion', '', 5),
(61, 1, '2018-02-13 08:43:54', 'edicion', '', 15),
(62, 1, '2018-02-13 08:47:43', 'edicion', '', 15),
(63, 1, '2018-02-13 08:51:22', 'edicion', '', 15),
(64, 1, '2018-02-13 08:53:03', 'edicion', '', 15),
(65, 1, '2018-02-15 06:04:11', 'edicion', '', 16),
(66, 1, '2018-02-15 06:04:39', 'edicion', '', 16),
(67, 1, '2018-02-15 06:05:38', 'edicion', '', 16),
(68, 1, '2018-02-15 06:12:24', 'edicion', '', 16),
(69, 1, '2018-02-15 06:12:45', 'edicion', '', 16),
(70, 1, '2018-02-15 06:12:58', 'edicion', '', 16),
(71, 1, '2018-02-15 06:13:22', 'edicion', '', 16),
(72, 1, '2018-02-15 23:51:18', 'edicion', '', 1),
(73, 1, '2018-02-16 00:53:04', 'edicion', '', 16),
(74, 1, '2018-02-16 00:53:25', 'edicion', '', 16),
(75, 1, '2018-02-16 00:56:11', 'edicion', '', 16),
(76, 1, '2018-02-16 12:23:40', 'edicion', '', 6),
(77, 1, '2018-02-16 12:39:33', 'edicion', '', 14),
(78, 1, '2018-02-16 20:33:43', 'edicion', '', 18),
(79, 1, '2018-02-16 20:37:29', 'edicion', '', 3),
(80, 1, '2018-02-18 17:52:31', 'edicion', '', 3),
(81, 1, '2018-03-04 17:10:34', 'edicion', '', 15),
(82, 1, '2018-03-18 14:52:53', 'edicion', '', 4),
(83, 1, '2018-03-18 14:54:10', 'edicion', '', 4),
(84, 1, '2018-03-18 15:27:41', 'edicion', '', 1),
(85, 1, '2018-04-05 18:59:57', 'edicion', '', 16),
(86, 1, '2018-04-05 19:00:55', 'edicion', '', 20),
(87, 1, '2018-04-05 22:46:31', 'edicion', '', 21),
(88, 1, '2018-04-07 17:36:10', 'edicion', '', 16),
(89, 1, '2018-04-13 12:15:08', 'edicion', 'cliente', 1),
(90, 1, '2018-04-13 12:15:40', 'edicion', 'cliente', 1),
(91, 1, '2018-04-13 12:17:50', 'edicion', 'cliente', 1),
(92, 1, '2018-04-13 12:20:38', 'edicion', 'cliente', 15),
(93, 1, '2018-04-13 12:21:28', 'edicion', 'cliente', 3),
(94, 1, '2018-04-13 12:30:22', 'edicion', 'cliente', 1),
(95, 1, '2018-04-13 12:33:45', 'edicion', 'cliente', 4),
(96, 1, '2018-04-13 12:35:06', 'edicion', 'cliente', 5),
(97, 1, '2018-04-13 12:35:12', 'edicion', 'cliente', 5),
(98, 1, '2018-04-13 12:36:05', 'edicion', 'cliente', 7),
(99, 1, '2018-04-13 12:36:09', 'edicion', 'cliente', 7),
(100, 1, '2018-04-13 12:36:38', 'edicion', 'cliente', 5),
(101, 1, '2018-04-13 12:39:36', 'edicion', 'cliente', 8),
(102, 1, '2018-04-13 12:49:41', 'edicion', 'cliente', 10),
(103, 1, '2018-04-13 12:50:55', 'edicion', '', 7),
(104, 1, '2018-04-13 14:17:31', 'edicion', 'cliente', 11),
(105, 1, '2018-04-13 14:17:37', 'edicion', 'cliente', 11),
(106, 1, '2018-04-13 14:29:33', 'edicion', 'proveedor', 1),
(107, 1, '2018-04-13 14:30:00', 'edicion', 'proveedor', 1),
(108, 1, '2018-04-13 14:30:04', 'edicion', 'proveedor', 1),
(109, 1, '2018-04-13 14:30:13', 'edicion', 'proveedor', 1),
(110, 1, '2018-04-13 14:31:57', 'edicion', 'proveedor', 2),
(111, 1, '2018-04-13 14:32:33', 'edicion', 'proveedor', 2),
(112, 1, '2018-04-13 14:32:37', 'edicion', 'proveedor', 2),
(113, 1, '2018-04-13 14:34:20', 'edicion', 'proveedor', 3),
(114, 1, '2018-04-13 15:42:04', 'edicion', '', 18),
(115, 1, '2018-04-13 18:08:08', 'edicion', '', 25),
(116, 1, '2018-04-13 18:08:42', 'edicion', '', 23),
(117, 1, '2018-04-13 18:09:41', 'edicion', '', 23),
(118, 1, '2018-04-13 18:12:16', 'edicion', '', 23),
(119, 1, '2018-04-13 18:19:31', 'edicion', '', 23),
(120, 1, '2018-04-13 18:27:29', 'edicion', '', 24),
(121, 1, '2018-04-13 18:39:03', 'edicion', '', 18),
(122, 1, '2018-04-13 18:39:43', 'edicion', '', 18),
(123, 1, '2018-04-13 18:40:25', 'edicion', '', 18),
(124, 1, '2018-04-13 18:40:48', 'edicion', '', 18),
(125, 24, '2018-04-16 10:52:24', 'edicion', '', 28),
(126, 24, '2018-04-16 11:16:31', 'edicion', '', 33),
(127, 24, '2018-04-16 11:16:37', 'edicion', '', 33),
(128, 24, '2018-04-16 11:18:19', 'edicion', '', 32),
(129, 24, '2018-04-16 11:19:04', 'edicion', '', 31),
(130, 24, '2018-04-16 11:19:34', 'edicion', '', 30),
(131, 24, '2018-04-16 11:19:59', 'edicion', '', 29),
(132, 24, '2018-04-16 11:20:13', 'edicion', '', 29),
(133, 24, '2018-04-16 11:20:32', 'edicion', '', 28),
(134, 1, '2018-04-24 22:37:46', 'edicion', '', 32),
(135, 1, '2018-04-26 21:47:33', 'edicion', '', 18),
(136, 1, '2018-04-26 21:49:16', 'edicion', '', 20),
(137, 1, '2018-04-26 21:50:15', 'edicion', '', 34),
(138, 1, '2018-04-26 22:06:44', 'edicion', '', 18),
(139, 1, '2018-04-27 15:20:59', 'edicion', 'proveedor', 5),
(140, 1, '2018-04-27 15:21:26', 'edicion', 'proveedor', 6),
(141, 1, '2018-05-05 15:02:47', 'edicion', '', 17),
(142, 1, '2018-05-10 09:52:35', 'edicion', '', 56),
(143, 1, '2018-05-10 09:52:41', 'edicion', '', 56),
(144, 1, '2018-05-10 16:28:55', 'edicion', '', 17),
(145, 1, '2018-05-11 15:55:19', 'edicion', '', 18),
(146, 1, '2018-05-23 09:59:20', 'edicion', '', 85),
(147, 1, '2018-05-23 09:59:29', 'edicion', '', 85),
(148, 1, '2018-05-23 10:00:08', 'edicion', '', 85),
(149, 1, '2018-05-23 10:00:12', 'edicion', '', 85),
(150, 1, '2018-05-24 14:23:40', 'edicion', '', 22),
(151, 1, '2018-05-24 14:24:18', 'edicion', '', 22),
(152, 1, '2018-07-13 18:58:44', 'edicion', '', 24),
(153, 1, '2018-07-13 18:59:41', 'edicion', '', 24),
(154, 1, '2018-07-21 17:15:09', 'edicion', '', 26),
(155, 1, '2018-07-21 17:17:24', 'edicion', '', 26),
(156, 1, '2018-10-20 09:16:26', 'edicion', 'proyecto', 29),
(157, 1, '2018-10-20 09:18:34', 'edicion', 'proyecto', 29),
(158, 1, '2018-10-20 09:38:44', 'edicion', 'proyecto', 29),
(159, 1, '2018-10-20 09:39:52', 'edicion', 'proyecto', 29);

-- --------------------------------------------------------

--
-- Estructura de tabla para la tabla `usuario_bitacora_ingreso`
--

CREATE TABLE `usuario_bitacora_ingreso` (
  `usuario_bitacora_id` int(11) NOT NULL,
  `usuario_id` int(11) NOT NULL,
  `fecha_ingreso` datetime NOT NULL,
  `ip` varchar(60) COLLATE utf8_spanish_ci NOT NULL,
  `agente_usuario` varchar(300) COLLATE utf8_spanish_ci NOT NULL
) ENGINE=InnoDB DEFAULT CHARSET=utf8 COLLATE=utf8_spanish_ci;

--
-- Volcado de datos para la tabla `usuario_bitacora_ingreso`
--

INSERT INTO `usuario_bitacora_ingreso` (`usuario_bitacora_id`, `usuario_id`, `fecha_ingreso`, `ip`, `agente_usuario`) VALUES
(1, 1, '2017-12-01 08:05:13', '127.0.0.1', 'Mozilla/5.0 (Windows NT 10.0; Win64; x64) AppleWebKit/537.36 (KHTML, like Gecko) Chrome/62.0.3202.94 Safari/537.36'),
(2, 2, '2017-12-01 08:07:13', '127.0.0.1', 'Mozilla/5.0 (Windows NT 10.0; Win64; x64) AppleWebKit/537.36 (KHTML, like Gecko) Chrome/62.0.3202.94 Safari/537.36'),
(3, 1, '2017-12-01 08:07:32', '127.0.0.1', 'Mozilla/5.0 (Windows NT 10.0; Win64; x64) AppleWebKit/537.36 (KHTML, like Gecko) Chrome/62.0.3202.94 Safari/537.36'),
(4, 1, '2017-12-01 08:11:01', '127.0.0.1', 'Mozilla/5.0 (iPhone; CPU iPhone OS 9_1 like Mac OS X) AppleWebKit/601.1.46 (KHTML, like Gecko) Version/9.0 Mobile/13B143 Safari/601.1'),
(5, 1, '2017-12-04 00:11:51', '127.0.0.1', 'Mozilla/5.0 (Windows NT 10.0; Win64; x64) AppleWebKit/537.36 (KHTML, like Gecko) Chrome/62.0.3202.94 Safari/537.36'),
(6, 1, '2017-12-07 02:12:29', '127.0.0.1', 'Mozilla/5.0 (Windows NT 10.0; Win64; x64) AppleWebKit/537.36 (KHTML, like Gecko) Chrome/62.0.3202.94 Safari/537.36'),
(7, 1, '2017-12-07 02:27:51', '127.0.0.1', 'Mozilla/5.0 (Windows NT 10.0; Win64; x64) AppleWebKit/537.36 (KHTML, like Gecko) Chrome/62.0.3202.94 Safari/537.36'),
(8, 1, '2017-12-08 06:21:24', '127.0.0.1', 'Mozilla/5.0 (Windows NT 10.0; Win64; x64) AppleWebKit/537.36 (KHTML, like Gecko) Chrome/62.0.3202.94 Safari/537.36'),
(9, 1, '2017-12-09 02:45:54', '127.0.0.1', 'Mozilla/5.0 (Windows NT 10.0; Win64; x64) AppleWebKit/537.36 (KHTML, like Gecko) Chrome/62.0.3202.94 Safari/537.36'),
(10, 1, '2017-12-11 01:32:28', '127.0.0.1', 'Mozilla/5.0 (Windows NT 10.0; Win64; x64) AppleWebKit/537.36 (KHTML, like Gecko) Chrome/62.0.3202.94 Safari/537.36'),
(11, 1, '2017-12-11 05:14:48', '127.0.0.1', 'Mozilla/5.0 (Windows NT 10.0; Win64; x64) AppleWebKit/537.36 (KHTML, like Gecko) Chrome/62.0.3202.94 Safari/537.36'),
(12, 1, '2017-12-12 06:32:04', '127.0.0.1', 'Mozilla/5.0 (Windows NT 10.0; Win64; x64) AppleWebKit/537.36 (KHTML, like Gecko) Chrome/62.0.3202.94 Safari/537.36'),
(13, 1, '2017-12-13 04:13:52', '127.0.0.1', 'Mozilla/5.0 (Windows NT 10.0; Win64; x64) AppleWebKit/537.36 (KHTML, like Gecko) Chrome/62.0.3202.94 Safari/537.36'),
(14, 1, '2017-12-13 07:01:19', '127.0.0.1', 'Mozilla/5.0 (Windows NT 10.0; Win64; x64) AppleWebKit/537.36 (KHTML, like Gecko) Chrome/62.0.3202.94 Safari/537.36'),
(15, 1, '2017-12-14 04:52:16', '127.0.0.1', 'Mozilla/5.0 (Windows NT 10.0; Win64; x64) AppleWebKit/537.36 (KHTML, like Gecko) Chrome/62.0.3202.94 Safari/537.36'),
(16, 1, '2017-12-16 01:07:01', '127.0.0.1', 'Mozilla/5.0 (Windows NT 10.0; Win64; x64) AppleWebKit/537.36 (KHTML, like Gecko) Chrome/62.0.3202.94 Safari/537.36'),
(17, 1, '2017-12-16 19:09:48', '127.0.0.1', 'Mozilla/5.0 (Windows NT 10.0; Win64; x64) AppleWebKit/537.36 (KHTML, like Gecko) Chrome/63.0.3239.84 Safari/537.36'),
(18, 1, '2017-12-17 19:50:05', '127.0.0.1', 'Mozilla/5.0 (Windows NT 10.0; Win64; x64) AppleWebKit/537.36 (KHTML, like Gecko) Chrome/63.0.3239.84 Safari/537.36'),
(19, 1, '2017-12-17 19:50:10', '127.0.0.1', 'Mozilla/5.0 (Windows NT 10.0; Win64; x64) AppleWebKit/537.36 (KHTML, like Gecko) Chrome/63.0.3239.84 Safari/537.36'),
(20, 1, '2017-12-17 21:34:11', '127.0.0.1', 'Mozilla/5.0 (Windows NT 10.0; Win64; x64) AppleWebKit/537.36 (KHTML, like Gecko) Chrome/63.0.3239.84 Safari/537.36'),
(21, 1, '2017-12-17 21:34:28', '127.0.0.1', 'Mozilla/5.0 (Windows NT 10.0; Win64; x64) AppleWebKit/537.36 (KHTML, like Gecko) Chrome/63.0.3239.84 Safari/537.36'),
(22, 1, '2017-12-18 06:45:45', '127.0.0.1', 'Mozilla/5.0 (Windows NT 10.0; Win64; x64) AppleWebKit/537.36 (KHTML, like Gecko) Chrome/63.0.3239.84 Safari/537.36'),
(23, 1, '2017-12-19 03:38:06', '127.0.0.1', 'Mozilla/5.0 (Windows NT 10.0; Win64; x64) AppleWebKit/537.36 (KHTML, like Gecko) Chrome/63.0.3239.84 Safari/537.36'),
(24, 1, '2017-12-19 06:34:58', '127.0.0.1', 'Mozilla/5.0 (Windows NT 10.0; Win64; x64) AppleWebKit/537.36 (KHTML, like Gecko) Chrome/63.0.3239.84 Safari/537.36'),
(25, 1, '2017-12-20 03:16:04', '127.0.0.1', 'Mozilla/5.0 (Windows NT 10.0; Win64; x64) AppleWebKit/537.36 (KHTML, like Gecko) Chrome/63.0.3239.84 Safari/537.36'),
(26, 1, '2017-12-22 03:27:48', '127.0.0.1', 'Mozilla/5.0 (Windows NT 10.0; Win64; x64) AppleWebKit/537.36 (KHTML, like Gecko) Chrome/63.0.3239.84 Safari/537.36'),
(27, 1, '2017-12-22 05:30:50', '127.0.0.1', 'Mozilla/5.0 (Windows NT 10.0; Win64; x64) AppleWebKit/537.36 (KHTML, like Gecko) Chrome/63.0.3239.84 Safari/537.36'),
(28, 1, '2017-12-22 19:41:20', '127.0.0.1', 'Mozilla/5.0 (Windows NT 10.0; Win64; x64) AppleWebKit/537.36 (KHTML, like Gecko) Chrome/63.0.3239.84 Safari/537.36'),
(29, 1, '2017-12-24 18:51:03', '127.0.0.1', 'Mozilla/5.0 (Windows NT 10.0; Win64; x64) AppleWebKit/537.36 (KHTML, like Gecko) Chrome/63.0.3239.84 Safari/537.36'),
(30, 1, '2017-12-26 20:08:00', '127.0.0.1', 'Mozilla/5.0 (Windows NT 10.0; Win64; x64) AppleWebKit/537.36 (KHTML, like Gecko) Chrome/63.0.3239.84 Safari/537.36'),
(31, 1, '2017-12-26 20:08:07', '127.0.0.1', 'Mozilla/5.0 (Windows NT 10.0; Win64; x64) AppleWebKit/537.36 (KHTML, like Gecko) Chrome/63.0.3239.84 Safari/537.36'),
(32, 1, '2017-12-27 01:26:54', '127.0.0.1', 'Mozilla/5.0 (Windows NT 10.0; Win64; x64) AppleWebKit/537.36 (KHTML, like Gecko) Chrome/63.0.3239.84 Safari/537.36'),
(33, 1, '2017-12-28 01:23:12', '127.0.0.1', 'Mozilla/5.0 (Windows NT 10.0; Win64; x64) AppleWebKit/537.36 (KHTML, like Gecko) Chrome/63.0.3239.84 Safari/537.36'),
(34, 1, '2017-12-28 04:22:09', '127.0.0.1', 'Mozilla/5.0 (Windows NT 10.0; Win64; x64) AppleWebKit/537.36 (KHTML, like Gecko) Chrome/63.0.3239.84 Safari/537.36'),
(35, 1, '2017-12-28 19:14:02', '127.0.0.1', 'Mozilla/5.0 (Windows NT 10.0; Win64; x64) AppleWebKit/537.36 (KHTML, like Gecko) Chrome/63.0.3239.84 Safari/537.36'),
(36, 1, '2017-12-29 00:53:12', '127.0.0.1', 'Mozilla/5.0 (Windows NT 10.0; Win64; x64) AppleWebKit/537.36 (KHTML, like Gecko) Chrome/63.0.3239.84 Safari/537.36'),
(37, 1, '2017-12-29 23:32:27', '127.0.0.1', 'Mozilla/5.0 (Windows NT 10.0; Win64; x64) AppleWebKit/537.36 (KHTML, like Gecko) Chrome/63.0.3239.84 Safari/537.36'),
(38, 1, '2017-12-31 19:42:03', '127.0.0.1', 'Mozilla/5.0 (Windows NT 10.0; Win64; x64) AppleWebKit/537.36 (KHTML, like Gecko) Chrome/63.0.3239.84 Safari/537.36'),
(39, 1, '2018-01-02 06:05:48', '127.0.0.1', 'Mozilla/5.0 (Windows NT 10.0; Win64; x64) AppleWebKit/537.36 (KHTML, like Gecko) Chrome/63.0.3239.84 Safari/537.36'),
(40, 1, '2018-01-03 07:27:06', '127.0.0.1', 'Mozilla/5.0 (Windows NT 10.0; Win64; x64) AppleWebKit/537.36 (KHTML, like Gecko) Chrome/63.0.3239.84 Safari/537.36'),
(41, 1, '2018-01-09 20:09:50', '127.0.0.1', 'Mozilla/5.0 (Windows NT 10.0; Win64; x64) AppleWebKit/537.36 (KHTML, like Gecko) Chrome/63.0.3239.84 Safari/537.36'),
(42, 1, '2018-01-10 00:08:05', '127.0.0.1', 'Mozilla/5.0 (Windows NT 10.0; Win64; x64) AppleWebKit/537.36 (KHTML, like Gecko) Chrome/63.0.3239.84 Safari/537.36'),
(43, 1, '2018-01-10 05:44:41', '127.0.0.1', 'Mozilla/5.0 (Windows NT 10.0; Win64; x64) AppleWebKit/537.36 (KHTML, like Gecko) Chrome/63.0.3239.84 Safari/537.36'),
(44, 1, '2018-01-12 03:27:28', '127.0.0.1', 'Mozilla/5.0 (Windows NT 10.0; Win64; x64) AppleWebKit/537.36 (KHTML, like Gecko) Chrome/63.0.3239.84 Safari/537.36'),
(45, 1, '2018-01-12 05:07:07', '127.0.0.1', 'Mozilla/5.0 (Windows NT 10.0; Win64; x64) AppleWebKit/537.36 (KHTML, like Gecko) Chrome/63.0.3239.84 Safari/537.36'),
(46, 1, '2018-01-19 05:28:59', '127.0.0.1', 'Mozilla/5.0 (Windows NT 10.0; Win64; x64) AppleWebKit/537.36 (KHTML, like Gecko) Chrome/63.0.3239.132 Safari/537.36'),
(47, 2, '2018-01-22 06:13:26', '127.0.0.1', 'Mozilla/5.0 (Windows NT 10.0; Win64; x64; rv:57.0) Gecko/20100101 Firefox/57.0'),
(48, 2, '2018-01-22 07:21:30', '127.0.0.1', 'Mozilla/5.0 (Windows NT 10.0; Win64; x64; rv:57.0) Gecko/20100101 Firefox/57.0'),
(49, 2, '2018-01-23 07:11:50', '127.0.0.1', 'Mozilla/5.0 (Windows NT 10.0; Win64; x64; rv:57.0) Gecko/20100101 Firefox/57.0'),
(50, 2, '2018-01-23 07:14:01', '127.0.0.1', 'Mozilla/5.0 (Windows NT 10.0; Win64; x64; rv:57.0) Gecko/20100101 Firefox/57.0'),
(51, 2, '2018-01-24 06:40:37', '127.0.0.1', 'Mozilla/5.0 (Windows NT 10.0; Win64; x64; rv:57.0) Gecko/20100101 Firefox/57.0'),
(52, 2, '2018-01-25 05:31:09', '127.0.0.1', 'Mozilla/5.0 (Windows NT 10.0; Win64; x64; rv:57.0) Gecko/20100101 Firefox/57.0'),
(53, 6, '2018-01-25 05:31:23', '127.0.0.1', 'Mozilla/5.0 (Windows NT 10.0; Win64; x64; rv:57.0) Gecko/20100101 Firefox/57.0'),
(54, 2, '2018-01-25 05:31:43', '127.0.0.1', 'Mozilla/5.0 (Windows NT 10.0; Win64; x64; rv:57.0) Gecko/20100101 Firefox/57.0'),
(55, 2, '2018-01-26 05:06:26', '127.0.0.1', 'Mozilla/5.0 (Windows NT 10.0; Win64; x64; rv:57.0) Gecko/20100101 Firefox/57.0'),
(56, 1, '2018-02-02 04:22:42', '127.0.0.1', 'Mozilla/5.0 (Windows NT 10.0; Win64; x64) AppleWebKit/537.36 (KHTML, like Gecko) Chrome/63.0.3239.132 Safari/537.36'),
(57, 1, '2018-02-02 05:17:52', '127.0.0.1', 'Mozilla/5.0 (Windows NT 10.0; Win64; x64) AppleWebKit/537.36 (KHTML, like Gecko) Chrome/63.0.3239.132 Safari/537.36'),
(58, 5, '2018-02-02 05:18:54', '127.0.0.1', 'Mozilla/5.0 (Windows NT 10.0; Win64; x64) AppleWebKit/537.36 (KHTML, like Gecko) Chrome/63.0.3239.132 Safari/537.36'),
(59, 1, '2018-02-02 07:01:35', '127.0.0.1', 'Mozilla/5.0 (Windows NT 10.0; Win64; x64) AppleWebKit/537.36 (KHTML, like Gecko) Chrome/63.0.3239.132 Safari/537.36'),
(60, 5, '2018-02-02 07:01:51', '127.0.0.1', 'Mozilla/5.0 (Windows NT 10.0; Win64; x64) AppleWebKit/537.36 (KHTML, like Gecko) Chrome/63.0.3239.132 Safari/537.36'),
(61, 5, '2018-02-02 07:08:01', '127.0.0.1', 'Mozilla/5.0 (Windows NT 10.0; Win64; x64) AppleWebKit/537.36 (KHTML, like Gecko) Chrome/63.0.3239.132 Safari/537.36'),
(62, 1, '2018-02-04 04:33:31', '127.0.0.1', 'Mozilla/5.0 (Windows NT 10.0; Win64; x64) AppleWebKit/537.36 (KHTML, like Gecko) Chrome/63.0.3239.132 Safari/537.36'),
(63, 1, '2018-02-04 21:32:17', '127.0.0.1', 'Mozilla/5.0 (Windows NT 10.0; Win64; x64) AppleWebKit/537.36 (KHTML, like Gecko) Chrome/63.0.3239.132 Safari/537.36'),
(64, 1, '2018-02-06 06:05:30', '127.0.0.1', 'Mozilla/5.0 (Windows NT 10.0; Win64; x64) AppleWebKit/537.36 (KHTML, like Gecko) Chrome/63.0.3239.132 Safari/537.36'),
(65, 1, '2018-02-07 07:31:25', '127.0.0.1', 'Mozilla/5.0 (Windows NT 10.0; Win64; x64) AppleWebKit/537.36 (KHTML, like Gecko) Chrome/63.0.3239.132 Safari/537.36'),
(66, 5, '2018-02-07 08:19:24', '127.0.0.1', 'Mozilla/5.0 (Windows NT 10.0; Win64; x64) AppleWebKit/537.36 (KHTML, like Gecko) Chrome/63.0.3239.132 Safari/537.36'),
(67, 5, '2018-02-10 18:48:16', '127.0.0.1', 'Mozilla/5.0 (Windows NT 10.0; Win64; x64) AppleWebKit/537.36 (KHTML, like Gecko) Chrome/63.0.3239.132 Safari/537.36'),
(68, 14, '2018-02-10 18:54:29', '127.0.0.1', 'Mozilla/5.0 (Windows NT 10.0; Win64; x64) AppleWebKit/537.36 (KHTML, like Gecko) Chrome/63.0.3239.132 Safari/537.36'),
(69, 1, '2018-02-10 20:06:35', '127.0.0.1', 'Mozilla/5.0 (Windows NT 10.0; Win64; x64) AppleWebKit/537.36 (KHTML, like Gecko) Chrome/63.0.3239.132 Safari/537.36'),
(70, 1, '2018-02-11 00:11:31', '127.0.0.1', 'Mozilla/5.0 (Windows NT 10.0; Win64; x64) AppleWebKit/537.36 (KHTML, like Gecko) Chrome/63.0.3239.132 Safari/537.36'),
(71, 1, '2018-02-11 20:46:40', '127.0.0.1', 'Mozilla/5.0 (Windows NT 10.0; Win64; x64) AppleWebKit/537.36 (KHTML, like Gecko) Chrome/63.0.3239.132 Safari/537.36'),
(72, 1, '2018-02-12 00:13:38', '127.0.0.1', 'Mozilla/5.0 (Windows NT 10.0; Win64; x64) AppleWebKit/537.36 (KHTML, like Gecko) Chrome/63.0.3239.132 Safari/537.36'),
(73, 1, '2018-02-12 07:10:32', '127.0.0.1', 'Mozilla/5.0 (Windows NT 10.0; Win64; x64) AppleWebKit/537.36 (KHTML, like Gecko) Chrome/63.0.3239.132 Safari/537.36'),
(74, 1, '2018-02-13 06:41:11', '127.0.0.1', 'Mozilla/5.0 (Windows NT 10.0; Win64; x64) AppleWebKit/537.36 (KHTML, like Gecko) Chrome/63.0.3239.132 Safari/537.36'),
(75, 15, '2018-02-13 06:51:23', '127.0.0.1', 'Mozilla/5.0 (Windows NT 10.0; Win64; x64) AppleWebKit/537.36 (KHTML, like Gecko) Chrome/63.0.3239.132 Safari/537.36'),
(76, 1, '2018-02-13 06:51:28', '127.0.0.1', 'Mozilla/5.0 (Windows NT 10.0; Win64; x64) AppleWebKit/537.36 (KHTML, like Gecko) Chrome/63.0.3239.132 Safari/537.36'),
(77, 1, '2018-02-15 05:48:07', '127.0.0.1', 'Mozilla/5.0 (Windows NT 10.0; Win64; x64) AppleWebKit/537.36 (KHTML, like Gecko) Chrome/63.0.3239.132 Safari/537.36'),
(78, 1, '2018-02-15 23:26:50', '127.0.0.1', 'Mozilla/5.0 (Windows NT 10.0; Win64; x64) AppleWebKit/537.36 (KHTML, like Gecko) Chrome/63.0.3239.132 Safari/537.36'),
(79, 1, '2018-02-16 12:15:48', '127.0.0.1', 'Mozilla/5.0 (Windows NT 10.0; Win64; x64) AppleWebKit/537.36 (KHTML, like Gecko) Chrome/63.0.3239.132 Safari/537.36'),
(80, 1, '2018-02-16 19:31:32', '127.0.0.1', 'Mozilla/5.0 (Windows NT 10.0; Win64; x64) AppleWebKit/537.36 (KHTML, like Gecko) Chrome/63.0.3239.132 Safari/537.36'),
(81, 5, '2018-02-16 20:26:17', '127.0.0.1', 'Mozilla/5.0 (Windows NT 10.0; Win64; x64) AppleWebKit/537.36 (KHTML, like Gecko) Chrome/63.0.3239.132 Safari/537.36'),
(82, 1, '2018-02-16 20:27:05', '127.0.0.1', 'Mozilla/5.0 (Windows NT 10.0; Win64; x64) AppleWebKit/537.36 (KHTML, like Gecko) Chrome/63.0.3239.132 Safari/537.36'),
(83, 14, '2018-02-16 20:27:25', '127.0.0.1', 'Mozilla/5.0 (Windows NT 10.0; Win64; x64) AppleWebKit/537.36 (KHTML, like Gecko) Chrome/63.0.3239.132 Safari/537.36'),
(84, 1, '2018-02-16 20:28:33', '127.0.0.1', 'Mozilla/5.0 (Windows NT 10.0; Win64; x64) AppleWebKit/537.36 (KHTML, like Gecko) Chrome/63.0.3239.132 Safari/537.36'),
(85, 1, '2018-02-18 17:49:58', '127.0.0.1', 'Mozilla/5.0 (Windows NT 10.0; Win64; x64) AppleWebKit/537.36 (KHTML, like Gecko) Chrome/63.0.3239.132 Safari/537.36'),
(86, 14, '2018-02-18 19:48:24', '127.0.0.1', 'Mozilla/5.0 (Windows NT 10.0; Win64; x64) AppleWebKit/537.36 (KHTML, like Gecko) Chrome/63.0.3239.132 Safari/537.36'),
(87, 5, '2018-02-20 23:17:30', '127.0.0.1', 'Mozilla/5.0 (Windows NT 10.0; Win64; x64) AppleWebKit/537.36 (KHTML, like Gecko) Chrome/63.0.3239.132 Safari/537.36'),
(88, 14, '2018-02-21 00:13:50', '127.0.0.1', 'Mozilla/5.0 (Windows NT 10.0; Win64; x64) AppleWebKit/537.36 (KHTML, like Gecko) Chrome/63.0.3239.132 Safari/537.36'),
(89, 14, '2018-02-21 00:13:50', '127.0.0.1', 'Mozilla/5.0 (Windows NT 10.0; Win64; x64) AppleWebKit/537.36 (KHTML, like Gecko) Chrome/63.0.3239.132 Safari/537.36'),
(90, 14, '2018-03-04 16:23:56', '127.0.0.1', 'Mozilla/5.0 (Windows NT 10.0; Win64; x64) AppleWebKit/537.36 (KHTML, like Gecko) Chrome/64.0.3282.186 Safari/537.36'),
(91, 5, '2018-03-04 16:35:13', '127.0.0.1', 'Mozilla/5.0 (Windows NT 10.0; Win64; x64) AppleWebKit/537.36 (KHTML, like Gecko) Chrome/64.0.3282.186 Safari/537.36'),
(92, 1, '2018-03-04 16:52:03', '127.0.0.1', 'Mozilla/5.0 (Windows NT 10.0; Win64; x64) AppleWebKit/537.36 (KHTML, like Gecko) Chrome/64.0.3282.186 Safari/537.36'),
(93, 5, '2018-03-04 17:34:35', '127.0.0.1', 'Mozilla/5.0 (Windows NT 10.0; Win64; x64) AppleWebKit/537.36 (KHTML, like Gecko) Chrome/64.0.3282.186 Safari/537.36'),
(94, 1, '2018-03-04 17:37:57', '127.0.0.1', 'Mozilla/5.0 (Windows NT 10.0; Win64; x64) AppleWebKit/537.36 (KHTML, like Gecko) Chrome/64.0.3282.186 Safari/537.36'),
(95, 1, '2018-03-05 23:18:00', '127.0.0.1', 'Mozilla/5.0 (Windows NT 10.0; Win64; x64) AppleWebKit/537.36 (KHTML, like Gecko) Chrome/64.0.3282.186 Safari/537.36'),
(96, 1, '2018-03-07 23:25:42', '127.0.0.1', 'Mozilla/5.0 (Windows NT 10.0; Win64; x64) AppleWebKit/537.36 (KHTML, like Gecko) Chrome/64.0.3282.186 Safari/537.36'),
(97, 1, '2018-03-08 23:41:17', '127.0.0.1', 'Mozilla/5.0 (Windows NT 10.0; Win64; x64) AppleWebKit/537.36 (KHTML, like Gecko) Chrome/64.0.3282.186 Safari/537.36'),
(98, 1, '2018-03-11 16:53:21', '127.0.0.1', 'Mozilla/5.0 (Windows NT 10.0; Win64; x64) AppleWebKit/537.36 (KHTML, like Gecko) Chrome/64.0.3282.186 Safari/537.36'),
(99, 1, '2018-03-11 23:19:29', '127.0.0.1', 'Mozilla/5.0 (Windows NT 10.0; Win64; x64) AppleWebKit/537.36 (KHTML, like Gecko) Chrome/64.0.3282.186 Safari/537.36'),
(100, 1, '2018-03-13 22:18:50', '127.0.0.1', 'Mozilla/5.0 (Windows NT 10.0; Win64; x64) AppleWebKit/537.36 (KHTML, like Gecko) Chrome/64.0.3282.186 Safari/537.36'),
(101, 1, '2018-03-14 23:19:20', '127.0.0.1', 'Mozilla/5.0 (Windows NT 10.0; Win64; x64) AppleWebKit/537.36 (KHTML, like Gecko) Chrome/64.0.3282.186 Safari/537.36'),
(102, 1, '2018-03-15 23:33:06', '127.0.0.1', 'Mozilla/5.0 (Windows NT 10.0; Win64; x64) AppleWebKit/537.36 (KHTML, like Gecko) Chrome/64.0.3282.186 Safari/537.36'),
(103, 1, '2018-03-17 12:45:28', '127.0.0.1', 'Mozilla/5.0 (Windows NT 10.0; Win64; x64) AppleWebKit/537.36 (KHTML, like Gecko) Chrome/64.0.3282.186 Safari/537.36'),
(104, 1, '2018-03-18 14:28:11', '127.0.0.1', 'Mozilla/5.0 (Windows NT 10.0; Win64; x64) AppleWebKit/537.36 (KHTML, like Gecko) Chrome/64.0.3282.186 Safari/537.36'),
(105, 1, '2018-03-18 18:38:28', '127.0.0.1', 'Mozilla/5.0 (Windows NT 10.0; Win64; x64) AppleWebKit/537.36 (KHTML, like Gecko) Chrome/64.0.3282.186 Safari/537.36'),
(106, 1, '2018-03-18 21:45:49', '127.0.0.1', 'Mozilla/5.0 (Windows NT 10.0; Win64; x64) AppleWebKit/537.36 (KHTML, like Gecko) Chrome/64.0.3282.186 Safari/537.36'),
(107, 1, '2018-03-20 23:36:29', '127.0.0.1', 'Mozilla/5.0 (Windows NT 10.0; Win64; x64) AppleWebKit/537.36 (KHTML, like Gecko) Chrome/64.0.3282.186 Safari/537.36'),
(108, 1, '2018-03-21 08:02:07', '127.0.0.1', 'Mozilla/5.0 (Windows NT 10.0; Win64; x64) AppleWebKit/537.36 (KHTML, like Gecko) Chrome/64.0.3282.186 Safari/537.36'),
(109, 1, '2018-03-21 22:09:32', '127.0.0.1', 'Mozilla/5.0 (Windows NT 10.0; Win64; x64) AppleWebKit/537.36 (KHTML, like Gecko) Chrome/64.0.3282.186 Safari/537.36'),
(110, 1, '2018-03-22 20:50:04', '127.0.0.1', 'Mozilla/5.0 (Windows NT 10.0; Win64; x64) AppleWebKit/537.36 (KHTML, like Gecko) Chrome/64.0.3282.186 Safari/537.36'),
(111, 1, '2018-03-22 21:46:15', '127.0.0.1', 'Mozilla/5.0 (Windows NT 10.0; Win64; x64) AppleWebKit/537.36 (KHTML, like Gecko) Chrome/64.0.3282.186 Safari/537.36'),
(112, 5, '2018-03-22 21:46:19', '127.0.0.1', 'Mozilla/5.0 (Windows NT 10.0; Win64; x64) AppleWebKit/537.36 (KHTML, like Gecko) Chrome/64.0.3282.186 Safari/537.36'),
(113, 14, '2018-03-22 21:46:30', '127.0.0.1', 'Mozilla/5.0 (Windows NT 10.0; Win64; x64) AppleWebKit/537.36 (KHTML, like Gecko) Chrome/64.0.3282.186 Safari/537.36'),
(114, 1, '2018-03-22 21:50:36', '127.0.0.1', 'Mozilla/5.0 (Windows NT 10.0; Win64; x64) AppleWebKit/537.36 (KHTML, like Gecko) Chrome/64.0.3282.186 Safari/537.36'),
(115, 1, '2018-03-23 23:27:08', '127.0.0.1', 'Mozilla/5.0 (Windows NT 10.0; Win64; x64) AppleWebKit/537.36 (KHTML, like Gecko) Chrome/64.0.3282.186 Safari/537.36'),
(116, 1, '2018-03-26 22:52:26', '127.0.0.1', 'Mozilla/5.0 (Windows NT 10.0; Win64; x64) AppleWebKit/537.36 (KHTML, like Gecko) Chrome/64.0.3282.186 Safari/537.36'),
(117, 1, '2018-03-31 19:14:29', '127.0.0.1', 'Mozilla/5.0 (Windows NT 10.0; Win64; x64) AppleWebKit/537.36 (KHTML, like Gecko) Chrome/64.0.3282.186 Safari/537.36'),
(118, 1, '2018-03-31 23:34:45', '127.0.0.1', 'Mozilla/5.0 (Windows NT 10.0; Win64; x64) AppleWebKit/537.36 (KHTML, like Gecko) Chrome/64.0.3282.186 Safari/537.36'),
(119, 1, '2018-04-01 17:14:48', '127.0.0.1', 'Mozilla/5.0 (Windows NT 10.0; Win64; x64) AppleWebKit/537.36 (KHTML, like Gecko) Chrome/64.0.3282.186 Safari/537.36'),
(120, 1, '2018-04-01 23:33:42', '127.0.0.1', 'Mozilla/5.0 (Windows NT 10.0; Win64; x64) AppleWebKit/537.36 (KHTML, like Gecko) Chrome/64.0.3282.186 Safari/537.36'),
(121, 1, '2018-04-03 21:55:32', '127.0.0.1', 'Mozilla/5.0 (Windows NT 10.0; Win64; x64) AppleWebKit/537.36 (KHTML, like Gecko) Chrome/64.0.3282.186 Safari/537.36'),
(122, 1, '2018-04-04 22:46:48', '127.0.0.1', 'Mozilla/5.0 (Windows NT 10.0; Win64; x64) AppleWebKit/537.36 (KHTML, like Gecko) Chrome/65.0.3325.181 Safari/537.36'),
(123, 1, '2018-04-05 18:42:30', '127.0.0.1', 'Mozilla/5.0 (Windows NT 10.0; Win64; x64) AppleWebKit/537.36 (KHTML, like Gecko) Chrome/65.0.3325.181 Safari/537.36'),
(124, 5, '2018-04-05 18:51:28', '127.0.0.1', 'Mozilla/5.0 (Windows NT 10.0; Win64; x64) AppleWebKit/537.36 (KHTML, like Gecko) Chrome/65.0.3325.181 Safari/537.36'),
(125, 1, '2018-04-05 18:59:42', '127.0.0.1', 'Mozilla/5.0 (Windows NT 10.0; Win64; x64) AppleWebKit/537.36 (KHTML, like Gecko) Chrome/65.0.3325.181 Safari/537.36'),
(126, 14, '2018-04-05 19:41:57', '127.0.0.1', 'Mozilla/5.0 (Windows NT 10.0; Win64; x64) AppleWebKit/537.36 (KHTML, like Gecko) Chrome/65.0.3325.181 Safari/537.36'),
(127, 1, '2018-04-05 19:47:58', '127.0.0.1', 'Mozilla/5.0 (Windows NT 10.0; Win64; x64) AppleWebKit/537.36 (KHTML, like Gecko) Chrome/65.0.3325.181 Safari/537.36'),
(128, 1, '2018-04-05 19:50:26', '127.0.0.1', 'Mozilla/5.0 (Windows NT 10.0; Win64; x64) AppleWebKit/537.36 (KHTML, like Gecko) Chrome/65.0.3325.181 Safari/537.36'),
(129, 1, '2018-04-05 22:37:21', '127.0.0.1', 'Mozilla/5.0 (Windows NT 10.0; Win64; x64) AppleWebKit/537.36 (KHTML, like Gecko) Chrome/65.0.3325.181 Safari/537.36'),
(130, 1, '2018-04-05 23:54:29', '186.176.248.61', 'Mozilla/5.0 (Windows NT 10.0; Win64; x64) AppleWebKit/537.36 (KHTML, like Gecko) Chrome/65.0.3325.181 Safari/537.36'),
(131, 1, '2018-04-07 17:09:15', '201.191.195.97', 'Mozilla/5.0 (Linux; Android 7.0; SAMSUNG SM-G950F Build/NRD90M) AppleWebKit/537.36 (KHTML, like Gecko) SamsungBrowser/6.4 Chrome/56.0.2924.87 Mobile Safari/537.36'),
(132, 18, '2018-04-09 05:42:44', '201.203.100.112', 'Mozilla/5.0 (Windows NT 10.0; Win64; x64) AppleWebKit/537.36 (KHTML, like Gecko) Chrome/65.0.3325.181 Safari/537.36'),
(133, 18, '2018-04-09 05:45:27', '201.203.100.112', 'Mozilla/5.0 (Windows NT 10.0; Win64; x64) AppleWebKit/537.36 (KHTML, like Gecko) Chrome/65.0.3325.181 Safari/537.36'),
(134, 18, '2018-04-09 10:34:24', '138.94.59.225', 'Mozilla/5.0 (Windows NT 10.0; Win64; x64) AppleWebKit/537.36 (KHTML, like Gecko) Chrome/65.0.3325.181 Safari/537.36'),
(135, 18, '2018-04-09 10:38:51', '138.94.59.225', 'Mozilla/5.0 (Windows NT 10.0; Win64; x64) AppleWebKit/537.36 (KHTML, like Gecko) Chrome/65.0.3325.181 Safari/537.36'),
(136, 1, '2018-04-13 11:24:54', '138.94.59.225', 'Mozilla/5.0 (Windows NT 10.0; Win64; x64) AppleWebKit/537.36 (KHTML, like Gecko) Chrome/65.0.3325.181 Safari/537.36'),
(137, 1, '2018-04-13 11:28:14', '186.176.249.136', 'Mozilla/5.0 (Macintosh; Intel Mac OS X 10_13_4) AppleWebKit/537.36 (KHTML, like Gecko) Chrome/65.0.3325.181 Safari/537.36'),
(138, 5, '2018-04-13 11:28:26', '186.176.249.136', 'Mozilla/5.0 (Macintosh; Intel Mac OS X 10_13_4) AppleWebKit/537.36 (KHTML, like Gecko) Chrome/65.0.3325.181 Safari/537.36'),
(139, 18, '2018-04-13 11:51:12', '138.94.59.225', 'Mozilla/5.0 (Windows NT 10.0; Win64; x64) AppleWebKit/537.36 (KHTML, like Gecko) Chrome/65.0.3325.181 Safari/537.36'),
(140, 1, '2018-04-13 12:23:12', '138.94.59.225', 'Mozilla/5.0 (Windows NT 10.0; Win64; x64) AppleWebKit/537.36 (KHTML, like Gecko) Chrome/65.0.3325.181 Safari/537.36'),
(141, 1, '2018-04-13 12:24:52', '138.94.59.225', 'Mozilla/5.0 (Windows NT 10.0; Win64; x64) AppleWebKit/537.36 (KHTML, like Gecko) Chrome/65.0.3325.181 Safari/537.36'),
(142, 1, '2018-04-13 12:53:35', '138.94.59.225', 'Mozilla/5.0 (Windows NT 10.0; Win64; x64) AppleWebKit/537.36 (KHTML, like Gecko) Chrome/65.0.3325.181 Safari/537.36'),
(143, 19, '2018-04-13 15:03:03', '138.94.59.225', 'Mozilla/5.0 (Windows NT 10.0; Win64; x64) AppleWebKit/537.36 (KHTML, like Gecko) Chrome/65.0.3325.181 Safari/537.36'),
(144, 19, '2018-04-13 15:42:05', '138.94.59.225', 'Mozilla/5.0 (Windows NT 10.0; Win64; x64) AppleWebKit/537.36 (KHTML, like Gecko) Chrome/65.0.3325.181 Safari/537.36'),
(145, 20, '2018-04-13 15:47:12', '138.94.59.225', 'Mozilla/5.0 (Windows NT 6.1; WOW64; Trident/7.0; rv:11.0) like Gecko'),
(146, 1, '2018-04-13 15:57:23', '186.176.249.136', 'Mozilla/5.0 (Macintosh; Intel Mac OS X 10_13_4) AppleWebKit/537.36 (KHTML, like Gecko) Chrome/65.0.3325.181 Safari/537.36'),
(147, 20, '2018-04-13 16:00:19', '186.176.249.136', 'Mozilla/5.0 (Macintosh; Intel Mac OS X 10_13_4) AppleWebKit/537.36 (KHTML, like Gecko) Chrome/65.0.3325.181 Safari/537.36'),
(148, 22, '2018-04-13 16:03:48', '186.176.249.136', 'Mozilla/5.0 (Macintosh; Intel Mac OS X 10_13_4) AppleWebKit/537.36 (KHTML, like Gecko) Chrome/65.0.3325.181 Safari/537.36'),
(149, 19, '2018-04-16 08:25:03', '138.94.59.225', 'Mozilla/5.0 (Windows NT 10.0; Win64; x64) AppleWebKit/537.36 (KHTML, like Gecko) Chrome/65.0.3325.181 Safari/537.36'),
(150, 1, '2018-04-16 10:06:52', '201.191.255.113', 'Mozilla/5.0 (Linux; Android 7.0; SAMSUNG SM-G950F Build/NRD90M) AppleWebKit/537.36 (KHTML, like Gecko) SamsungBrowser/6.4 Chrome/56.0.2924.87 Mobile Safari/537.36'),
(151, 24, '2018-04-16 10:11:17', '200.91.175.101', 'Mozilla/5.0 (Windows NT 10.0; Win64; x64) AppleWebKit/537.36 (KHTML, like Gecko) Chrome/65.0.3325.181 Safari/537.36'),
(152, 1, '2018-04-16 19:34:47', '186.177.155.150', 'Mozilla/5.0 (iPad; CPU OS 11_3 like Mac OS X) AppleWebKit/605.1.15 (KHTML, like Gecko) Version/11.0 Mobile/15E148 Safari/604.1'),
(153, 1, '2018-04-16 19:41:33', '186.177.155.150', 'Mozilla/5.0 (iPad; CPU OS 11_3 like Mac OS X) AppleWebKit/605.1.15 (KHTML, like Gecko) Version/11.0 Mobile/15E148 Safari/604.1'),
(154, 19, '2018-04-17 14:55:31', '138.94.59.225', 'Mozilla/5.0 (Windows NT 10.0; Win64; x64) AppleWebKit/537.36 (KHTML, like Gecko) Chrome/65.0.3325.181 Safari/537.36'),
(155, 24, '2018-04-19 11:08:43', '138.94.59.225', 'Mozilla/5.0 (Windows NT 10.0; Win64; x64) AppleWebKit/537.36 (KHTML, like Gecko) Chrome/65.0.3325.181 Safari/537.36'),
(156, 19, '2018-04-20 09:24:27', '138.94.59.225', 'Mozilla/5.0 (Windows NT 10.0; Win64; x64) AppleWebKit/537.36 (KHTML, like Gecko) Chrome/65.0.3325.181 Safari/537.36'),
(157, 19, '2018-04-23 10:36:34', '138.94.59.225', 'Mozilla/5.0 (Windows NT 10.0; Win64; x64) AppleWebKit/537.36 (KHTML, like Gecko) Chrome/65.0.3325.181 Safari/537.36'),
(158, 19, '2018-04-23 14:34:13', '138.94.59.225', 'Mozilla/5.0 (Windows NT 10.0; Win64; x64) AppleWebKit/537.36 (KHTML, like Gecko) Chrome/65.0.3325.181 Safari/537.36'),
(159, 24, '2018-04-24 12:47:48', '201.201.215.48', 'Mozilla/5.0 (Windows NT 10.0; Win64; x64) AppleWebKit/537.36 (KHTML, like Gecko) Chrome/65.0.3325.181 Safari/537.36'),
(160, 1, '2018-04-24 14:55:31', '186.177.155.150', 'Mozilla/5.0 (Windows NT 10.0; Win64; x64) AppleWebKit/537.36 (KHTML, like Gecko) Chrome/65.0.3325.181 Safari/537.36'),
(161, 19, '2018-04-24 17:02:37', '138.94.59.225', 'Mozilla/5.0 (Windows NT 10.0; Win64; x64) AppleWebKit/537.36 (KHTML, like Gecko) Chrome/65.0.3325.181 Safari/537.36'),
(162, 1, '2018-04-24 22:35:58', '186.177.155.150', 'Mozilla/5.0 (iPad; CPU OS 11_3 like Mac OS X) AppleWebKit/605.1.15 (KHTML, like Gecko) Version/11.0 Mobile/15E148 Safari/604.1'),
(163, 1, '2018-04-25 20:50:39', '186.176.250.93', 'Mozilla/5.0 (Windows NT 10.0; Win64; x64) AppleWebKit/537.36 (KHTML, like Gecko) Chrome/66.0.3359.117 Safari/537.36'),
(164, 1, '2018-04-26 08:59:51', '138.94.59.225', 'Mozilla/5.0 (Windows NT 10.0; Win64; x64) AppleWebKit/537.36 (KHTML, like Gecko) Chrome/65.0.3325.181 Safari/537.36'),
(165, 1, '2018-04-26 09:08:47', '138.94.59.225', 'Mozilla/5.0 (Windows NT 10.0; Win64; x64) AppleWebKit/537.36 (KHTML, like Gecko) Chrome/65.0.3325.181 Safari/537.36'),
(166, 1, '2018-04-26 21:33:20', '186.177.155.150', 'Mozilla/5.0 (iPad; CPU OS 11_3 like Mac OS X) AppleWebKit/605.1.15 (KHTML, like Gecko) Version/11.0 Mobile/15E148 Safari/604.1'),
(167, 1, '2018-04-26 22:00:33', '186.177.155.150', 'Mozilla/5.0 (iPad; CPU OS 11_3 like Mac OS X) AppleWebKit/605.1.15 (KHTML, like Gecko) Version/11.0 Mobile/15E148 Safari/604.1'),
(168, 1, '2018-04-27 14:52:54', '138.94.59.225', 'Mozilla/5.0 (Windows NT 10.0; Win64; x64) AppleWebKit/537.36 (KHTML, like Gecko) Chrome/65.0.3325.181 Safari/537.36'),
(169, 1, '2018-04-27 15:01:33', '201.194.199.72', 'Mozilla/5.0 (iPad; CPU OS 11_3 like Mac OS X) AppleWebKit/605.1.15 (KHTML, like Gecko) Version/11.0 Mobile/15E148 Safari/604.1'),
(170, 1, '2018-05-02 12:09:40', '138.94.59.225', 'Mozilla/5.0 (Windows NT 10.0; Win64; x64) AppleWebKit/537.36 (KHTML, like Gecko) Chrome/65.0.3325.181 Safari/537.36'),
(171, 24, '2018-05-03 06:32:40', '138.94.59.225', 'Mozilla/5.0 (Windows NT 10.0; Win64; x64) AppleWebKit/537.36 (KHTML, like Gecko) Chrome/66.0.3359.139 Safari/537.36'),
(172, 1, '2018-05-03 09:04:21', '138.94.59.225', 'Mozilla/5.0 (Windows NT 10.0; Win64; x64) AppleWebKit/537.36 (KHTML, like Gecko) Chrome/66.0.3359.139 Safari/537.36'),
(173, 1, '2018-05-03 09:09:11', '138.94.59.225', 'Mozilla/5.0 (Windows NT 10.0; Win64; x64) AppleWebKit/537.36 (KHTML, like Gecko) Chrome/66.0.3359.139 Safari/537.36'),
(174, 1, '2018-05-04 20:03:56', '186.177.155.150', 'Mozilla/5.0 (Windows NT 10.0; Win64; x64) AppleWebKit/537.36 (KHTML, like Gecko) Chrome/66.0.3359.139 Safari/537.36'),
(175, 1, '2018-05-05 14:56:16', '201.203.186.133', 'Mozilla/5.0 (Windows NT 10.0; Win64; x64) AppleWebKit/537.36 (KHTML, like Gecko) Chrome/66.0.3359.139 Safari/537.36'),
(176, 1, '2018-05-08 09:14:28', '138.94.59.225', 'Mozilla/5.0 (Windows NT 10.0; Win64; x64) AppleWebKit/537.36 (KHTML, like Gecko) Chrome/66.0.3359.139 Safari/537.36'),
(177, 1, '2018-05-08 14:17:07', '138.94.59.225', 'Mozilla/5.0 (Windows NT 10.0; Win64; x64) AppleWebKit/537.36 (KHTML, like Gecko) Chrome/66.0.3359.139 Safari/537.36'),
(178, 1, '2018-05-09 08:50:42', '138.94.59.225', 'Mozilla/5.0 (Windows NT 10.0; Win64; x64) AppleWebKit/537.36 (KHTML, like Gecko) Chrome/66.0.3359.139 Safari/537.36'),
(179, 1, '2018-05-10 08:59:13', '138.94.59.225', 'Mozilla/5.0 (Windows NT 10.0; Win64; x64) AppleWebKit/537.36 (KHTML, like Gecko) Chrome/66.0.3359.139 Safari/537.36'),
(180, 1, '2018-05-10 11:26:21', '138.94.59.225', 'Mozilla/5.0 (Windows NT 10.0; Win64; x64) AppleWebKit/537.36 (KHTML, like Gecko) Chrome/66.0.3359.139 Safari/537.36'),
(181, 1, '2018-05-10 15:24:30', '138.94.59.225', 'Mozilla/5.0 (Windows NT 10.0; Win64; x64) AppleWebKit/537.36 (KHTML, like Gecko) Chrome/66.0.3359.139 Safari/537.36'),
(182, 1, '2018-05-11 08:37:14', '138.94.59.225', 'Mozilla/5.0 (Windows NT 10.0; Win64; x64) AppleWebKit/537.36 (KHTML, like Gecko) Chrome/66.0.3359.139 Safari/537.36'),
(183, 1, '2018-05-11 15:40:51', '138.94.59.225', 'Mozilla/5.0 (Windows NT 10.0; Win64; x64) AppleWebKit/537.36 (KHTML, like Gecko) Chrome/66.0.3359.139 Safari/537.36'),
(184, 1, '2018-05-11 15:49:10', '138.94.59.225', 'Mozilla/5.0 (Windows NT 10.0; Win64; x64) AppleWebKit/537.36 (KHTML, like Gecko) Chrome/66.0.3359.139 Safari/537.36'),
(185, 1, '2018-05-15 13:52:50', '138.94.59.225', 'Mozilla/5.0 (Windows NT 10.0; Win64; x64) AppleWebKit/537.36 (KHTML, like Gecko) Chrome/66.0.3359.139 Safari/537.36'),
(186, 1, '2018-05-18 08:29:47', '138.94.59.225', 'Mozilla/5.0 (Windows NT 10.0; Win64; x64) AppleWebKit/537.36 (KHTML, like Gecko) Chrome/66.0.3359.181 Safari/537.36'),
(187, 1, '2018-05-18 08:35:47', '138.94.59.225', 'Mozilla/5.0 (Windows NT 10.0; Win64; x64) AppleWebKit/537.36 (KHTML, like Gecko) Chrome/66.0.3359.181 Safari/537.36'),
(188, 1, '2018-05-18 11:36:40', '138.94.59.225', 'Mozilla/5.0 (Windows NT 10.0; Win64; x64) AppleWebKit/537.36 (KHTML, like Gecko) Chrome/66.0.3359.181 Safari/537.36'),
(189, 1, '2018-05-22 14:22:45', '138.94.59.225', 'Mozilla/5.0 (Windows NT 10.0; Win64; x64) AppleWebKit/537.36 (KHTML, like Gecko) Chrome/66.0.3359.181 Safari/537.36'),
(190, 1, '2018-05-22 15:29:25', '159.89.202.49', 'Mozilla/5.0 (Windows NT 10.0; Win64; x64) AppleWebKit/537.36 (KHTML, like Gecko) Chrome/66.0.3359.181 Safari/537.36'),
(191, 1, '2018-05-23 08:30:24', '138.94.59.225', 'Mozilla/5.0 (Windows NT 10.0; Win64; x64) AppleWebKit/537.36 (KHTML, like Gecko) Chrome/66.0.3359.181 Safari/537.36'),
(192, 1, '2018-05-23 08:45:29', '138.94.59.225', 'Mozilla/5.0 (Windows NT 10.0; Win64; x64) AppleWebKit/537.36 (KHTML, like Gecko) Chrome/66.0.3359.181 Safari/537.36'),
(193, 1, '2018-05-23 13:22:48', '181.194.194.57', 'Mozilla/5.0 (Windows NT 10.0; Win64; x64) AppleWebKit/537.36 (KHTML, like Gecko) Chrome/66.0.3359.181 Safari/537.36'),
(194, 1, '2018-05-23 16:02:44', '138.94.59.225', 'Mozilla/5.0 (Windows NT 10.0; Win64; x64) AppleWebKit/537.36 (KHTML, like Gecko) Chrome/66.0.3359.181 Safari/537.36'),
(195, 1, '2018-05-24 14:11:51', '138.94.59.225', 'Mozilla/5.0 (Windows NT 10.0; Win64; x64) AppleWebKit/537.36 (KHTML, like Gecko) Chrome/66.0.3359.181 Safari/537.36'),
(196, 1, '2018-05-24 14:45:57', '201.191.199.196', 'Mozilla/5.0 (Windows NT 10.0; Win64; x64) AppleWebKit/537.36 (KHTML, like Gecko) Chrome/66.0.3359.181 Safari/537.36'),
(197, 1, '2018-05-24 15:09:55', '201.191.198.254', 'Mozilla/5.0 (Linux; Android 7.0; SAMSUNG SM-G950F Build/NRD90M) AppleWebKit/537.36 (KHTML, like Gecko) SamsungBrowser/6.4 Chrome/56.0.2924.87 Mobile Safari/537.36'),
(198, 1, '2018-05-24 15:17:01', '138.94.59.225', 'Mozilla/5.0 (Windows NT 6.1; Win64; x64) AppleWebKit/537.36 (KHTML, like Gecko) Chrome/66.0.3359.181 Safari/537.36'),
(199, 1, '2018-05-24 15:51:43', '186.177.155.150', 'Mozilla/5.0 (Windows NT 10.0; Win64; x64) AppleWebKit/537.36 (KHTML, like Gecko) Chrome/66.0.3359.181 Safari/537.36'),
(200, 1, '2018-05-25 10:01:09', '138.94.59.225', 'Mozilla/5.0 (Windows NT 10.0; Win64; x64) AppleWebKit/537.36 (KHTML, like Gecko) Chrome/66.0.3359.181 Safari/537.36'),
(201, 1, '2018-05-29 08:54:53', '138.94.59.225', 'Mozilla/5.0 (Windows NT 6.1; Win64; x64) AppleWebKit/537.36 (KHTML, like Gecko) Chrome/66.0.3359.181 Safari/537.36'),
(202, 1, '2018-05-29 14:42:53', '138.94.59.225', 'Mozilla/5.0 (Windows NT 6.1; Win64; x64) AppleWebKit/537.36 (KHTML, like Gecko) Chrome/66.0.3359.181 Safari/537.36'),
(203, 1, '2018-05-30 09:51:57', '138.94.59.225', 'Mozilla/5.0 (Windows NT 10.0; Win64; x64) AppleWebKit/537.36 (KHTML, like Gecko) Chrome/66.0.3359.181 Safari/537.36'),
(204, 1, '2018-05-31 17:10:09', '138.94.59.225', 'Mozilla/5.0 (Windows NT 6.1; Win64; x64) AppleWebKit/537.36 (KHTML, like Gecko) Chrome/66.0.3359.181 Safari/537.36'),
(205, 1, '2018-06-05 10:01:17', '138.94.59.225', 'Mozilla/5.0 (Windows NT 6.1; Win64; x64) AppleWebKit/537.36 (KHTML, like Gecko) Chrome/66.0.3359.181 Safari/537.36'),
(206, 1, '2018-06-07 15:06:47', '138.94.59.225', 'Mozilla/5.0 (Windows NT 10.0; Win64; x64) AppleWebKit/537.36 (KHTML, like Gecko) Chrome/66.0.3359.181 Safari/537.36'),
(207, 1, '2018-06-07 15:08:01', '138.94.59.225', 'Mozilla/5.0 (Windows NT 6.1; Win64; x64) AppleWebKit/537.36 (KHTML, like Gecko) Chrome/66.0.3359.181 Safari/537.36'),
(208, 1, '2018-06-08 10:02:45', '138.94.59.225', 'Mozilla/5.0 (Windows NT 6.1; Win64; x64) AppleWebKit/537.36 (KHTML, like Gecko) Chrome/66.0.3359.181 Safari/537.36'),
(209, 1, '2018-06-11 08:06:37', '186.96.86.14', 'Mozilla/5.0 (Windows NT 10.0; Win64; x64) AppleWebKit/537.36 (KHTML, like Gecko) Chrome/66.0.3359.181 Safari/537.36'),
(210, 1, '2018-06-12 09:50:56', '138.94.59.225', 'Mozilla/5.0 (Windows NT 6.1; Win64; x64) AppleWebKit/537.36 (KHTML, like Gecko) Chrome/67.0.3396.79 Safari/537.36'),
(211, 1, '2018-06-12 16:05:27', '138.94.59.225', 'Mozilla/5.0 (Windows NT 6.1; Win64; x64) AppleWebKit/537.36 (KHTML, like Gecko) Chrome/67.0.3396.79 Safari/537.36'),
(212, 1, '2018-06-14 17:48:45', '201.201.248.55', 'Mozilla/5.0 (Windows NT 10.0; Win64; x64) AppleWebKit/537.36 (KHTML, like Gecko) Chrome/66.0.3359.181 Safari/537.36'),
(213, 1, '2018-06-19 07:57:53', '201.207.246.27', 'Mozilla/5.0 (Windows NT 6.1; Win64; x64) AppleWebKit/537.36 (KHTML, like Gecko) Chrome/67.0.3396.87 Safari/537.36'),
(214, 1, '2018-06-20 15:10:18', '138.94.59.225', 'Mozilla/5.0 (Windows NT 6.1; Win64; x64) AppleWebKit/537.36 (KHTML, like Gecko) Chrome/67.0.3396.87 Safari/537.36'),
(215, 1, '2018-06-26 08:48:52', '138.94.59.225', 'Mozilla/5.0 (Windows NT 6.1; Win64; x64) AppleWebKit/537.36 (KHTML, like Gecko) Chrome/67.0.3396.87 Safari/537.36'),
(216, 1, '2018-06-29 09:58:39', '138.94.59.225', 'Mozilla/5.0 (Windows NT 6.1; Win64; x64) AppleWebKit/537.36 (KHTML, like Gecko) Chrome/67.0.3396.99 Safari/537.36'),
(217, 1, '2018-07-13 18:52:42', '201.191.199.252', 'Mozilla/5.0 (Windows NT 10.0; Win64; x64) AppleWebKit/537.36 (KHTML, like Gecko) Chrome/67.0.3396.99 Safari/537.36'),
(218, 1, '2018-07-18 21:05:30', '186.177.155.150', 'Mozilla/5.0 (Windows NT 10.0; Win64; x64) AppleWebKit/537.36 (KHTML, like Gecko) Chrome/67.0.3396.99 Safari/537.36'),
(219, 1, '2018-07-18 21:08:12', '186.177.155.150', 'Mozilla/5.0 (Windows NT 10.0; Win64; x64) AppleWebKit/537.36 (KHTML, like Gecko) Chrome/67.0.3396.99 Safari/537.36'),
(220, 1, '2018-07-20 07:54:50', '201.205.146.20', 'Mozilla/5.0 (Windows NT 6.1; Win64; x64) AppleWebKit/537.36 (KHTML, like Gecko) Chrome/67.0.3396.99 Safari/537.36'),
(221, 1, '2018-07-21 17:11:51', '201.193.171.163', 'Mozilla/5.0 (Windows NT 10.0; Win64; x64) AppleWebKit/537.36 (KHTML, like Gecko) Chrome/67.0.3396.99 Safari/537.36'),
(222, 1, '2018-07-27 00:32:27', '186.176.248.75', 'Mozilla/5.0 (Windows NT 10.0; Win64; x64) AppleWebKit/537.36 (KHTML, like Gecko) Chrome/67.0.3396.99 Safari/537.36'),
(223, 1, '2018-07-30 22:40:02', '186.176.250.50', 'Mozilla/5.0 (Windows NT 10.0; Win64; x64) AppleWebKit/537.36 (KHTML, like Gecko) Chrome/67.0.3396.99 Safari/537.36'),
(224, 1, '2018-08-01 14:20:50', '181.194.86.244', 'Mozilla/5.0 (Windows NT 10.0; Win64; x64) AppleWebKit/537.36 (KHTML, like Gecko) Chrome/67.0.3396.99 Safari/537.36'),
(225, 1, '2018-08-02 13:10:07', '186.176.250.50', 'Mozilla/5.0 (Linux; Android 8.0.0; SM-G935F Build/R16NW) AppleWebKit/537.36 (KHTML, like Gecko) Chrome/67.0.3396.87 Mobile Safari/537.36'),
(226, 1, '2018-08-02 15:42:23', '186.176.250.50', 'Mozilla/5.0 (Linux; Android 8.0.0; SM-G935F Build/R16NW) AppleWebKit/537.36 (KHTML, like Gecko) Chrome/67.0.3396.87 Mobile Safari/537.36'),
(227, 1, '2018-08-05 23:20:34', '186.177.155.150', 'Mozilla/5.0 (Linux; Android 8.0; SAMSUNG SM-G950F Build/R16NW) AppleWebKit/537.36 (KHTML, like Gecko) SamsungBrowser/6.4 Chrome/56.0.2924.87 Mobile Safari/537.36'),
(228, 1, '2018-08-08 15:29:41', '181.194.73.101', 'Mozilla/5.0 (Windows NT 6.1; Win64; x64) AppleWebKit/537.36 (KHTML, like Gecko) Chrome/68.0.3440.84 Safari/537.36'),
(229, 1, '2018-08-15 16:08:34', '186.176.248.132', 'Mozilla/5.0 (Windows NT 10.0; Win64; x64) AppleWebKit/537.36 (KHTML, like Gecko) Chrome/68.0.3440.106 Safari/537.36'),
(230, 1, '2018-08-31 16:17:44', '201.202.253.111', 'Mozilla/5.0 (Windows NT 6.1; Win64; x64) AppleWebKit/537.36 (KHTML, like Gecko) Chrome/68.0.3440.106 Safari/537.36'),
(231, 1, '2018-08-31 16:20:09', '201.202.253.111', 'Mozilla/5.0 (Windows NT 6.1; Win64; x64) AppleWebKit/537.36 (KHTML, like Gecko) Chrome/68.0.3440.106 Safari/537.36'),
(232, 1, '2018-09-03 13:28:26', '201.202.253.111', 'Mozilla/5.0 (Windows NT 6.1; Win64; x64) AppleWebKit/537.36 (KHTML, like Gecko) Chrome/68.0.3440.106 Safari/537.36'),
(233, 1, '2018-09-03 13:32:40', '201.202.253.111', 'Mozilla/5.0 (Windows NT 6.1; Win64; x64) AppleWebKit/537.36 (KHTML, like Gecko) Chrome/68.0.3440.106 Safari/537.36'),
(234, 1, '2018-09-10 16:50:37', '201.202.253.111', 'Mozilla/5.0 (iPad; CPU OS 11_4_1 like Mac OS X) AppleWebKit/605.1.15 (KHTML, like Gecko) Version/11.0 Mobile/15E148 Safari/604.1'),
(235, 1, '2018-09-10 18:43:27', '186.177.155.150', 'Mozilla/5.0 (Windows NT 10.0; Win64; x64) AppleWebKit/537.36 (KHTML, like Gecko) Chrome/68.0.3440.106 Safari/537.36'),
(236, 1, '2018-09-11 09:23:06', '201.194.200.61', 'Mozilla/5.0 (Windows NT 6.1; Win64; x64) AppleWebKit/537.36 (KHTML, like Gecko) Chrome/68.0.3440.106 Safari/537.36'),
(237, 1, '2018-09-11 09:23:06', '201.194.200.61', 'Mozilla/5.0 (Windows NT 6.1; Win64; x64) AppleWebKit/537.36 (KHTML, like Gecko) Chrome/68.0.3440.106 Safari/537.36'),
(238, 1, '2018-09-11 10:33:23', '201.194.200.61', 'Mozilla/5.0 (Windows NT 10.0; Win64; x64) AppleWebKit/537.36 (KHTML, like Gecko) Chrome/68.0.3440.106 Safari/537.36'),
(239, 1, '2018-09-11 16:36:35', '186.179.73.114', 'Mozilla/5.0 (Windows NT 10.0; Win64; x64) AppleWebKit/537.36 (KHTML, like Gecko) Chrome/68.0.3440.106 Safari/537.36'),
(240, 1, '2018-09-11 16:36:37', '186.179.73.114', 'Mozilla/5.0 (Windows NT 10.0; Win64; x64) AppleWebKit/537.36 (KHTML, like Gecko) Chrome/68.0.3440.106 Safari/537.36'),
(241, 1, '2018-09-13 09:34:53', '201.202.253.111', 'Mozilla/5.0 (Windows NT 10.0; Win64; x64) AppleWebKit/537.36 (KHTML, like Gecko) Chrome/68.0.3440.106 Safari/537.36'),
(242, 1, '2018-09-13 11:07:24', '201.202.253.111', 'Mozilla/5.0 (Windows NT 10.0; Win64; x64) AppleWebKit/537.36 (KHTML, like Gecko) Chrome/68.0.3440.106 Safari/537.36'),
(243, 1, '2018-09-13 11:08:55', '201.202.253.111', 'Mozilla/5.0 (Windows NT 10.0; Win64; x64) AppleWebKit/537.36 (KHTML, like Gecko) Chrome/68.0.3440.106 Safari/537.36'),
(244, 1, '2018-09-14 13:37:15', '201.202.253.111', 'Mozilla/5.0 (Windows NT 10.0; Win64; x64) AppleWebKit/537.36 (KHTML, like Gecko) Chrome/68.0.3440.106 Safari/537.36'),
(245, 1, '2018-09-14 14:23:00', '201.202.253.111', 'Mozilla/5.0 (Windows NT 6.1; Win64; x64) AppleWebKit/537.36 (KHTML, like Gecko) Chrome/68.0.3440.106 Safari/537.36'),
(246, 1, '2018-09-14 16:07:11', '201.202.253.111', 'Mozilla/5.0 (Windows NT 10.0; Win64; x64) AppleWebKit/537.36 (KHTML, like Gecko) Chrome/68.0.3440.106 Safari/537.36'),
(247, 1, '2018-09-14 20:02:08', '186.177.155.150', 'Mozilla/5.0 (Windows NT 10.0; Win64; x64) AppleWebKit/537.36 (KHTML, like Gecko) Chrome/68.0.3440.106 Safari/537.36'),
(248, 1, '2018-10-18 08:15:38', '201.202.253.111', 'Mozilla/5.0 (Windows NT 6.1; Win64; x64) AppleWebKit/537.36 (KHTML, like Gecko) Chrome/69.0.3497.100 Safari/537.36'),
(249, 1, '2018-10-20 09:13:11', '186.177.155.150', 'Mozilla/5.0 (Windows NT 10.0; Win64; x64) AppleWebKit/537.36 (KHTML, like Gecko) Chrome/69.0.3497.100 Safari/537.36'),
(250, 1, '2018-10-20 09:51:29', '190.113.111.5', 'Mozilla/5.0 (Windows NT 6.1; Win64; x64) AppleWebKit/537.36 (KHTML, like Gecko) Chrome/69.0.3497.100 Safari/537.36'),
(251, 1, '2018-10-22 09:57:19', '201.202.253.111', 'Mozilla/5.0 (Windows NT 10.0; Win64; x64) AppleWebKit/537.36 (KHTML, like Gecko) Chrome/69.0.3497.100 Safari/537.36'),
(252, 1, '2018-10-23 09:28:29', '201.202.253.111', 'Mozilla/5.0 (Windows NT 10.0; Win64; x64) AppleWebKit/537.36 (KHTML, like Gecko) Chrome/69.0.3497.100 Safari/537.36'),
(253, 1, '2018-10-23 11:27:38', '201.202.253.111', 'Mozilla/5.0 (Windows NT 10.0; Win64; x64) AppleWebKit/537.36 (KHTML, like Gecko) Chrome/69.0.3497.100 Safari/537.36'),
(254, 1, '2018-10-23 14:45:44', '201.202.253.111', 'Mozilla/5.0 (Windows NT 10.0; Win64; x64) AppleWebKit/537.36 (KHTML, like Gecko) Chrome/69.0.3497.100 Safari/537.36'),
(255, 1, '2018-10-23 16:01:34', '201.202.253.111', 'Mozilla/5.0 (Windows NT 10.0; Win64; x64) AppleWebKit/537.36 (KHTML, like Gecko) Chrome/69.0.3497.100 Safari/537.36');

-- --------------------------------------------------------

--
-- Estructura de tabla para la tabla `usuario_colaborador`
--

CREATE TABLE `usuario_colaborador` (
  `usuario_colaborador_id` int(11) NOT NULL,
  `usuario_id` int(11) NOT NULL,
  `colaborador_id` int(11) NOT NULL
) ENGINE=InnoDB DEFAULT CHARSET=utf8 COLLATE=utf8_spanish_ci;

--
-- Volcado de datos para la tabla `usuario_colaborador`
--

INSERT INTO `usuario_colaborador` (`usuario_colaborador_id`, `usuario_id`, `colaborador_id`) VALUES
(1, 5, 1),
(2, 6, 2),
(3, 7, 3),
(4, 8, 4),
(5, 3, 5),
(6, 10, 10),
(7, 11, 11),
(8, 12, 12),
(9, 13, 13),
(10, 14, 14),
(11, 15, 17),
(12, 16, 18),
(13, 17, 20),
(14, 18, 22),
(15, 20, 23),
(16, 21, 24),
(17, 23, 25),
(18, 25, 34);

-- --------------------------------------------------------

--
-- Estructura de tabla para la tabla `usuario_detalle`
--

CREATE TABLE `usuario_detalle` (
  `usuario_detalle_id` int(11) NOT NULL,
  `usuario_id` int(11) NOT NULL,
  `nombre` varchar(50) COLLATE utf8_spanish_ci NOT NULL,
  `apellidos` varchar(50) COLLATE utf8_spanish_ci NOT NULL,
  `correo_electronico` varchar(100) COLLATE utf8_spanish_ci NOT NULL
) ENGINE=InnoDB DEFAULT CHARSET=utf8 COLLATE=utf8_spanish_ci ROW_FORMAT=COMPACT;

--
-- Volcado de datos para la tabla `usuario_detalle`
--

INSERT INTO `usuario_detalle` (`usuario_detalle_id`, `usuario_id`, `nombre`, `apellidos`, `correo_electronico`) VALUES
(1, 1, 'Arlen', 'Loaiza', 'info@instateccr.com'),
(2, 2, 'Keylor', 'Mora', 'khmg13@gmail.com'),
(3, 3, 'Keylor Humberto', 'Mora Garro', 'keylor@orbelink.com'),
(5, 5, 'Fabiola', 'Chaves', 'fabiola@instateccr.com'),
(6, 6, 'Asistente', 'Instatec', 'asistente1@instateccr.com'),
(7, 7, 'Asistente 2', 'Instatec', 'asistente2@instateccr.com'),
(8, 8, 'Asistente 3', 'Instatec', 'asistente34@instateccr.com'),
(10, 10, 'Yerson', 'Mora', 'yerson@instateccr.com'),
(11, 11, 'Milady', 'Garro', 'milady@instateccr.com'),
(12, 12, 'Milady', 'Garro', 'milady@instateccr.com'),
(13, 13, 'Milady', 'Garro', 'milady@instateccr.com'),
(14, 14, 'Meilyn', 'Garro', 'mgarro@instateccr.com'),
(15, 15, 'Luis', 'Vargas', 'luis.vargas@instatec.com'),
(16, 16, 'Jose', 'Campos', 'josec@instatec.com'),
(17, 17, 'Jose', 'Perez', 'josep@instateccr.com'),
(18, 18, 'Auxiliadora ', 'Cervantes Calderón ', 'auxiliadora@instateccr.com'),
(19, 19, 'ERICK', 'LOAIZA SOTO', 'erick@instateccr.com'),
(20, 20, 'Mónica  ', 'Quesada Vargas', 'moni_q25@hotmail.com'),
(21, 21, 'EDWARD', 'LOAIZA SOTO', 'loaizasotoe@gmail.com'),
(22, 22, 'NELSON', 'ARGUELLO RAMIREZ', 'nelson@instateccr.com'),
(23, 23, 'ROLANDO ', 'LOAIZA SOTO', 'rolando@instateccr.com'),
(24, 24, 'Auxiliadora ', 'Cervantes Calderón ', 'auxiliadora@instateccr.com'),
(25, 25, 'RONNY', 'LOAIZA', 'rony@instateccr.com');

-- --------------------------------------------------------

--
-- Estructura de tabla para la tabla `usuario_estado`
--

CREATE TABLE `usuario_estado` (
  `estado_id` int(11) NOT NULL,
  `estado` varchar(30) COLLATE utf8_spanish_ci NOT NULL
) ENGINE=InnoDB DEFAULT CHARSET=utf8 COLLATE=utf8_spanish_ci;

--
-- Volcado de datos para la tabla `usuario_estado`
--

INSERT INTO `usuario_estado` (`estado_id`, `estado`) VALUES
(1, 'activo'),
(2, 'inactivo');

-- --------------------------------------------------------

--
-- Estructura de tabla para la tabla `usuario_rol`
--

CREATE TABLE `usuario_rol` (
  `rol_id` int(11) NOT NULL,
  `rol` varchar(30) COLLATE utf8_spanish_ci NOT NULL,
  `rol_name` varchar(50) COLLATE utf8_spanish_ci NOT NULL
) ENGINE=InnoDB DEFAULT CHARSET=utf8 COLLATE=utf8_spanish_ci;

--
-- Volcado de datos para la tabla `usuario_rol`
--

INSERT INTO `usuario_rol` (`rol_id`, `rol`, `rol_name`) VALUES
(1, 'administrador', 'Administrador'),
(2, 'asistente', 'Asistente'),
(3, 'jefe_proyecto', 'Jefe de proyecto'),
(4, 'colaborador', 'Colaborador');

-- --------------------------------------------------------

--
-- Estructura de tabla para la tabla `usuario_rol_permiso`
--

CREATE TABLE `usuario_rol_permiso` (
  `usuario_rol_permiso_id` int(11) NOT NULL,
  `usuario_rol_id` int(11) NOT NULL,
  `modulo` varchar(50) COLLATE utf8_spanish_ci NOT NULL,
  `funcion` varchar(50) COLLATE utf8_spanish_ci NOT NULL,
  `estado_permiso` int(1) NOT NULL
) ENGINE=InnoDB DEFAULT CHARSET=utf8 COLLATE=utf8_spanish_ci;

--
-- Volcado de datos para la tabla `usuario_rol_permiso`
--

INSERT INTO `usuario_rol_permiso` (`usuario_rol_permiso_id`, `usuario_rol_id`, `modulo`, `funcion`, `estado_permiso`) VALUES
(1, 1, 'proyecto', 'create', 1),
(2, 1, 'proyecto', 'view', 1),
(3, 1, 'proyecto', 'edit', 1),
(4, 1, 'proyecto', 'delete', 1),
(5, 1, 'proyecto', 'list', 1),
(6, 1, 'cliente', 'create', 1),
(7, 1, 'cliente', 'view', 1),
(8, 1, 'cliente', 'edit', 1),
(9, 1, 'cliente', 'delete', 1),
(10, 1, 'cliente', 'list', 1),
(11, 1, 'proveedor', 'create', 1),
(12, 1, 'proveedor', 'view', 1),
(13, 1, 'proveedor', 'edit', 1),
(14, 1, 'proveedor', 'delete', 1),
(15, 1, 'proveedor', 'list', 1),
(16, 1, 'proyecto_extensiones', 'create', 1),
(17, 1, 'proyecto_extensiones', 'view', 1),
(18, 1, 'proyecto_extensiones', 'edit', 1),
(19, 1, 'proyecto_extensiones', 'list', 1),
(20, 1, 'proyecto_extensiones', 'delete', 1),
(21, 1, 'proyecto_gastos', 'create', 1),
(22, 1, 'proyecto_gastos', 'view', 1),
(23, 1, 'proyecto_gastos', 'edit', 1),
(24, 1, 'proyecto_gastos', 'delete', 1),
(25, 1, 'proyecto_gastos', 'list', 1),
(26, 1, 'reporte', 'list', 1),
(27, 1, 'reporte_proyecto_especifico', 'view', 1),
(28, 1, 'usuario', 'create', 1),
(29, 1, 'usuario', 'view', 1),
(30, 1, 'usuario', 'edit', 1),
(31, 1, 'usuario', 'delete', 1),
(32, 1, 'usuario', 'list', 1),
(33, 2, 'proyecto', 'create', 0),
(34, 2, 'proyecto', 'view', 1),
(35, 2, 'proyecto', 'edit', 0),
(36, 2, 'proyecto', 'delete', 0),
(37, 2, 'proyecto', 'list', 1),
(38, 2, 'cliente', 'create', 0),
(39, 2, 'cliente', 'view', 1),
(40, 2, 'cliente', 'edit', 0),
(41, 2, 'cliente', 'delete', 0),
(42, 2, 'cliente', 'list', 1),
(43, 2, 'proveedor', 'create', 0),
(44, 2, 'proveedor', 'view', 1),
(45, 2, 'proveedor', 'edit', 0),
(46, 2, 'proveedor', 'delete', 0),
(47, 2, 'proveedor', 'list', 1),
(48, 2, 'proyecto_extensiones', 'create', 0),
(49, 2, 'proyecto_extensiones', 'view', 0),
(50, 2, 'proyecto_extensiones', 'edit', 0),
(51, 2, 'proyecto_extensiones', 'list', 0),
(52, 2, 'proyecto_extensiones', 'delete', 0),
(53, 2, 'proyecto_gastos', 'create', 1),
(54, 2, 'proyecto_gastos', 'view', 1),
(55, 2, 'proyecto_gastos', 'edit', 1),
(56, 2, 'proyecto_gastos', 'delete', 0),
(57, 2, 'proyecto_gastos', 'list', 1),
(58, 2, 'reporte', 'list', 1),
(59, 2, 'reporte_proyecto_especifico', 'view', 0),
(60, 2, 'usuario', 'create', 1),
(61, 2, 'usuario', 'view', 1),
(62, 2, 'usuario', 'edit', 1),
(63, 2, 'usuario', 'delete', 0),
(64, 2, 'usuario', 'list', 1),
(65, 2, 'proyecto', 'create', 0),
(66, 3, 'proyecto', 'view', 1),
(67, 3, 'proyecto', 'edit', 0),
(68, 3, 'proyecto', 'delete', 0),
(69, 3, 'proyecto', 'list', 1),
(70, 3, 'cliente', 'create', 0),
(71, 3, 'cliente', 'view', 0),
(72, 3, 'cliente', 'edit', 0),
(73, 3, 'cliente', 'delete', 0),
(74, 3, 'cliente', 'list', 0),
(75, 3, 'proveedor', 'create', 0),
(76, 3, 'proveedor', 'view', 0),
(77, 3, 'proveedor', 'edit', 0),
(78, 3, 'proveedor', 'delete', 0),
(79, 3, 'proveedor', 'list', 0),
(80, 3, 'proyecto_extensiones', 'create', 0),
(81, 3, 'proyecto_extensiones', 'view', 0),
(82, 3, 'proyecto_extensiones', 'edit', 0),
(83, 3, 'proyecto_extensiones', 'list', 0),
(84, 3, 'proyecto_extensiones', 'delete', 0),
(85, 3, 'proyecto_gastos', 'create', 0),
(86, 3, 'proyecto_gastos', 'view', 0),
(87, 3, 'proyecto_gastos', 'edit', 0),
(88, 3, 'proyecto_gastos', 'delete', 0),
(89, 3, 'proyecto_gastos', 'list', 0),
(90, 3, 'reporte', 'list', 0),
(91, 3, 'reporte_proyecto_especifico', 'view', 0),
(92, 3, 'usuario', 'create', 0),
(93, 3, 'usuario', 'view', 0),
(94, 3, 'usuario', 'edit', 0),
(95, 3, 'usuario', 'delete', 0),
(96, 3, 'usuario', 'list', 0),
(97, 4, 'proyecto', 'create', 0),
(98, 4, 'proyecto', 'view', 0),
(99, 4, 'proyecto', 'edit', 0),
(100, 4, 'proyecto', 'delete', 0),
(101, 4, 'proyecto', 'list', 0),
(102, 4, 'cliente', 'create', 0),
(103, 4, 'cliente', 'view', 0),
(104, 4, 'cliente', 'edit', 0),
(105, 4, 'cliente', 'delete', 0),
(106, 4, 'cliente', 'list', 0),
(107, 4, 'proveedor', 'create', 0),
(108, 4, 'proveedor', 'view', 0),
(109, 4, 'proveedor', 'edit', 0),
(110, 4, 'proveedor', 'delete', 0),
(111, 4, 'proveedor', 'list', 0),
(112, 4, 'proyecto_extensiones', 'create', 0),
(113, 4, 'proyecto_extensiones', 'view', 0),
(114, 4, 'proyecto_extensiones', 'edit', 0),
(115, 4, 'proyecto_extensiones', 'list', 0),
(116, 4, 'proyecto_extensiones', 'delete', 0),
(117, 4, 'proyecto_gastos', 'create', 0),
(118, 4, 'proyecto_gastos', 'view', 0),
(119, 4, 'proyecto_gastos', 'edit', 0),
(120, 4, 'proyecto_gastos', 'delete', 0),
(121, 4, 'proyecto_gastos', 'list', 0),
(122, 4, 'reporte', 'list', 0),
(123, 4, 'reporte_proyecto_especifico', 'view', 0),
(124, 4, 'usuario', 'create', 0),
(125, 4, 'usuario', 'view', 0),
(126, 4, 'usuario', 'edit', 0),
(127, 4, 'usuario', 'delete', 0),
(128, 4, 'usuario', 'list', 0),
(129, 1, 'colaborador', 'create', 1),
(130, 1, 'colaborador', 'view', 1),
(131, 1, 'colaborador', 'edit', 1),
(132, 1, 'colaborador', 'delete', 1),
(133, 1, 'colaborador', 'list', 1),
(134, 2, 'colaborador', 'create', 1),
(135, 2, 'colaborador', 'view', 1),
(136, 2, 'colaborador', 'edit', 1),
(137, 2, 'colaborador', 'delete', 1),
(138, 2, 'colaborador', 'list', 1),
(139, 3, 'colaborador', 'create', 0),
(140, 3, 'colaborador', 'view', 0),
(141, 3, 'colaborador', 'edit', 0),
(142, 3, 'colaborador', 'delete', 0),
(143, 3, 'colaborador', 'list', 0),
(144, 4, 'colaborador', 'create', 0),
(145, 4, 'colaborador', 'view', 0),
(146, 4, 'colaborador', 'edit', 0),
(147, 4, 'colaborador', 'delete', 0),
(148, 4, 'colaborador', 'list', 0),
(149, 1, 'proyecto_colaboradores', 'view', 1),
(150, 1, 'proyecto_colaboradores', 'edit', 1),
(151, 1, 'proyecto_colaboradores_tiempo', 'edit', 1),
(152, 2, 'proyecto_colaboradores', 'view', 1),
(153, 2, 'proyecto_colaboradores', 'edit', 1),
(154, 2, 'proyecto_colaboradores_tiempo', 'edit', 1),
(155, 3, 'proyecto_colaboradores', 'view', 1),
(156, 3, 'proyecto_colaboradores', 'edit', 0),
(157, 3, 'proyecto_colaboradores_tiempo', 'edit', 1),
(158, 1, 'reporte_horas_por_trabajador', 'list', 1),
(159, 2, 'reporte_horas_por_trabajador', 'list', 1),
(160, 3, 'reporte_horas_por_trabajador', 'list', 0),
(161, 4, 'reporte_horas_por_trabajador', 'list', 0),
(162, 1, 'reporte_horas_por_trabajador', 'view', 1),
(163, 2, 'reporte_horas_por_trabajador', 'view', 1),
(164, 3, 'reporte_horas_por_trabajador', 'view', 0),
(165, 4, 'reporte_horas_por_trabajador', 'view', 0),
(166, 1, 'reporte_horas_por_proyecto', 'list', 1),
(167, 2, 'reporte_horas_por_proyecto', 'list', 1),
(168, 3, 'reporte_horas_por_proyecto', 'list', 0),
(169, 4, 'reporte_horas_por_proyecto', 'list', 0),
(170, 1, 'reporte_horas_por_proyecto', 'view', 1),
(171, 2, 'reporte_horas_por_proyecto', 'view', 1),
(172, 3, 'reporte_horas_por_proyecto', 'view', 0),
(173, 4, 'reporte_horas_por_proyecto', 'view', 0),
(174, 1, 'reporte_proyecto_general', 'list', 1),
(175, 2, 'reporte_proyecto_general', 'list', 0),
(176, 3, 'reporte_proyecto_general', 'list', 0),
(177, 4, 'reporte_proyecto_general', 'list', 0),
(178, 1, 'reporte_proyecto_general', 'view', 1),
(179, 2, 'reporte_proyecto_general', 'view', 0),
(180, 3, 'reporte_proyecto_general', 'view', 0),
(181, 4, 'reporte_proyecto_general', 'view', 0),
(182, 1, 'reporte_gastos_materiales_proyectos', 'list', 1),
(183, 2, 'reporte_gastos_materiales_proyectos', 'list', 1),
(184, 3, 'reporte_gastos_materiales_proyectos', 'list', 0),
(185, 4, 'reporte_gastos_materiales_proyectos', 'list', 0),
(186, 1, 'reporte_gastos_materiales_proyectos', 'view', 1),
(187, 2, 'reporte_gastos_materiales_proyectos', 'view', 1),
(188, 3, 'reporte_gastos_materiales_proyectos', 'view', 0),
(189, 4, 'reporte_gastos_materiales_proyectos', 'view', 0),
(190, 1, 'colaborador_puestos', 'create', 1),
(191, 1, 'colaborador_puestos', 'view', 1),
(192, 1, 'colaborador_puestos', 'edit', 1),
(193, 1, 'colaborador_puestos', 'delete', 1),
(194, 1, 'colaborador_puestos', 'list', 1),
(195, 2, 'colaborador_puestos', 'create', 1),
(196, 2, 'colaborador_puestos', 'view', 1),
(197, 2, 'colaborador_puestos', 'edit', 1),
(198, 2, 'colaborador_puestos', 'delete', 1),
(199, 2, 'colaborador_puestos', 'list', 1),
(200, 3, 'colaborador_puestos', 'create', 0),
(201, 3, 'colaborador_puestos', 'view', 0),
(202, 3, 'colaborador_puestos', 'edit', 0),
(203, 3, 'colaborador_puestos', 'delete', 0),
(204, 3, 'colaborador_puestos', 'list', 0),
(205, 4, 'colaborador_puestos', 'create', 0),
(206, 4, 'colaborador_puestos', 'view', 0),
(207, 4, 'colaborador_puestos', 'edit', 0),
(208, 4, 'colaborador_puestos', 'delete', 0),
(209, 4, 'colaborador_puestos', 'list', 0),
(210, 1, 'configuracion', 'list', 1),
(211, 2, 'configuracion', 'list', 1),
(212, 3, 'configuracion', 'list', 0),
(213, 4, 'configuracion', 'list', 0),
(214, 1, 'proyecto_tipos_orden_cambio', 'create', 1),
(215, 1, 'proyecto_tipos_orden_cambio', 'view', 1),
(216, 1, 'proyecto_tipos_orden_cambio', 'edit', 1),
(217, 1, 'proyecto_tipos_orden_cambio', 'delete', 1),
(218, 1, 'proyecto_tipos_orden_cambio', 'list', 1),
(219, 2, 'proyecto_tipos_orden_cambio', 'create', 1),
(220, 2, 'proyecto_tipos_orden_cambio', 'view', 1),
(221, 2, 'proyecto_tipos_orden_cambio', 'edit', 1),
(222, 2, 'proyecto_tipos_orden_cambio', 'delete', 1),
(223, 2, 'proyecto_tipos_orden_cambio', 'list', 1),
(224, 3, 'proyecto_tipos_orden_cambio', 'create', 0),
(225, 3, 'proyecto_tipos_orden_cambio', 'view', 0),
(226, 3, 'proyecto_tipos_orden_cambio', 'edit', 0),
(227, 3, 'proyecto_tipos_orden_cambio', 'delete', 0),
(228, 3, 'proyecto_tipos_orden_cambio', 'list', 0),
(229, 4, 'proyecto_tipos_orden_cambio', 'create', 0),
(230, 4, 'proyecto_tipos_orden_cambio', 'view', 0),
(231, 4, 'proyecto_tipos_orden_cambio', 'edit', 0),
(232, 4, 'proyecto_tipos_orden_cambio', 'delete', 0),
(233, 4, 'proyecto_tipos_orden_cambio', 'list', 0),
(234, 1, 'material', 'create', 1),
(235, 1, 'material', 'view', 1),
(236, 1, 'material', 'edit', 1),
(237, 1, 'material', 'delete', 1),
(238, 1, 'material', 'list', 1),
(239, 2, 'material', 'create', 1),
(240, 2, 'material', 'view', 1),
(241, 2, 'material', 'edit', 1),
(242, 2, 'material', 'delete', 1),
(243, 2, 'material', 'list', 1),
(244, 3, 'material', 'create', 0),
(245, 3, 'material', 'view', 0),
(246, 3, 'material', 'edit', 0),
(247, 3, 'material', 'delete', 0),
(248, 3, 'material', 'list', 0),
(249, 4, 'material', 'create', 0),
(250, 4, 'material', 'view', 0),
(251, 4, 'material', 'edit', 0),
(252, 4, 'material', 'delete', 0),
(253, 4, 'material', 'list', 0),
(254, 1, 'material_unidad', 'create', 1),
(255, 1, 'material_unidad', 'view', 1),
(256, 1, 'material_unidad', 'edit', 1),
(257, 1, 'material_unidad', 'delete', 1),
(258, 1, 'material_unidad', 'list', 1),
(259, 2, 'material_unidad', 'create', 1),
(260, 2, 'material_unidad', 'view', 1),
(261, 2, 'material_unidad', 'edit', 1),
(262, 2, 'material_unidad', 'delete', 1),
(263, 2, 'material_unidad', 'list', 1),
(264, 3, 'material_unidad', 'create', 0),
(265, 3, 'material_unidad', 'view', 0),
(266, 3, 'material_unidad', 'edit', 0),
(267, 3, 'material_unidad', 'delete', 0),
(268, 3, 'material_unidad', 'list', 0),
(269, 4, 'material_unidad', 'create', 0),
(270, 4, 'material_unidad', 'view', 0),
(271, 4, 'material_unidad', 'edit', 0),
(272, 4, 'material_unidad', 'delete', 0),
(273, 4, 'material_unidad', 'list', 0),
(274, 1, 'proyecto_materiales', 'create', 1),
(275, 1, 'proyecto_materiales', 'view', 1),
(276, 1, 'proyecto_materiales', 'edit', 1),
(277, 1, 'proyecto_materiales', 'delete', 1),
(278, 1, 'proyecto_materiales', 'list', 1),
(279, 2, 'proyecto_materiales', 'create', 1),
(280, 2, 'proyecto_materiales', 'view', 1),
(281, 2, 'proyecto_materiales', 'edit', 1),
(282, 2, 'proyecto_materiales', 'delete', 1),
(283, 2, 'proyecto_materiales', 'list', 1),
(284, 3, 'proyecto_materiales', 'create', 0),
(285, 3, 'proyecto_materiales', 'view', 1),
(286, 3, 'proyecto_materiales', 'edit', 0),
(287, 3, 'proyecto_materiales', 'delete', 0),
(288, 3, 'proyecto_materiales', 'list', 1),
(289, 4, 'proyecto_materiales', 'create', 0),
(290, 4, 'proyecto_materiales', 'view', 0),
(291, 4, 'proyecto_materiales', 'edit', 0),
(292, 4, 'proyecto_materiales', 'delete', 0),
(293, 4, 'proyecto_materiales', 'list', 0),
(294, 1, 'proyecto_materiales_cotizacion', 'list', 1),
(295, 2, 'proyecto_materiales_cotizacion', 'list', 1),
(296, 3, 'proyecto_materiales_cotizacion', 'list', 0),
(297, 4, 'proyecto_materiales_cotizacion', 'list', 0),
(298, 1, 'proyecto_materiales_cotizacion', 'create', 1),
(299, 2, 'proyecto_materiales_cotizacion', 'create', 1),
(300, 3, 'proyecto_materiales_cotizacion', 'create', 0),
(301, 4, 'proyecto_materiales_cotizacion', 'create', 0),
(302, 1, 'proyecto_materiales_proveedores', 'edit', 1),
(303, 2, 'proyecto_materiales_proveedores', 'edit', 1),
(304, 3, 'proyecto_materiales_proveedores', 'edit', 0),
(305, 4, 'proyecto_materiales_proveedores', 'edit', 0),
(306, 1, 'proyecto_materiales_solicitud_compra', 'list', 1),
(307, 2, 'proyecto_materiales_solicitud_compra', 'list', 1),
(308, 3, 'proyecto_materiales_solicitud_compra', 'list', 1),
(309, 4, 'proyecto_materiales_solicitud_compra', 'list', 0),
(310, 1, 'proyecto_materiales_solicitud_compra', 'view', 1),
(311, 2, 'proyecto_materiales_solicitud_compra', 'view', 1),
(312, 3, 'proyecto_materiales_solicitud_compra', 'view', 1),
(313, 4, 'proyecto_materiales_solicitud_compra', 'view', 0),
(314, 1, 'proyecto_materiales_solicitud_compra', 'create', 1),
(315, 2, 'proyecto_materiales_solicitud_compra', 'create', 1),
(316, 3, 'proyecto_materiales_solicitud_compra', 'create', 1),
(317, 4, 'proyecto_materiales_solicitud_compra', 'create', 0),
(318, 1, 'proyecto_materiales_solicitud_compra', 'edit', 1),
(319, 2, 'proyecto_materiales_solicitud_compra', 'edit', 1),
(320, 3, 'proyecto_materiales_solicitud_compra', 'edit', 0),
(321, 4, 'proyecto_materiales_solicitud_compra', 'edit', 0),
(322, 1, 'proyecto_materiales_solicitud_compra', 'delete', 1),
(323, 2, 'proyecto_materiales_solicitud_compra', 'delete', 0),
(324, 3, 'proyecto_materiales_solicitud_compra', 'delete', 0),
(325, 4, 'proyecto_materiales_solicitud_compra', 'delete', 0),
(326, 1, 'proyecto_materiales_solicitud_compra_proforma', 'list', 1),
(327, 2, 'proyecto_materiales_solicitud_compra_proforma', 'list', 1),
(328, 3, 'proyecto_materiales_solicitud_compra_proforma', 'list', 0),
(329, 4, 'proyecto_materiales_solicitud_compra_proforma', 'list', 0),
(330, 1, 'proyecto_materiales_solicitud_compra_proforma', 'view', 1),
(331, 2, 'proyecto_materiales_solicitud_compra_proforma', 'view', 1),
(332, 3, 'proyecto_materiales_solicitud_compra_proforma', 'view', 0),
(333, 4, 'proyecto_materiales_solicitud_compra_proforma', 'view', 0),
(334, 1, 'proyecto_materiales_solicitud_compra_proforma', 'create', 1),
(335, 2, 'proyecto_materiales_solicitud_compra_proforma', 'create', 1),
(336, 3, 'proyecto_materiales_solicitud_compra_proforma', 'create', 0),
(337, 4, 'proyecto_materiales_solicitud_compra_proforma', 'create', 0),
(338, 1, 'proyecto_materiales_solicitud_compra_proforma', 'edit', 1),
(339, 2, 'proyecto_materiales_solicitud_compra_proforma', 'edit', 1),
(340, 3, 'proyecto_materiales_solicitud_compra_proforma', 'edit', 0),
(341, 4, 'proyecto_materiales_solicitud_compra_proforma', 'edit', 0),
(342, 1, 'proyecto_materiales_solicitud_compra_proforma', 'delete', 1),
(343, 2, 'proyecto_materiales_solicitud_compra_proforma', 'delete', 0),
(344, 3, 'proyecto_materiales_solicitud_compra_proforma', 'delete', 0),
(345, 4, 'proyecto_materiales_solicitud_compra_proforma', 'delete', 0),
(346, 1, 'proyecto_materiales_solicitud_compra_orden_compra', 'list', 1),
(347, 2, 'proyecto_materiales_solicitud_compra_orden_compra', 'list', 1),
(348, 3, 'proyecto_materiales_solicitud_compra_orden_compra', 'list', 0),
(349, 4, 'proyecto_materiales_solicitud_compra_orden_compra', 'list', 0),
(350, 1, 'proyecto_materiales_solicitud_compra_orden_compra', 'view', 1),
(351, 2, 'proyecto_materiales_solicitud_compra_orden_compra', 'view', 1),
(352, 3, 'proyecto_materiales_solicitud_compra_orden_compra', 'view', 0),
(353, 4, 'proyecto_materiales_solicitud_compra_orden_compra', 'view', 0),
(354, 1, 'proyecto_materiales_solicitud_compra_orden_compra', 'create', 1),
(355, 2, 'proyecto_materiales_solicitud_compra_orden_compra', 'create', 1),
(356, 3, 'proyecto_materiales_solicitud_compra_orden_compra', 'create', 0),
(357, 4, 'proyecto_materiales_solicitud_compra_orden_compra', 'create', 0),
(358, 1, 'proyecto_materiales_solicitud_compra_orden_compra', 'edit', 1),
(359, 2, 'proyecto_materiales_solicitud_compra_orden_compra', 'edit', 1),
(360, 3, 'proyecto_materiales_solicitud_compra_orden_compra', 'edit', 0),
(361, 4, 'proyecto_materiales_solicitud_compra_orden_compra', 'edit', 0),
(362, 1, 'proyecto_materiales_solicitud_compra_orden_compra', 'delete', 1),
(363, 2, 'proyecto_materiales_solicitud_compra_orden_compra', 'delete', 0),
(364, 3, 'proyecto_materiales_solicitud_compra_orden_compra', 'delete', 0),
(365, 4, 'proyecto_materiales_solicitud_compra_orden_compra', 'delete', 0);

--
-- Índices para tablas volcadas
--

--
-- Indices de la tabla `canton`
--
ALTER TABLE `canton`
  ADD PRIMARY KEY (`canton_id`);

--
-- Indices de la tabla `cliente`
--
ALTER TABLE `cliente`
  ADD PRIMARY KEY (`cliente_id`);

--
-- Indices de la tabla `cliente_calificacion`
--
ALTER TABLE `cliente_calificacion`
  ADD PRIMARY KEY (`cliente_calificacion_id`);

--
-- Indices de la tabla `cliente_correo`
--
ALTER TABLE `cliente_correo`
  ADD PRIMARY KEY (`cliente_correo_id`);

--
-- Indices de la tabla `cliente_telefono`
--
ALTER TABLE `cliente_telefono`
  ADD PRIMARY KEY (`cliente_telefono_id`);

--
-- Indices de la tabla `colaborador`
--
ALTER TABLE `colaborador`
  ADD PRIMARY KEY (`colaborador_id`);

--
-- Indices de la tabla `colaborador_costo_hora`
--
ALTER TABLE `colaborador_costo_hora`
  ADD PRIMARY KEY (`colaborador_costo_hora_id`);

--
-- Indices de la tabla `colaborador_puesto`
--
ALTER TABLE `colaborador_puesto`
  ADD PRIMARY KEY (`colaborador_puesto_id`);

--
-- Indices de la tabla `distrito`
--
ALTER TABLE `distrito`
  ADD PRIMARY KEY (`distrito_id`);

--
-- Indices de la tabla `impuesto`
--
ALTER TABLE `impuesto`
  ADD PRIMARY KEY (`impuesto_id`);

--
-- Indices de la tabla `material`
--
ALTER TABLE `material`
  ADD PRIMARY KEY (`material_id`);

--
-- Indices de la tabla `material_unidad`
--
ALTER TABLE `material_unidad`
  ADD PRIMARY KEY (`material_unidad_id`);

--
-- Indices de la tabla `moneda`
--
ALTER TABLE `moneda`
  ADD PRIMARY KEY (`moneda_id`);

--
-- Indices de la tabla `proveedor`
--
ALTER TABLE `proveedor`
  ADD PRIMARY KEY (`proveedor_id`);

--
-- Indices de la tabla `proveedor_correo`
--
ALTER TABLE `proveedor_correo`
  ADD PRIMARY KEY (`proveedor_correo_id`);

--
-- Indices de la tabla `proveedor_telefono`
--
ALTER TABLE `proveedor_telefono`
  ADD PRIMARY KEY (`proveedor_telefono_id`);

--
-- Indices de la tabla `provincia`
--
ALTER TABLE `provincia`
  ADD PRIMARY KEY (`provincia_id`);

--
-- Indices de la tabla `proyecto`
--
ALTER TABLE `proyecto`
  ADD PRIMARY KEY (`proyecto_id`);

--
-- Indices de la tabla `proyecto_colaborador`
--
ALTER TABLE `proyecto_colaborador`
  ADD PRIMARY KEY (`proyecto_colaborador_id`);

--
-- Indices de la tabla `proyecto_estado`
--
ALTER TABLE `proyecto_estado`
  ADD PRIMARY KEY (`proyecto_estado_id`);

--
-- Indices de la tabla `proyecto_gasto`
--
ALTER TABLE `proyecto_gasto`
  ADD PRIMARY KEY (`proyecto_gasto_id`);

--
-- Indices de la tabla `proyecto_gasto_detalle`
--
ALTER TABLE `proyecto_gasto_detalle`
  ADD PRIMARY KEY (`proyecto_gasto_detalle_id`);

--
-- Indices de la tabla `proyecto_gasto_estado`
--
ALTER TABLE `proyecto_gasto_estado`
  ADD PRIMARY KEY (`proyecto_gasto_estado_id`);

--
-- Indices de la tabla `proyecto_gasto_mano_obra`
--
ALTER TABLE `proyecto_gasto_mano_obra`
  ADD PRIMARY KEY (`proyecto_gasto_mano_obra_id`);

--
-- Indices de la tabla `proyecto_gasto_material`
--
ALTER TABLE `proyecto_gasto_material`
  ADD PRIMARY KEY (`proyecto_gasto_material_id`);

--
-- Indices de la tabla `proyecto_gasto_monto`
--
ALTER TABLE `proyecto_gasto_monto`
  ADD PRIMARY KEY (`proyecto_gasto_monto_id`);

--
-- Indices de la tabla `proyecto_gasto_tipo`
--
ALTER TABLE `proyecto_gasto_tipo`
  ADD PRIMARY KEY (`proyecto_gasto_tipo_id`);

--
-- Indices de la tabla `proyecto_material`
--
ALTER TABLE `proyecto_material`
  ADD PRIMARY KEY (`proyecto_material_id`);

--
-- Indices de la tabla `proyecto_material_detalle`
--
ALTER TABLE `proyecto_material_detalle`
  ADD PRIMARY KEY (`proyecto_material_detalle_id`);

--
-- Indices de la tabla `proyecto_material_estado`
--
ALTER TABLE `proyecto_material_estado`
  ADD PRIMARY KEY (`proyecto_material_estado_id`);

--
-- Indices de la tabla `proyecto_material_solicitud_compra`
--
ALTER TABLE `proyecto_material_solicitud_compra`
  ADD PRIMARY KEY (`proyecto_material_solicitud_compra_id`);

--
-- Indices de la tabla `proyecto_material_solicitud_compra_detalle`
--
ALTER TABLE `proyecto_material_solicitud_compra_detalle`
  ADD PRIMARY KEY (`proyecto_material_solicitud_compra_detalle_id`);

--
-- Indices de la tabla `proyecto_material_solicitud_compra_estado`
--
ALTER TABLE `proyecto_material_solicitud_compra_estado`
  ADD PRIMARY KEY (`proyecto_material_solicitud_compra_estado_id`);

--
-- Indices de la tabla `proyecto_material_solicitud_compra_orden_compra`
--
ALTER TABLE `proyecto_material_solicitud_compra_orden_compra`
  ADD PRIMARY KEY (`proyecto_material_solicitud_compra_orden_compra_id`);

--
-- Indices de la tabla `proyecto_material_solicitud_compra_orden_compra_estado`
--
ALTER TABLE `proyecto_material_solicitud_compra_orden_compra_estado`
  ADD PRIMARY KEY (`proyecto_material_solicitud_compra_orden_compra_estado_id`);

--
-- Indices de la tabla `proyecto_material_solicitud_compra_proforma`
--
ALTER TABLE `proyecto_material_solicitud_compra_proforma`
  ADD PRIMARY KEY (`proyecto_material_solicitud_compra_proforma_id`);

--
-- Indices de la tabla `proyecto_material_solicitud_compra_proforma_estado`
--
ALTER TABLE `proyecto_material_solicitud_compra_proforma_estado`
  ADD PRIMARY KEY (`proyecto_material_solicitud_compra_proforma_estado_id`);

--
-- Indices de la tabla `proyecto_material_solicitud_cotizacion`
--
ALTER TABLE `proyecto_material_solicitud_cotizacion`
  ADD PRIMARY KEY (`proyecto_material_solicitud_cotizacion_id`);

--
-- Indices de la tabla `proyecto_tipo_cambio`
--
ALTER TABLE `proyecto_tipo_cambio`
  ADD PRIMARY KEY (`proyecto_tipo_cambio_id`);

--
-- Indices de la tabla `proyecto_valor_oferta`
--
ALTER TABLE `proyecto_valor_oferta`
  ADD PRIMARY KEY (`proyecto_valor_oferta_id`);

--
-- Indices de la tabla `proyecto_valor_oferta_extension_detalle`
--
ALTER TABLE `proyecto_valor_oferta_extension_detalle`
  ADD PRIMARY KEY (`proyecto_valor_oferta_extension_detalle_id`);

--
-- Indices de la tabla `proyecto_valor_oferta_extension_tipo`
--
ALTER TABLE `proyecto_valor_oferta_extension_tipo`
  ADD PRIMARY KEY (`proyecto_valor_oferta_extension_tipo_id`);

--
-- Indices de la tabla `proyecto_valor_oferta_tipo`
--
ALTER TABLE `proyecto_valor_oferta_tipo`
  ADD PRIMARY KEY (`proyecto_valor_oferta_tipo_id`);

--
-- Indices de la tabla `usuario`
--
ALTER TABLE `usuario`
  ADD PRIMARY KEY (`usuario_id`);

--
-- Indices de la tabla `usuario_bitacora_cambios`
--
ALTER TABLE `usuario_bitacora_cambios`
  ADD PRIMARY KEY (`usuario_bitacora_cambio_id`);

--
-- Indices de la tabla `usuario_bitacora_ingreso`
--
ALTER TABLE `usuario_bitacora_ingreso`
  ADD PRIMARY KEY (`usuario_bitacora_id`);

--
-- Indices de la tabla `usuario_colaborador`
--
ALTER TABLE `usuario_colaborador`
  ADD PRIMARY KEY (`usuario_colaborador_id`);

--
-- Indices de la tabla `usuario_detalle`
--
ALTER TABLE `usuario_detalle`
  ADD PRIMARY KEY (`usuario_detalle_id`);

--
-- Indices de la tabla `usuario_estado`
--
ALTER TABLE `usuario_estado`
  ADD PRIMARY KEY (`estado_id`);

--
-- Indices de la tabla `usuario_rol`
--
ALTER TABLE `usuario_rol`
  ADD PRIMARY KEY (`rol_id`);

--
-- Indices de la tabla `usuario_rol_permiso`
--
ALTER TABLE `usuario_rol_permiso`
  ADD PRIMARY KEY (`usuario_rol_permiso_id`);

--
-- AUTO_INCREMENT de las tablas volcadas
--

--
-- AUTO_INCREMENT de la tabla `canton`
--
ALTER TABLE `canton`
  MODIFY `canton_id` int(11) NOT NULL AUTO_INCREMENT, AUTO_INCREMENT=83;
--
-- AUTO_INCREMENT de la tabla `cliente`
--
ALTER TABLE `cliente`
  MODIFY `cliente_id` int(11) NOT NULL AUTO_INCREMENT, AUTO_INCREMENT=17;
--
-- AUTO_INCREMENT de la tabla `cliente_calificacion`
--
ALTER TABLE `cliente_calificacion`
  MODIFY `cliente_calificacion_id` int(11) NOT NULL AUTO_INCREMENT;
--
-- AUTO_INCREMENT de la tabla `cliente_correo`
--
ALTER TABLE `cliente_correo`
  MODIFY `cliente_correo_id` int(11) NOT NULL AUTO_INCREMENT, AUTO_INCREMENT=35;
--
-- AUTO_INCREMENT de la tabla `cliente_telefono`
--
ALTER TABLE `cliente_telefono`
  MODIFY `cliente_telefono_id` int(11) NOT NULL AUTO_INCREMENT, AUTO_INCREMENT=37;
--
-- AUTO_INCREMENT de la tabla `colaborador`
--
ALTER TABLE `colaborador`
  MODIFY `colaborador_id` int(11) NOT NULL AUTO_INCREMENT, AUTO_INCREMENT=149;
--
-- AUTO_INCREMENT de la tabla `colaborador_costo_hora`
--
ALTER TABLE `colaborador_costo_hora`
  MODIFY `colaborador_costo_hora_id` int(11) NOT NULL AUTO_INCREMENT, AUTO_INCREMENT=159;
--
-- AUTO_INCREMENT de la tabla `colaborador_puesto`
--
ALTER TABLE `colaborador_puesto`
  MODIFY `colaborador_puesto_id` int(11) NOT NULL AUTO_INCREMENT, AUTO_INCREMENT=9;
--
-- AUTO_INCREMENT de la tabla `distrito`
--
ALTER TABLE `distrito`
  MODIFY `distrito_id` int(11) NOT NULL AUTO_INCREMENT, AUTO_INCREMENT=486;
--
-- AUTO_INCREMENT de la tabla `impuesto`
--
ALTER TABLE `impuesto`
  MODIFY `impuesto_id` int(11) NOT NULL AUTO_INCREMENT;
--
-- AUTO_INCREMENT de la tabla `material`
--
ALTER TABLE `material`
  MODIFY `material_id` int(11) NOT NULL AUTO_INCREMENT;
--
-- AUTO_INCREMENT de la tabla `material_unidad`
--
ALTER TABLE `material_unidad`
  MODIFY `material_unidad_id` int(11) NOT NULL AUTO_INCREMENT;
--
-- AUTO_INCREMENT de la tabla `moneda`
--
ALTER TABLE `moneda`
  MODIFY `moneda_id` int(11) NOT NULL AUTO_INCREMENT, AUTO_INCREMENT=3;
--
-- AUTO_INCREMENT de la tabla `proveedor`
--
ALTER TABLE `proveedor`
  MODIFY `proveedor_id` int(11) NOT NULL AUTO_INCREMENT, AUTO_INCREMENT=15;
--
-- AUTO_INCREMENT de la tabla `proveedor_correo`
--
ALTER TABLE `proveedor_correo`
  MODIFY `proveedor_correo_id` int(11) NOT NULL AUTO_INCREMENT, AUTO_INCREMENT=32;
--
-- AUTO_INCREMENT de la tabla `proveedor_telefono`
--
ALTER TABLE `proveedor_telefono`
  MODIFY `proveedor_telefono_id` int(11) NOT NULL AUTO_INCREMENT, AUTO_INCREMENT=38;
--
-- AUTO_INCREMENT de la tabla `provincia`
--
ALTER TABLE `provincia`
  MODIFY `provincia_id` int(11) NOT NULL AUTO_INCREMENT, AUTO_INCREMENT=8;
--
-- AUTO_INCREMENT de la tabla `proyecto`
--
ALTER TABLE `proyecto`
  MODIFY `proyecto_id` int(11) NOT NULL AUTO_INCREMENT, AUTO_INCREMENT=32;
--
-- AUTO_INCREMENT de la tabla `proyecto_colaborador`
--
ALTER TABLE `proyecto_colaborador`
  MODIFY `proyecto_colaborador_id` int(11) NOT NULL AUTO_INCREMENT, AUTO_INCREMENT=162;
--
-- AUTO_INCREMENT de la tabla `proyecto_estado`
--
ALTER TABLE `proyecto_estado`
  MODIFY `proyecto_estado_id` int(11) NOT NULL AUTO_INCREMENT, AUTO_INCREMENT=5;
--
-- AUTO_INCREMENT de la tabla `proyecto_gasto`
--
ALTER TABLE `proyecto_gasto`
  MODIFY `proyecto_gasto_id` int(11) NOT NULL AUTO_INCREMENT, AUTO_INCREMENT=325;
--
-- AUTO_INCREMENT de la tabla `proyecto_gasto_detalle`
--
ALTER TABLE `proyecto_gasto_detalle`
  MODIFY `proyecto_gasto_detalle_id` int(11) NOT NULL AUTO_INCREMENT, AUTO_INCREMENT=231;
--
-- AUTO_INCREMENT de la tabla `proyecto_gasto_estado`
--
ALTER TABLE `proyecto_gasto_estado`
  MODIFY `proyecto_gasto_estado_id` int(11) NOT NULL AUTO_INCREMENT, AUTO_INCREMENT=3;
--
-- AUTO_INCREMENT de la tabla `proyecto_gasto_mano_obra`
--
ALTER TABLE `proyecto_gasto_mano_obra`
  MODIFY `proyecto_gasto_mano_obra_id` int(11) NOT NULL AUTO_INCREMENT, AUTO_INCREMENT=968;
--
-- AUTO_INCREMENT de la tabla `proyecto_gasto_material`
--
ALTER TABLE `proyecto_gasto_material`
  MODIFY `proyecto_gasto_material_id` int(11) NOT NULL AUTO_INCREMENT;
--
-- AUTO_INCREMENT de la tabla `proyecto_gasto_monto`
--
ALTER TABLE `proyecto_gasto_monto`
  MODIFY `proyecto_gasto_monto_id` int(11) NOT NULL AUTO_INCREMENT, AUTO_INCREMENT=374;
--
-- AUTO_INCREMENT de la tabla `proyecto_gasto_tipo`
--
ALTER TABLE `proyecto_gasto_tipo`
  MODIFY `proyecto_gasto_tipo_id` int(11) NOT NULL AUTO_INCREMENT, AUTO_INCREMENT=5;
--
-- AUTO_INCREMENT de la tabla `proyecto_material`
--
ALTER TABLE `proyecto_material`
  MODIFY `proyecto_material_id` int(11) NOT NULL AUTO_INCREMENT;
--
-- AUTO_INCREMENT de la tabla `proyecto_material_detalle`
--
ALTER TABLE `proyecto_material_detalle`
  MODIFY `proyecto_material_detalle_id` int(11) NOT NULL AUTO_INCREMENT;
--
-- AUTO_INCREMENT de la tabla `proyecto_material_estado`
--
ALTER TABLE `proyecto_material_estado`
  MODIFY `proyecto_material_estado_id` int(11) NOT NULL AUTO_INCREMENT, AUTO_INCREMENT=5;
--
-- AUTO_INCREMENT de la tabla `proyecto_material_solicitud_compra`
--
ALTER TABLE `proyecto_material_solicitud_compra`
  MODIFY `proyecto_material_solicitud_compra_id` int(11) NOT NULL AUTO_INCREMENT;
--
-- AUTO_INCREMENT de la tabla `proyecto_material_solicitud_compra_detalle`
--
ALTER TABLE `proyecto_material_solicitud_compra_detalle`
  MODIFY `proyecto_material_solicitud_compra_detalle_id` int(11) NOT NULL AUTO_INCREMENT;
--
-- AUTO_INCREMENT de la tabla `proyecto_material_solicitud_compra_estado`
--
ALTER TABLE `proyecto_material_solicitud_compra_estado`
  MODIFY `proyecto_material_solicitud_compra_estado_id` int(11) NOT NULL AUTO_INCREMENT, AUTO_INCREMENT=5;
--
-- AUTO_INCREMENT de la tabla `proyecto_material_solicitud_compra_orden_compra`
--
ALTER TABLE `proyecto_material_solicitud_compra_orden_compra`
  MODIFY `proyecto_material_solicitud_compra_orden_compra_id` int(11) NOT NULL AUTO_INCREMENT;
--
-- AUTO_INCREMENT de la tabla `proyecto_material_solicitud_compra_orden_compra_estado`
--
ALTER TABLE `proyecto_material_solicitud_compra_orden_compra_estado`
  MODIFY `proyecto_material_solicitud_compra_orden_compra_estado_id` int(11) NOT NULL AUTO_INCREMENT, AUTO_INCREMENT=5;
--
-- AUTO_INCREMENT de la tabla `proyecto_material_solicitud_compra_proforma`
--
ALTER TABLE `proyecto_material_solicitud_compra_proforma`
  MODIFY `proyecto_material_solicitud_compra_proforma_id` int(11) NOT NULL AUTO_INCREMENT;
--
-- AUTO_INCREMENT de la tabla `proyecto_material_solicitud_compra_proforma_estado`
--
ALTER TABLE `proyecto_material_solicitud_compra_proforma_estado`
  MODIFY `proyecto_material_solicitud_compra_proforma_estado_id` int(11) NOT NULL AUTO_INCREMENT, AUTO_INCREMENT=5;
--
-- AUTO_INCREMENT de la tabla `proyecto_material_solicitud_cotizacion`
--
ALTER TABLE `proyecto_material_solicitud_cotizacion`
  MODIFY `proyecto_material_solicitud_cotizacion_id` int(11) NOT NULL AUTO_INCREMENT;
--
-- AUTO_INCREMENT de la tabla `proyecto_tipo_cambio`
--
ALTER TABLE `proyecto_tipo_cambio`
  MODIFY `proyecto_tipo_cambio_id` int(11) NOT NULL AUTO_INCREMENT, AUTO_INCREMENT=32;
--
-- AUTO_INCREMENT de la tabla `proyecto_valor_oferta`
--
ALTER TABLE `proyecto_valor_oferta`
  MODIFY `proyecto_valor_oferta_id` int(11) NOT NULL AUTO_INCREMENT, AUTO_INCREMENT=182;
--
-- AUTO_INCREMENT de la tabla `proyecto_valor_oferta_extension_detalle`
--
ALTER TABLE `proyecto_valor_oferta_extension_detalle`
  MODIFY `proyecto_valor_oferta_extension_detalle_id` int(11) NOT NULL AUTO_INCREMENT, AUTO_INCREMENT=2;
--
-- AUTO_INCREMENT de la tabla `proyecto_valor_oferta_extension_tipo`
--
ALTER TABLE `proyecto_valor_oferta_extension_tipo`
  MODIFY `proyecto_valor_oferta_extension_tipo_id` int(11) NOT NULL AUTO_INCREMENT, AUTO_INCREMENT=4;
--
-- AUTO_INCREMENT de la tabla `proyecto_valor_oferta_tipo`
--
ALTER TABLE `proyecto_valor_oferta_tipo`
  MODIFY `proyecto_valor_oferta_tipo_id` int(11) NOT NULL AUTO_INCREMENT, AUTO_INCREMENT=7;
--
-- AUTO_INCREMENT de la tabla `usuario`
--
ALTER TABLE `usuario`
  MODIFY `usuario_id` int(11) NOT NULL AUTO_INCREMENT, AUTO_INCREMENT=26;
--
-- AUTO_INCREMENT de la tabla `usuario_bitacora_cambios`
--
ALTER TABLE `usuario_bitacora_cambios`
  MODIFY `usuario_bitacora_cambio_id` int(11) NOT NULL AUTO_INCREMENT, AUTO_INCREMENT=160;
--
-- AUTO_INCREMENT de la tabla `usuario_bitacora_ingreso`
--
ALTER TABLE `usuario_bitacora_ingreso`
  MODIFY `usuario_bitacora_id` int(11) NOT NULL AUTO_INCREMENT, AUTO_INCREMENT=256;
--
-- AUTO_INCREMENT de la tabla `usuario_colaborador`
--
ALTER TABLE `usuario_colaborador`
  MODIFY `usuario_colaborador_id` int(11) NOT NULL AUTO_INCREMENT, AUTO_INCREMENT=19;
--
-- AUTO_INCREMENT de la tabla `usuario_detalle`
--
ALTER TABLE `usuario_detalle`
  MODIFY `usuario_detalle_id` int(11) NOT NULL AUTO_INCREMENT, AUTO_INCREMENT=26;
--
-- AUTO_INCREMENT de la tabla `usuario_estado`
--
ALTER TABLE `usuario_estado`
  MODIFY `estado_id` int(11) NOT NULL AUTO_INCREMENT, AUTO_INCREMENT=3;
--
-- AUTO_INCREMENT de la tabla `usuario_rol`
--
ALTER TABLE `usuario_rol`
  MODIFY `rol_id` int(11) NOT NULL AUTO_INCREMENT, AUTO_INCREMENT=5;
--
-- AUTO_INCREMENT de la tabla `usuario_rol_permiso`
--
ALTER TABLE `usuario_rol_permiso`
  MODIFY `usuario_rol_permiso_id` int(11) NOT NULL AUTO_INCREMENT, AUTO_INCREMENT=366;
/*!40101 SET CHARACTER_SET_CLIENT=@OLD_CHARACTER_SET_CLIENT */;
/*!40101 SET CHARACTER_SET_RESULTS=@OLD_CHARACTER_SET_RESULTS */;
/*!40101 SET COLLATION_CONNECTION=@OLD_COLLATION_CONNECTION */;
